user_id,signup_date,signup_timestamp,channel,device_os,app_version,ab_test_group,country
usr_000001,2026-07-31,2026-07-31 03:07:31,Meta Ads (Instagram),Android,v2.5.3,Variant_B,United States
usr_000002,2026-08-08,2026-08-08 05:15:30,Meta Ads (Instagram),Android,v2.5.1,Variant_B,United States
usr_000003,2026-08-13,2026-08-13 13:23:09,Meta Ads (Instagram),iOS,v2.5.3,Variant_B,United States
usr_000004,2026-08-04,2026-08-04 03:54:41,Paid Search (Google),Android,v2.5.1,Control_A,United Kingdom
usr_000005,2026-08-13,2026-08-13 00:32:48,Organic Search,Android,v2.5.1,Control_A,United States
usr_000006,2026-08-10,2026-08-10 15:06:14,Organic Search,Android,v2.5.2,Control_A,United States
usr_000007,2026-07-25,2026-07-25 12:03:25,Organic Search,iOS,v2.5.1,Control_A,India
usr_000008,2026-06-25,2026-06-25 01:43:04,Paid Search (Google),Android,v2.5.3,Control_A,United Kingdom
usr_000009,2026-07-15,2026-07-15 00:49:00,Meta Ads (Instagram),Android,v2.5.2,Control_A,Germany
usr_000010,2026-08-23,2026-08-23 11:22:36,Meta Ads (Instagram),Android,v2.5.1,Control_A,Canada
usr_000011,2026-07-18,2026-07-18 09:17:54,Paid Search (Google),iOS,v2.5.1,Variant_B,Germany
usr_000012,2026-06-30,2026-06-30 17:09:06,Paid Search (Google),Android,v2.5.3,Control_A,United States
usr_000013,2026-06-20,2026-06-20 14:30:59,Organic Search,iOS,v2.5.3,Control_A,United Kingdom
usr_000014,2026-08-29,2026-08-29 15:01:20,Influencer Campaign,Android,v2.5.1,Control_A,United States
usr_000015,2026-06-20,2026-06-20 14:25:05,Influencer Campaign,Android,v2.5.1,Control_A,India
usr_000016,2026-08-07,2026-08-07 19:00:02,Referral,iOS,v2.5.1,Variant_B,Germany
usr_000017,2026-06-26,2026-06-26 13:38:37,Meta Ads (Instagram),Android,v2.5.1,Control_A,India
usr_000018,2026-08-24,2026-08-24 23:46:08,Referral,Android,v2.5.1,Variant_B,United Kingdom
usr_000019,2026-08-04,2026-08-04 02:35:23,Referral,Android,v2.5.2,Variant_B,United Kingdom
usr_000020,2026-07-19,2026-07-19 22:48:07,Meta Ads (Instagram),Android,v2.5.1,Variant_B,Canada
usr_000021,2026-07-07,2026-07-07 14:24:07,Referral,Web,v3.1.0-web,Variant_B,United States
usr_000022,2026-07-01,2026-07-01 13:36:56,Referral,iOS,v2.5.1,Control_A,United Kingdom
usr_000023,2026-08-12,2026-08-12 05:53:39,Meta Ads (Instagram),Android,v2.5.1,Variant_B,Canada
usr_000024,2026-06-08,2026-06-08 10:48:52,Organic Search,Web,v3.1.0-web,Variant_B,United Kingdom
usr_000025,2026-08-20,2026-08-20 23:09:35,Meta Ads (Instagram),iOS,v2.5.2,Variant_B,United States
usr_000026,2026-08-12,2026-08-12 08:31:43,Meta Ads (Instagram),iOS,v2.5.3,Variant_B,United States
usr_000027,2026-08-24,2026-08-24 01:03:12,Meta Ads (Instagram),Android,v2.5.1,Control_A,Germany
usr_000028,2026-07-13,2026-07-13 08:27:45,Organic Search,Web,v3.1.0-web,Control_A,Germany
usr_000029,2026-06-29,2026-06-29 04:56:35,Organic Search,Android,v2.5.3,Control_A,United Kingdom
usr_000030,2026-08-19,2026-08-19 07:55:52,Referral,Android,v2.5.1,Variant_B,United States
usr_000031,2026-08-20,2026-08-20 09:40:39,Influencer Campaign,Android,v2.5.3,Variant_B,United States
usr_000032,2026-07-01,2026-07-01 15:02:41,Paid Search (Google),Android,v2.5.2,Control_A,Canada
usr_000033,2026-07-28,2026-07-28 14:19:39,Meta Ads (Instagram),Android,v2.5.3,Control_A,Germany
usr_000034,2026-07-02,2026-07-02 00:34:21,Meta Ads (Instagram),Android,v2.5.2,Control_A,Germany
usr_000035,2026-06-17,2026-06-17 15:11:38,Organic Search,iOS,v2.5.2,Variant_B,United Kingdom
usr_000036,2026-07-09,2026-07-09 04:47:33,Paid Search (Google),iOS,v2.5.2,Variant_B,Germany
usr_000037,2026-08-02,2026-08-02 05:18:32,Referral,iOS,v2.5.1,Variant_B,Canada
usr_000038,2026-07-11,2026-07-11 23:30:51,Meta Ads (Instagram),Android,v2.5.2,Control_A,United Kingdom
usr_000039,2026-07-07,2026-07-07 00:57:27,Meta Ads (Instagram),iOS,v2.5.3,Control_A,United States
usr_000040,2026-06-17,2026-06-17 19:27:54,Influencer Campaign,iOS,v2.5.1,Variant_B,Germany
usr_000041,2026-07-28,2026-07-28 15:50:30,Meta Ads (Instagram),Android,v2.5.1,Variant_B,Canada
usr_000042,2026-08-22,2026-08-22 13:09:22,Meta Ads (Instagram),Android,v2.5.1,Control_A,Canada
usr_000043,2026-06-02,2026-06-02 05:54:49,Referral,Android,v2.5.2,Control_A,Canada
usr_000044,2026-06-26,2026-06-26 13:03:00,Organic Search,Android,v2.5.2,Variant_B,United Kingdom
usr_000045,2026-08-04,2026-08-04 21:40:53,Paid Search (Google),Android,v2.5.3,Variant_B,Germany
usr_000046,2026-08-24,2026-08-24 19:39:05,Organic Search,Web,v3.1.0-web,Variant_B,United States
usr_000047,2026-08-04,2026-08-04 23:48:48,Paid Search (Google),Web,v3.1.0-web,Control_A,India
usr_000048,2026-08-13,2026-08-13 08:34:55,Referral,Android,v2.5.3,Control_A,Germany
usr_000049,2026-07-06,2026-07-06 02:58:07,Referral,iOS,v2.5.3,Control_A,United Kingdom
usr_000050,2026-07-30,2026-07-30 07:07:11,Organic Search,Android,v2.5.1,Control_A,India
usr_000051,2026-07-21,2026-07-21 23:42:16,Influencer Campaign,iOS,v2.5.2,Variant_B,United States
usr_000052,2026-06-26,2026-06-26 21:55:52,Influencer Campaign,Android,v2.5.1,Control_A,Germany
usr_000053,2026-08-18,2026-08-18 01:49:27,Referral,iOS,v2.5.3,Control_A,Germany
usr_000054,2026-06-13,2026-06-13 14:36:27,Organic Search,Android,v2.5.3,Control_A,India
usr_000055,2026-06-13,2026-06-13 02:06:29,Paid Search (Google),Android,v2.5.2,Variant_B,United States
usr_000056,2026-07-27,2026-07-27 18:21:48,Influencer Campaign,Android,v2.5.1,Control_A,United Kingdom
usr_000057,2026-07-20,2026-07-20 02:08:55,Paid Search (Google),iOS,v2.5.2,Control_A,Germany
usr_000058,2026-07-09,2026-07-09 19:06:28,Meta Ads (Instagram),iOS,v2.5.3,Control_A,India
usr_000059,2026-08-04,2026-08-04 09:32:28,Influencer Campaign,Android,v2.5.2,Control_A,United Kingdom
usr_000060,2026-07-18,2026-07-18 07:39:16,Meta Ads (Instagram),iOS,v2.5.1,Control_A,United States
usr_000061,2026-06-21,2026-06-21 05:43:21,Referral,Android,v2.5.2,Control_A,Germany
usr_000062,2026-06-04,2026-06-04 03:34:40,Referral,iOS,v2.5.1,Variant_B,Germany
usr_000063,2026-08-18,2026-08-18 01:07:59,Meta Ads (Instagram),Android,v2.5.1,Control_A,United States
usr_000064,2026-06-23,2026-06-23 03:38:37,Paid Search (Google),Android,v2.5.2,Variant_B,Germany
usr_000065,2026-07-22,2026-07-22 08:29:30,Meta Ads (Instagram),Web,v3.1.0-web,Control_A,United Kingdom
usr_000066,2026-06-10,2026-06-10 21:51:27,Referral,Android,v2.5.2,Variant_B,United States
usr_000067,2026-06-05,2026-06-05 01:14:55,Organic Search,Android,v2.5.3,Variant_B,United States
usr_000068,2026-08-19,2026-08-19 05:24:43,Paid Search (Google),Android,v2.5.1,Variant_B,United Kingdom
usr_000069,2026-06-19,2026-06-19 09:21:02,Meta Ads (Instagram),iOS,v2.5.3,Control_A,India
usr_000070,2026-06-21,2026-06-21 16:26:55,Meta Ads (Instagram),Android,v2.5.1,Control_A,United Kingdom
usr_000071,2026-07-14,2026-07-14 23:57:15,Organic Search,iOS,v2.5.3,Control_A,United States
usr_000072,2026-06-16,2026-06-16 09:24:41,Meta Ads (Instagram),iOS,v2.5.3,Control_A,United States
usr_000073,2026-08-13,2026-08-13 00:52:32,Meta Ads (Instagram),iOS,v2.5.3,Variant_B,United States
usr_000074,2026-08-06,2026-08-06 23:10:22,Paid Search (Google),Android,v2.5.3,Variant_B,United States
usr_000075,2026-07-17,2026-07-17 22:44:44,Meta Ads (Instagram),Android,v2.5.2,Variant_B,Canada
usr_000076,2026-08-25,2026-08-25 12:22:37,Meta Ads (Instagram),iOS,v2.5.3,Control_A,United States
usr_000077,2026-07-24,2026-07-24 22:45:22,Paid Search (Google),Android,v2.5.2,Control_A,United States
usr_000078,2026-08-21,2026-08-21 19:54:57,Influencer Campaign,iOS,v2.5.3,Control_A,United Kingdom
usr_000079,2026-07-09,2026-07-09 01:48:45,Referral,iOS,v2.5.3,Variant_B,United States
usr_000080,2026-08-13,2026-08-13 02:47:32,Paid Search (Google),Android,v2.5.2,Control_A,Canada
usr_000081,2026-06-23,2026-06-23 03:24:39,Meta Ads (Instagram),Android,v2.5.1,Variant_B,Canada
usr_000082,2026-08-05,2026-08-05 23:32:42,Referral,Web,v3.1.0-web,Control_A,United Kingdom
usr_000083,2026-07-03,2026-07-03 05:50:01,Meta Ads (Instagram),Android,v2.5.3,Control_A,Canada
usr_000084,2026-08-28,2026-08-28 07:21:18,Referral,iOS,v2.5.3,Variant_B,United Kingdom
usr_000085,2026-06-10,2026-06-10 00:46:45,Organic Search,iOS,v2.5.1,Variant_B,India
usr_000086,2026-08-10,2026-08-10 12:06:18,Referral,Android,v2.5.1,Variant_B,India
usr_000087,2026-06-25,2026-06-25 16:09:43,Organic Search,iOS,v2.5.3,Control_A,Canada
usr_000088,2026-07-02,2026-07-02 10:50:28,Organic Search,iOS,v2.5.1,Variant_B,United States
usr_000089,2026-08-01,2026-08-01 14:30:05,Referral,Android,v2.5.1,Variant_B,United Kingdom
usr_000090,2026-07-15,2026-07-15 16:26:59,Meta Ads (Instagram),Android,v2.5.1,Variant_B,India
usr_000091,2026-07-08,2026-07-08 09:22:09,Meta Ads (Instagram),iOS,v2.5.1,Variant_B,United Kingdom
usr_000092,2026-07-05,2026-07-05 07:50:21,Meta Ads (Instagram),Android,v2.5.1,Control_A,United States
usr_000093,2026-08-03,2026-08-03 04:50:59,Paid Search (Google),iOS,v2.5.1,Control_A,United Kingdom
usr_000094,2026-06-23,2026-06-23 08:08:39,Meta Ads (Instagram),Android,v2.5.2,Variant_B,United Kingdom
usr_000095,2026-08-08,2026-08-08 12:31:54,Meta Ads (Instagram),Web,v3.1.0-web,Variant_B,Germany
usr_000096,2026-07-30,2026-07-30 16:08:36,Paid Search (Google),iOS,v2.5.3,Control_A,Canada
usr_000097,2026-07-08,2026-07-08 10:25:51,Organic Search,Android,v2.5.3,Control_A,Canada
usr_000098,2026-07-15,2026-07-15 08:43:08,Organic Search,Web,v3.1.0-web,Control_A,Canada
usr_000099,2026-07-13,2026-07-13 19:33:47,Meta Ads (Instagram),iOS,v2.5.2,Variant_B,United States
usr_000100,2026-07-07,2026-07-07 01:50:51,Paid Search (Google),Android,v2.5.2,Variant_B,Canada
usr_000101,2026-06-01,2026-06-01 09:35:04,Paid Search (Google),iOS,v2.5.3,Control_A,United Kingdom
usr_000102,2026-06-27,2026-06-27 01:30:54,Meta Ads (Instagram),Android,v2.5.3,Control_A,United States
usr_000103,2026-07-21,2026-07-21 19:16:35,Meta Ads (Instagram),Android,v2.5.2,Variant_B,Canada
usr_000104,2026-06-28,2026-06-28 22:54:08,Meta Ads (Instagram),iOS,v2.5.1,Variant_B,Germany
usr_000105,2026-06-03,2026-06-03 09:21:53,Meta Ads (Instagram),iOS,v2.5.2,Control_A,Canada
usr_000106,2026-07-18,2026-07-18 12:50:29,Meta Ads (Instagram),Android,v2.5.1,Variant_B,Canada
usr_000107,2026-07-04,2026-07-04 10:20:27,Paid Search (Google),iOS,v2.5.3,Control_A,India
usr_000108,2026-07-22,2026-07-22 03:52:55,Organic Search,Android,v2.5.2,Variant_B,Germany
usr_000109,2026-08-06,2026-08-06 16:46:22,Meta Ads (Instagram),Android,v2.5.2,Control_A,United States
usr_000110,2026-08-25,2026-08-25 19:52:37,Meta Ads (Instagram),Android,v2.5.3,Variant_B,United Kingdom
usr_000111,2026-07-15,2026-07-15 13:57:33,Meta Ads (Instagram),iOS,v2.5.2,Variant_B,Germany
usr_000112,2026-08-10,2026-08-10 14:44:29,Influencer Campaign,Android,v2.5.2,Control_A,India
usr_000113,2026-08-27,2026-08-27 23:13:19,Meta Ads (Instagram),Android,v2.5.2,Variant_B,Canada
usr_000114,2026-07-09,2026-07-09 22:08:40,Meta Ads (Instagram),Android,v2.5.3,Control_A,India
usr_000115,2026-08-23,2026-08-23 04:40:13,Organic Search,Android,v2.5.1,Variant_B,United Kingdom
usr_000116,2026-07-08,2026-07-08 11:51:35,Meta Ads (Instagram),iOS,v2.5.3,Variant_B,Canada
usr_000117,2026-06-23,2026-06-23 04:32:39,Referral,Android,v2.5.3,Control_A,Germany
usr_000118,2026-08-08,2026-08-08 02:31:44,Organic Search,Web,v3.1.0-web,Control_A,United Kingdom
usr_000119,2026-06-19,2026-06-19 15:44:11,Referral,Android,v2.5.2,Variant_B,India
usr_000120,2026-07-13,2026-07-13 19:50:43,Paid Search (Google),iOS,v2.5.1,Control_A,Canada
usr_000121,2026-08-17,2026-08-17 15:16:16,Paid Search (Google),Android,v2.5.2,Variant_B,India
usr_000122,2026-07-22,2026-07-22 23:40:50,Influencer Campaign,iOS,v2.5.3,Control_A,India
usr_000123,2026-06-12,2026-06-12 14:25:58,Meta Ads (Instagram),iOS,v2.5.3,Variant_B,United States
usr_000124,2026-06-28,2026-06-28 03:14:18,Meta Ads (Instagram),iOS,v2.5.3,Control_A,United Kingdom
usr_000125,2026-06-17,2026-06-17 22:02:25,Paid Search (Google),Android,v2.5.3,Variant_B,Germany
usr_000126,2026-07-20,2026-07-20 14:52:20,Influencer Campaign,Android,v2.5.2,Control_A,Canada
usr_000127,2026-06-19,2026-06-19 21:27:24,Organic Search,Web,v3.1.0-web,Control_A,India
usr_000128,2026-07-04,2026-07-04 03:16:40,Meta Ads (Instagram),iOS,v2.5.3,Control_A,United Kingdom
usr_000129,2026-07-15,2026-07-15 04:41:02,Meta Ads (Instagram),Android,v2.5.2,Control_A,United States
usr_000130,2026-08-28,2026-08-28 05:58:11,Meta Ads (Instagram),iOS,v2.5.1,Variant_B,Canada
usr_000131,2026-06-17,2026-06-17 23:46:19,Meta Ads (Instagram),Android,v2.5.1,Variant_B,Canada
usr_000132,2026-07-15,2026-07-15 03:23:46,Meta Ads (Instagram),Android,v2.5.2,Variant_B,India
usr_000133,2026-07-05,2026-07-05 14:06:44,Meta Ads (Instagram),Android,v2.5.2,Control_A,Germany
usr_000134,2026-07-04,2026-07-04 04:59:31,Paid Search (Google),Android,v2.5.1,Variant_B,United States
usr_000135,2026-08-12,2026-08-12 04:07:28,Referral,Android,v2.5.2,Variant_B,Germany
usr_000136,2026-08-05,2026-08-05 04:13:43,Referral,iOS,v2.5.2,Variant_B,India
usr_000137,2026-08-01,2026-08-01 10:58:25,Referral,Android,v2.5.1,Variant_B,Canada
usr_000138,2026-08-04,2026-08-04 23:42:05,Organic Search,Android,v2.5.1,Variant_B,United Kingdom
usr_000139,2026-06-21,2026-06-21 21:45:57,Meta Ads (Instagram),Android,v2.5.2,Variant_B,Germany
usr_000140,2026-08-06,2026-08-06 15:22:27,Meta Ads (Instagram),iOS,v2.5.1,Control_A,India
usr_000141,2026-06-13,2026-06-13 09:20:04,Meta Ads (Instagram),Web,v3.1.0-web,Control_A,Canada
usr_000142,2026-08-28,2026-08-28 05:38:29,Referral,iOS,v2.5.1,Control_A,United States
usr_000143,2026-08-26,2026-08-26 12:43:08,Influencer Campaign,Web,v3.1.0-web,Control_A,India
usr_000144,2026-07-17,2026-07-17 04:23:15,Referral,Android,v2.5.1,Control_A,United States
usr_000145,2026-08-29,2026-08-29 04:05:09,Organic Search,iOS,v2.5.2,Variant_B,United States
usr_000146,2026-06-19,2026-06-19 03:18:50,Meta Ads (Instagram),Android,v2.5.2,Variant_B,Canada
usr_000147,2026-07-14,2026-07-14 15:05:12,Paid Search (Google),Android,v2.5.3,Variant_B,Germany
usr_000148,2026-08-28,2026-08-28 10:08:04,Paid Search (Google),Android,v2.5.3,Variant_B,United States
usr_000149,2026-06-01,2026-06-01 00:15:45,Meta Ads (Instagram),iOS,v2.5.3,Variant_B,Germany
usr_000150,2026-08-24,2026-08-24 16:07:15,Referral,iOS,v2.5.2,Variant_B,Canada
usr_000151,2026-06-01,2026-06-01 18:47:48,Meta Ads (Instagram),Web,v3.1.0-web,Variant_B,United Kingdom
usr_000152,2026-06-12,2026-06-12 21:08:34,Meta Ads (Instagram),Android,v2.5.2,Control_A,India
usr_000153,2026-08-26,2026-08-26 08:43:29,Paid Search (Google),Android,v2.5.2,Control_A,Germany
usr_000154,2026-06-02,2026-06-02 16:43:33,Meta Ads (Instagram),iOS,v2.5.3,Control_A,Canada
usr_000155,2026-08-12,2026-08-12 05:12:40,Meta Ads (Instagram),iOS,v2.5.2,Control_A,Germany
usr_000156,2026-07-29,2026-07-29 08:47:38,Organic Search,Android,v2.5.2,Variant_B,India
usr_000157,2026-08-18,2026-08-18 04:28:26,Meta Ads (Instagram),Android,v2.5.2,Variant_B,India
usr_000158,2026-08-16,2026-08-16 13:37:36,Organic Search,iOS,v2.5.1,Variant_B,Germany
usr_000159,2026-06-14,2026-06-14 06:04:54,Referral,Android,v2.5.2,Variant_B,Germany
usr_000160,2026-06-10,2026-06-10 08:02:34,Meta Ads (Instagram),Android,v2.5.1,Control_A,India
usr_000161,2026-06-29,2026-06-29 08:04:44,Meta Ads (Instagram),Android,v2.5.2,Variant_B,Germany
usr_000162,2026-07-02,2026-07-02 00:44:05,Paid Search (Google),Web,v3.1.0-web,Control_A,India
usr_000163,2026-07-26,2026-07-26 03:58:16,Paid Search (Google),Android,v2.5.1,Control_A,India
usr_000164,2026-07-25,2026-07-25 05:16:33,Meta Ads (Instagram),Android,v2.5.2,Control_A,Germany
usr_000165,2026-06-28,2026-06-28 18:25:02,Organic Search,Android,v2.5.1,Control_A,United States
usr_000166,2026-08-23,2026-08-23 05:00:58,Meta Ads (Instagram),Android,v2.5.2,Variant_B,United States
usr_000167,2026-06-11,2026-06-11 00:56:16,Referral,Android,v2.5.3,Variant_B,India
usr_000168,2026-07-10,2026-07-10 07:05:45,Meta Ads (Instagram),iOS,v2.5.2,Variant_B,United Kingdom
usr_000169,2026-08-28,2026-08-28 13:20:37,Meta Ads (Instagram),Android,v2.5.1,Control_A,India
usr_000170,2026-07-01,2026-07-01 15:08:00,Influencer Campaign,iOS,v2.5.1,Control_A,United Kingdom
usr_000171,2026-08-29,2026-08-29 00:55:10,Meta Ads (Instagram),Android,v2.5.1,Variant_B,Germany
usr_000172,2026-08-23,2026-08-23 04:00:18,Paid Search (Google),Android,v2.5.3,Variant_B,United States
usr_000173,2026-08-16,2026-08-16 11:55:46,Meta Ads (Instagram),iOS,v2.5.3,Variant_B,United States
usr_000174,2026-06-19,2026-06-19 10:21:34,Organic Search,iOS,v2.5.1,Control_A,Canada
usr_000175,2026-07-23,2026-07-23 19:25:13,Organic Search,Android,v2.5.1,Control_A,United States
usr_000176,2026-06-24,2026-06-24 00:08:43,Meta Ads (Instagram),Android,v2.5.2,Control_A,Germany
usr_000177,2026-07-14,2026-07-14 05:48:21,Meta Ads (Instagram),iOS,v2.5.1,Variant_B,India
usr_000178,2026-07-22,2026-07-22 08:29:13,Meta Ads (Instagram),Android,v2.5.3,Control_A,Germany
usr_000179,2026-08-06,2026-08-06 15:52:35,Paid Search (Google),Android,v2.5.2,Variant_B,United Kingdom
usr_000180,2026-08-20,2026-08-20 11:10:02,Meta Ads (Instagram),Android,v2.5.3,Variant_B,India
usr_000181,2026-08-14,2026-08-14 05:35:50,Meta Ads (Instagram),iOS,v2.5.3,Variant_B,Canada
usr_000182,2026-07-26,2026-07-26 01:59:08,Influencer Campaign,Android,v2.5.2,Variant_B,Canada
usr_000183,2026-06-06,2026-06-06 21:39:43,Referral,iOS,v2.5.1,Control_A,India
usr_000184,2026-06-15,2026-06-15 12:06:04,Paid Search (Google),Android,v2.5.3,Variant_B,Germany
usr_000185,2026-06-22,2026-06-22 21:29:02,Organic Search,iOS,v2.5.1,Variant_B,Canada
usr_000186,2026-07-20,2026-07-20 18:32:04,Paid Search (Google),iOS,v2.5.3,Variant_B,Germany
usr_000187,2026-07-26,2026-07-26 02:19:04,Referral,Web,v3.1.0-web,Variant_B,Germany
usr_000188,2026-06-13,2026-06-13 16:33:41,Organic Search,Android,v2.5.3,Control_A,India
usr_000189,2026-08-02,2026-08-02 02:01:16,Organic Search,Android,v2.5.1,Variant_B,United Kingdom
usr_000190,2026-07-09,2026-07-09 18:04:58,Paid Search (Google),Android,v2.5.2,Control_A,United States
usr_000191,2026-08-16,2026-08-16 14:09:05,Paid Search (Google),iOS,v2.5.3,Variant_B,Canada
usr_000192,2026-06-26,2026-06-26 23:48:21,Paid Search (Google),Web,v3.1.0-web,Control_A,Germany
usr_000193,2026-08-03,2026-08-03 18:37:49,Organic Search,Android,v2.5.1,Control_A,United Kingdom
usr_000194,2026-08-07,2026-08-07 18:09:13,Meta Ads (Instagram),Android,v2.5.2,Control_A,United States
usr_000195,2026-07-18,2026-07-18 02:36:35,Paid Search (Google),iOS,v2.5.1,Variant_B,Canada
usr_000196,2026-08-19,2026-08-19 16:04:12,Meta Ads (Instagram),iOS,v2.5.2,Variant_B,Canada
usr_000197,2026-08-04,2026-08-04 06:09:22,Influencer Campaign,iOS,v2.5.1,Variant_B,United States
usr_000198,2026-07-24,2026-07-24 09:58:50,Paid Search (Google),Android,v2.5.2,Control_A,India
usr_000199,2026-07-02,2026-07-02 02:17:06,Organic Search,iOS,v2.5.2,Control_A,Canada
usr_000200,2026-07-12,2026-07-12 13:36:28,Organic Search,iOS,v2.5.2,Variant_B,Germany
usr_000201,2026-08-27,2026-08-27 03:09:49,Paid Search (Google),iOS,v2.5.2,Control_A,United Kingdom
usr_000202,2026-08-13,2026-08-13 01:16:00,Organic Search,iOS,v2.5.2,Control_A,United Kingdom
usr_000203,2026-07-15,2026-07-15 14:29:16,Referral,iOS,v2.5.1,Variant_B,India
usr_000204,2026-07-07,2026-07-07 03:40:12,Paid Search (Google),iOS,v2.5.1,Control_A,India
usr_000205,2026-06-05,2026-06-05 12:32:34,Paid Search (Google),Android,v2.5.2,Variant_B,India
usr_000206,2026-07-02,2026-07-02 10:45:50,Influencer Campaign,iOS,v2.5.2,Variant_B,United States
usr_000207,2026-07-15,2026-07-15 16:14:34,Organic Search,Android,v2.5.2,Control_A,India
usr_000208,2026-08-05,2026-08-05 14:32:31,Influencer Campaign,Android,v2.5.2,Control_A,Canada
usr_000209,2026-08-19,2026-08-19 22:01:08,Referral,Android,v2.5.1,Variant_B,United States
usr_000210,2026-07-12,2026-07-12 13:08:06,Referral,iOS,v2.5.3,Variant_B,Canada
usr_000211,2026-08-29,2026-08-29 11:51:31,Meta Ads (Instagram),iOS,v2.5.1,Variant_B,United States
usr_000212,2026-08-07,2026-08-07 19:31:25,Meta Ads (Instagram),iOS,v2.5.3,Control_A,Germany
usr_000213,2026-06-04,2026-06-04 08:53:58,Meta Ads (Instagram),iOS,v2.5.3,Control_A,United Kingdom
usr_000214,2026-06-16,2026-06-16 14:43:54,Referral,Android,v2.5.2,Variant_B,Germany
usr_000215,2026-08-09,2026-08-09 08:50:31,Meta Ads (Instagram),Android,v2.5.1,Variant_B,Germany
usr_000216,2026-07-22,2026-07-22 00:13:33,Meta Ads (Instagram),Android,v2.5.3,Variant_B,India
usr_000217,2026-08-18,2026-08-18 00:11:00,Paid Search (Google),Android,v2.5.3,Variant_B,United States
usr_000218,2026-06-29,2026-06-29 20:57:10,Referral,iOS,v2.5.2,Control_A,United States
usr_000219,2026-06-08,2026-06-08 12:15:50,Organic Search,iOS,v2.5.3,Control_A,Germany
usr_000220,2026-06-28,2026-06-28 14:25:17,Meta Ads (Instagram),Android,v2.5.1,Variant_B,United Kingdom
usr_000221,2026-08-06,2026-08-06 18:46:48,Paid Search (Google),Android,v2.5.3,Variant_B,Canada
usr_000222,2026-06-02,2026-06-02 09:11:25,Referral,Android,v2.5.2,Variant_B,United States
usr_000223,2026-08-26,2026-08-26 00:17:26,Meta Ads (Instagram),Android,v2.5.1,Variant_B,India
usr_000224,2026-08-04,2026-08-04 00:39:44,Meta Ads (Instagram),Android,v2.5.1,Variant_B,India
usr_000225,2026-06-29,2026-06-29 06:57:02,Influencer Campaign,iOS,v2.5.1,Variant_B,Germany
usr_000226,2026-08-12,2026-08-12 21:41:24,Influencer Campaign,iOS,v2.5.1,Control_A,Canada
usr_000227,2026-06-20,2026-06-20 07:38:31,Organic Search,Web,v3.1.0-web,Variant_B,United States
usr_000228,2026-08-20,2026-08-20 00:16:19,Meta Ads (Instagram),Android,v2.5.1,Variant_B,United States
usr_000229,2026-07-02,2026-07-02 03:54:04,Paid Search (Google),Android,v2.5.1,Control_A,India
usr_000230,2026-08-09,2026-08-09 13:19:04,Meta Ads (Instagram),iOS,v2.5.3,Control_A,United States
usr_000231,2026-07-24,2026-07-24 18:47:31,Meta Ads (Instagram),Android,v2.5.3,Variant_B,United States
usr_000232,2026-07-22,2026-07-22 15:45:45,Organic Search,iOS,v2.5.3,Control_A,Germany
usr_000233,2026-06-23,2026-06-23 14:45:55,Paid Search (Google),Android,v2.5.2,Control_A,India
usr_000234,2026-08-17,2026-08-17 19:56:39,Paid Search (Google),iOS,v2.5.1,Control_A,Germany
usr_000235,2026-06-23,2026-06-23 19:05:49,Meta Ads (Instagram),iOS,v2.5.2,Variant_B,Canada
usr_000236,2026-07-13,2026-07-13 00:53:33,Meta Ads (Instagram),iOS,v2.5.2,Variant_B,Germany
usr_000237,2026-07-01,2026-07-01 15:24:32,Meta Ads (Instagram),Web,v3.1.0-web,Variant_B,Germany
usr_000238,2026-06-10,2026-06-10 02:55:12,Meta Ads (Instagram),iOS,v2.5.1,Variant_B,Canada
usr_000239,2026-07-07,2026-07-07 20:25:17,Meta Ads (Instagram),iOS,v2.5.2,Variant_B,United States
usr_000240,2026-06-13,2026-06-13 12:18:38,Meta Ads (Instagram),Web,v3.1.0-web,Variant_B,Canada
usr_000241,2026-08-01,2026-08-01 18:28:42,Referral,Android,v2.5.1,Control_A,United Kingdom
usr_000242,2026-06-23,2026-06-23 18:25:17,Meta Ads (Instagram),iOS,v2.5.3,Variant_B,United Kingdom
usr_000243,2026-08-10,2026-08-10 05:33:07,Meta Ads (Instagram),iOS,v2.5.3,Variant_B,Canada
usr_000244,2026-06-16,2026-06-16 14:27:00,Influencer Campaign,Android,v2.5.2,Control_A,United Kingdom
usr_000245,2026-07-06,2026-07-06 22:36:41,Meta Ads (Instagram),Web,v3.1.0-web,Variant_B,India
usr_000246,2026-08-16,2026-08-16 04:44:51,Referral,iOS,v2.5.1,Variant_B,India
usr_000247,2026-07-22,2026-07-22 03:34:42,Organic Search,iOS,v2.5.3,Control_A,Germany
usr_000248,2026-08-09,2026-08-09 23:14:51,Meta Ads (Instagram),iOS,v2.5.1,Control_A,India
usr_000249,2026-07-23,2026-07-23 20:06:56,Organic Search,Android,v2.5.3,Variant_B,Canada
usr_000250,2026-06-21,2026-06-21 21:18:59,Meta Ads (Instagram),Android,v2.5.3,Variant_B,India
usr_000251,2026-07-13,2026-07-13 18:41:08,Organic Search,Android,v2.5.1,Control_A,Germany
usr_000252,2026-06-11,2026-06-11 23:10:53,Organic Search,iOS,v2.5.2,Variant_B,Canada
usr_000253,2026-06-09,2026-06-09 15:30:14,Influencer Campaign,iOS,v2.5.1,Variant_B,United Kingdom
usr_000254,2026-07-30,2026-07-30 18:37:50,Meta Ads (Instagram),Android,v2.5.2,Variant_B,India
usr_000255,2026-07-24,2026-07-24 10:05:49,Organic Search,iOS,v2.5.2,Variant_B,Germany
usr_000256,2026-07-21,2026-07-21 08:17:35,Organic Search,iOS,v2.5.2,Variant_B,United States
usr_000257,2026-08-09,2026-08-09 05:47:53,Meta Ads (Instagram),Android,v2.5.3,Variant_B,India
usr_000258,2026-06-19,2026-06-19 06:51:59,Meta Ads (Instagram),iOS,v2.5.1,Variant_B,United States
usr_000259,2026-07-30,2026-07-30 06:00:59,Organic Search,Android,v2.5.3,Variant_B,India
usr_000260,2026-06-19,2026-06-19 01:08:49,Meta Ads (Instagram),iOS,v2.5.3,Variant_B,United Kingdom
usr_000261,2026-07-24,2026-07-24 16:22:55,Meta Ads (Instagram),Web,v3.1.0-web,Control_A,India
usr_000262,2026-06-29,2026-06-29 01:34:59,Paid Search (Google),Android,v2.5.3,Variant_B,Germany
usr_000263,2026-07-04,2026-07-04 04:47:28,Paid Search (Google),Android,v2.5.2,Variant_B,United Kingdom
usr_000264,2026-07-22,2026-07-22 04:23:04,Paid Search (Google),Android,v2.5.2,Control_A,Canada
usr_000265,2026-06-06,2026-06-06 16:44:12,Meta Ads (Instagram),iOS,v2.5.2,Control_A,Germany
usr_000266,2026-08-24,2026-08-24 06:46:48,Meta Ads (Instagram),Android,v2.5.1,Control_A,Canada
usr_000267,2026-08-29,2026-08-29 01:11:40,Referral,Android,v2.5.2,Control_A,Germany
usr_000268,2026-08-20,2026-08-20 05:41:34,Paid Search (Google),Android,v2.5.2,Variant_B,United States
usr_000269,2026-06-22,2026-06-22 03:10:58,Influencer Campaign,Android,v2.5.1,Variant_B,Canada
usr_000270,2026-08-10,2026-08-10 18:55:16,Referral,Android,v2.5.1,Variant_B,India
usr_000271,2026-07-19,2026-07-19 09:53:42,Organic Search,iOS,v2.5.3,Variant_B,Germany
usr_000272,2026-06-11,2026-06-11 08:49:41,Meta Ads (Instagram),Android,v2.5.1,Variant_B,Germany
usr_000273,2026-07-27,2026-07-27 00:04:51,Paid Search (Google),Android,v2.5.2,Variant_B,Canada
usr_000274,2026-06-06,2026-06-06 14:23:26,Paid Search (Google),iOS,v2.5.3,Variant_B,United Kingdom
usr_000275,2026-06-11,2026-06-11 12:26:33,Meta Ads (Instagram),Android,v2.5.2,Control_A,India
usr_000276,2026-08-11,2026-08-11 02:29:29,Meta Ads (Instagram),iOS,v2.5.1,Variant_B,United Kingdom
usr_000277,2026-06-17,2026-06-17 16:55:42,Meta Ads (Instagram),Android,v2.5.3,Variant_B,Germany
usr_000278,2026-07-09,2026-07-09 16:59:57,Referral,Android,v2.5.3,Variant_B,United Kingdom
usr_000279,2026-07-17,2026-07-17 01:51:40,Meta Ads (Instagram),Android,v2.5.3,Variant_B,Canada
usr_000280,2026-06-16,2026-06-16 13:25:32,Meta Ads (Instagram),iOS,v2.5.1,Variant_B,India
usr_000281,2026-07-18,2026-07-18 09:12:26,Organic Search,Android,v2.5.2,Control_A,United Kingdom
usr_000282,2026-06-24,2026-06-24 20:14:12,Paid Search (Google),Android,v2.5.2,Variant_B,United Kingdom
usr_000283,2026-08-02,2026-08-02 12:20:33,Organic Search,iOS,v2.5.2,Variant_B,United States
usr_000284,2026-07-21,2026-07-21 20:31:12,Organic Search,Android,v2.5.3,Control_A,United Kingdom
usr_000285,2026-06-24,2026-06-24 01:27:27,Meta Ads (Instagram),Android,v2.5.3,Variant_B,Canada
usr_000286,2026-07-04,2026-07-04 23:03:13,Meta Ads (Instagram),Android,v2.5.1,Variant_B,United States
usr_000287,2026-08-27,2026-08-27 23:38:30,Meta Ads (Instagram),iOS,v2.5.1,Variant_B,India
usr_000288,2026-08-21,2026-08-21 01:13:02,Meta Ads (Instagram),Android,v2.5.2,Control_A,Canada
usr_000289,2026-06-06,2026-06-06 05:15:04,Organic Search,Android,v2.5.3,Control_A,Germany
usr_000290,2026-06-12,2026-06-12 08:42:08,Influencer Campaign,Web,v3.1.0-web,Control_A,Germany
usr_000291,2026-07-13,2026-07-13 22:45:00,Organic Search,Android,v2.5.2,Control_A,United States
usr_000292,2026-07-25,2026-07-25 12:19:43,Meta Ads (Instagram),iOS,v2.5.1,Variant_B,India
usr_000293,2026-07-07,2026-07-07 21:54:21,Paid Search (Google),iOS,v2.5.1,Control_A,United States
usr_000294,2026-07-18,2026-07-18 12:45:08,Meta Ads (Instagram),Web,v3.1.0-web,Control_A,United Kingdom
usr_000295,2026-08-03,2026-08-03 08:42:26,Influencer Campaign,iOS,v2.5.1,Variant_B,United Kingdom
usr_000296,2026-07-07,2026-07-07 16:05:06,Organic Search,iOS,v2.5.2,Variant_B,United Kingdom
usr_000297,2026-06-17,2026-06-17 02:07:23,Meta Ads (Instagram),Web,v3.1.0-web,Variant_B,India
usr_000298,2026-08-17,2026-08-17 13:16:28,Meta Ads (Instagram),Android,v2.5.2,Control_A,Germany
usr_000299,2026-08-03,2026-08-03 23:47:26,Meta Ads (Instagram),iOS,v2.5.3,Control_A,United States
usr_000300,2026-07-03,2026-07-03 22:56:47,Referral,Android,v2.5.2,Variant_B,Canada
usr_000301,2026-06-15,2026-06-15 10:18:09,Organic Search,iOS,v2.5.3,Variant_B,United Kingdom
usr_000302,2026-06-29,2026-06-29 00:06:19,Paid Search (Google),iOS,v2.5.3,Variant_B,United Kingdom
usr_000303,2026-08-22,2026-08-22 03:10:11,Paid Search (Google),Android,v2.5.1,Variant_B,Canada
usr_000304,2026-06-24,2026-06-24 01:40:58,Meta Ads (Instagram),iOS,v2.5.2,Control_A,Germany
usr_000305,2026-07-22,2026-07-22 12:13:57,Organic Search,Android,v2.5.2,Control_A,United States
usr_000306,2026-06-05,2026-06-05 00:19:16,Influencer Campaign,Web,v3.1.0-web,Variant_B,United Kingdom
usr_000307,2026-07-19,2026-07-19 14:57:05,Influencer Campaign,Android,v2.5.1,Control_A,United Kingdom
usr_000308,2026-08-22,2026-08-22 19:20:59,Paid Search (Google),iOS,v2.5.1,Variant_B,India
usr_000309,2026-07-07,2026-07-07 06:57:26,Meta Ads (Instagram),iOS,v2.5.3,Control_A,Germany
usr_000310,2026-07-20,2026-07-20 08:58:08,Organic Search,Android,v2.5.2,Control_A,Germany
usr_000311,2026-07-04,2026-07-04 21:37:24,Meta Ads (Instagram),iOS,v2.5.1,Control_A,Canada
usr_000312,2026-06-10,2026-06-10 00:34:17,Meta Ads (Instagram),iOS,v2.5.2,Variant_B,United Kingdom
usr_000313,2026-07-22,2026-07-22 02:27:10,Meta Ads (Instagram),iOS,v2.5.1,Variant_B,Canada
usr_000314,2026-07-17,2026-07-17 18:02:10,Paid Search (Google),Android,v2.5.3,Variant_B,Canada
usr_000315,2026-07-29,2026-07-29 00:12:08,Meta Ads (Instagram),Android,v2.5.1,Variant_B,India
usr_000316,2026-07-08,2026-07-08 06:17:22,Paid Search (Google),Android,v2.5.2,Variant_B,United States
usr_000317,2026-07-16,2026-07-16 04:41:01,Meta Ads (Instagram),Android,v2.5.1,Variant_B,India
usr_000318,2026-07-23,2026-07-23 22:31:11,Paid Search (Google),Android,v2.5.3,Control_A,United Kingdom
usr_000319,2026-07-01,2026-07-01 10:50:23,Meta Ads (Instagram),Android,v2.5.1,Variant_B,India
usr_000320,2026-07-16,2026-07-16 03:16:48,Paid Search (Google),iOS,v2.5.2,Control_A,Canada
usr_000321,2026-06-08,2026-06-08 15:44:44,Meta Ads (Instagram),iOS,v2.5.3,Variant_B,Germany
usr_000322,2026-08-14,2026-08-14 05:46:07,Paid Search (Google),iOS,v2.5.3,Control_A,United Kingdom
usr_000323,2026-06-15,2026-06-15 02:09:18,Organic Search,iOS,v2.5.1,Variant_B,United Kingdom
usr_000324,2026-06-06,2026-06-06 18:23:58,Referral,Android,v2.5.2,Variant_B,India
usr_000325,2026-08-09,2026-08-09 14:17:16,Organic Search,Android,v2.5.2,Control_A,United Kingdom
usr_000326,2026-07-22,2026-07-22 09:34:46,Meta Ads (Instagram),Android,v2.5.1,Control_A,United States
usr_000327,2026-07-21,2026-07-21 18:50:12,Organic Search,iOS,v2.5.1,Variant_B,Canada
usr_000328,2026-07-15,2026-07-15 20:23:34,Organic Search,iOS,v2.5.1,Variant_B,Canada
usr_000329,2026-06-21,2026-06-21 21:25:42,Organic Search,Android,v2.5.1,Variant_B,United States
usr_000330,2026-08-26,2026-08-26 06:42:08,Influencer Campaign,iOS,v2.5.1,Variant_B,Germany
usr_000331,2026-07-18,2026-07-18 13:57:39,Meta Ads (Instagram),Android,v2.5.2,Control_A,United Kingdom
usr_000332,2026-06-11,2026-06-11 23:41:44,Organic Search,Android,v2.5.2,Variant_B,India
usr_000333,2026-08-07,2026-08-07 20:00:29,Meta Ads (Instagram),Android,v2.5.2,Control_A,India
usr_000334,2026-06-08,2026-06-08 08:54:46,Paid Search (Google),iOS,v2.5.3,Variant_B,United Kingdom
usr_000335,2026-08-07,2026-08-07 13:38:25,Meta Ads (Instagram),iOS,v2.5.3,Variant_B,United Kingdom
usr_000336,2026-07-09,2026-07-09 05:37:35,Organic Search,Android,v2.5.1,Control_A,United States
usr_000337,2026-08-23,2026-08-23 00:22:52,Meta Ads (Instagram),Android,v2.5.2,Variant_B,Canada
usr_000338,2026-07-29,2026-07-29 08:26:54,Referral,Android,v2.5.3,Variant_B,India
usr_000339,2026-08-02,2026-08-02 07:48:15,Organic Search,Android,v2.5.2,Control_A,Germany
usr_000340,2026-08-09,2026-08-09 11:43:45,Paid Search (Google),Android,v2.5.3,Variant_B,United Kingdom
usr_000341,2026-06-03,2026-06-03 20:25:29,Organic Search,Android,v2.5.1,Control_A,United Kingdom
usr_000342,2026-06-09,2026-06-09 12:23:33,Referral,iOS,v2.5.3,Variant_B,Germany
usr_000343,2026-06-22,2026-06-22 15:21:05,Meta Ads (Instagram),Android,v2.5.1,Variant_B,United States
usr_000344,2026-08-26,2026-08-26 21:50:09,Meta Ads (Instagram),iOS,v2.5.2,Variant_B,Germany
usr_000345,2026-08-12,2026-08-12 04:32:20,Meta Ads (Instagram),iOS,v2.5.3,Control_A,United Kingdom
usr_000346,2026-07-13,2026-07-13 05:36:53,Referral,Web,v3.1.0-web,Control_A,United Kingdom
usr_000347,2026-06-28,2026-06-28 04:56:32,Meta Ads (Instagram),Android,v2.5.3,Control_A,United States
usr_000348,2026-06-24,2026-06-24 17:56:22,Paid Search (Google),Android,v2.5.1,Variant_B,United States
usr_000349,2026-07-05,2026-07-05 09:53:27,Referral,Android,v2.5.3,Variant_B,Germany
usr_000350,2026-07-29,2026-07-29 11:03:03,Influencer Campaign,iOS,v2.5.2,Variant_B,India
usr_000351,2026-08-07,2026-08-07 08:27:00,Paid Search (Google),Web,v3.1.0-web,Control_A,India
usr_000352,2026-08-27,2026-08-27 12:10:56,Meta Ads (Instagram),Android,v2.5.3,Variant_B,United Kingdom
usr_000353,2026-08-24,2026-08-24 14:50:22,Paid Search (Google),iOS,v2.5.3,Control_A,India
usr_000354,2026-08-23,2026-08-23 01:12:48,Meta Ads (Instagram),iOS,v2.5.3,Variant_B,United Kingdom
usr_000355,2026-07-21,2026-07-21 15:21:48,Influencer Campaign,Android,v2.5.2,Control_A,India
usr_000356,2026-07-03,2026-07-03 21:29:03,Meta Ads (Instagram),Android,v2.5.2,Variant_B,United States
usr_000357,2026-08-03,2026-08-03 22:12:40,Organic Search,iOS,v2.5.1,Control_A,United States
usr_000358,2026-06-05,2026-06-05 03:24:24,Influencer Campaign,Android,v2.5.3,Control_A,United States
usr_000359,2026-06-16,2026-06-16 03:39:28,Organic Search,Android,v2.5.1,Control_A,United Kingdom
usr_000360,2026-08-12,2026-08-12 20:57:50,Paid Search (Google),Android,v2.5.3,Control_A,Germany
usr_000361,2026-06-23,2026-06-23 21:00:42,Paid Search (Google),Web,v3.1.0-web,Control_A,United Kingdom
usr_000362,2026-06-25,2026-06-25 22:56:56,Meta Ads (Instagram),Android,v2.5.2,Control_A,India
usr_000363,2026-08-06,2026-08-06 08:14:08,Meta Ads (Instagram),Android,v2.5.1,Control_A,United Kingdom
usr_000364,2026-06-14,2026-06-14 02:12:43,Meta Ads (Instagram),iOS,v2.5.3,Variant_B,Canada
usr_000365,2026-07-19,2026-07-19 01:27:38,Organic Search,Android,v2.5.1,Variant_B,India
usr_000366,2026-07-16,2026-07-16 12:43:46,Meta Ads (Instagram),iOS,v2.5.1,Variant_B,India
usr_000367,2026-06-04,2026-06-04 16:09:31,Referral,iOS,v2.5.3,Variant_B,India
usr_000368,2026-06-29,2026-06-29 13:47:16,Meta Ads (Instagram),iOS,v2.5.2,Control_A,India
usr_000369,2026-08-07,2026-08-07 02:36:05,Referral,Android,v2.5.3,Variant_B,Canada
usr_000370,2026-08-10,2026-08-10 09:47:39,Paid Search (Google),iOS,v2.5.1,Variant_B,Germany
usr_000371,2026-07-21,2026-07-21 00:13:56,Organic Search,Web,v3.1.0-web,Variant_B,Germany
usr_000372,2026-06-26,2026-06-26 14:14:16,Meta Ads (Instagram),Android,v2.5.1,Control_A,United Kingdom
usr_000373,2026-07-06,2026-07-06 18:56:48,Referral,iOS,v2.5.1,Variant_B,India
usr_000374,2026-07-06,2026-07-06 10:39:02,Meta Ads (Instagram),Web,v3.1.0-web,Variant_B,United Kingdom
usr_000375,2026-08-14,2026-08-14 02:01:48,Paid Search (Google),iOS,v2.5.1,Variant_B,Germany
usr_000376,2026-07-05,2026-07-05 10:23:33,Meta Ads (Instagram),iOS,v2.5.2,Control_A,India
usr_000377,2026-07-16,2026-07-16 16:06:40,Paid Search (Google),Android,v2.5.1,Control_A,United Kingdom
usr_000378,2026-07-13,2026-07-13 07:14:27,Meta Ads (Instagram),iOS,v2.5.2,Variant_B,United States
usr_000379,2026-06-24,2026-06-24 15:55:06,Organic Search,iOS,v2.5.3,Control_A,Canada
usr_000380,2026-07-12,2026-07-12 15:23:50,Meta Ads (Instagram),Web,v3.1.0-web,Variant_B,United Kingdom
usr_000381,2026-08-21,2026-08-21 11:09:39,Influencer Campaign,iOS,v2.5.1,Control_A,Canada
usr_000382,2026-07-27,2026-07-27 17:55:11,Organic Search,Web,v3.1.0-web,Control_A,United Kingdom
usr_000383,2026-06-10,2026-06-10 09:19:23,Referral,Android,v2.5.3,Control_A,United Kingdom
usr_000384,2026-07-27,2026-07-27 18:10:37,Meta Ads (Instagram),Android,v2.5.2,Variant_B,Canada
usr_000385,2026-06-15,2026-06-15 09:25:19,Influencer Campaign,iOS,v2.5.1,Control_A,India
usr_000386,2026-06-16,2026-06-16 06:30:44,Organic Search,Web,v3.1.0-web,Control_A,United States
usr_000387,2026-07-24,2026-07-24 13:05:59,Meta Ads (Instagram),Android,v2.5.2,Variant_B,United States
usr_000388,2026-06-24,2026-06-24 22:04:37,Paid Search (Google),Android,v2.5.2,Variant_B,Canada
usr_000389,2026-06-06,2026-06-06 02:46:28,Paid Search (Google),Android,v2.5.3,Variant_B,United Kingdom
usr_000390,2026-06-03,2026-06-03 21:53:01,Meta Ads (Instagram),Android,v2.5.3,Variant_B,United States
usr_000391,2026-08-02,2026-08-02 18:54:59,Meta Ads (Instagram),iOS,v2.5.3,Variant_B,United States
usr_000392,2026-06-01,2026-06-01 14:40:54,Meta Ads (Instagram),iOS,v2.5.3,Variant_B,United States
usr_000393,2026-07-06,2026-07-06 03:07:42,Meta Ads (Instagram),Android,v2.5.3,Control_A,Canada
usr_000394,2026-06-20,2026-06-20 05:42:46,Referral,iOS,v2.5.2,Variant_B,United States
usr_000395,2026-08-15,2026-08-15 01:03:59,Organic Search,iOS,v2.5.1,Variant_B,India
usr_000396,2026-08-21,2026-08-21 03:48:06,Meta Ads (Instagram),Android,v2.5.1,Control_A,United Kingdom
usr_000397,2026-08-19,2026-08-19 23:37:38,Meta Ads (Instagram),iOS,v2.5.1,Variant_B,India
usr_000398,2026-07-04,2026-07-04 05:48:49,Paid Search (Google),Android,v2.5.2,Control_A,Germany
usr_000399,2026-06-13,2026-06-13 09:29:19,Paid Search (Google),Android,v2.5.3,Variant_B,India
usr_000400,2026-08-14,2026-08-14 02:12:20,Organic Search,Android,v2.5.1,Control_A,Canada
usr_000401,2026-07-21,2026-07-21 04:52:21,Referral,Android,v2.5.2,Variant_B,Canada
usr_000402,2026-07-20,2026-07-20 01:34:25,Paid Search (Google),iOS,v2.5.2,Variant_B,United States
usr_000403,2026-06-03,2026-06-03 13:34:18,Organic Search,Android,v2.5.2,Control_A,United Kingdom
usr_000404,2026-06-17,2026-06-17 00:34:26,Paid Search (Google),Android,v2.5.2,Control_A,Germany
usr_000405,2026-08-25,2026-08-25 18:35:28,Influencer Campaign,Android,v2.5.3,Control_A,Germany
usr_000406,2026-07-29,2026-07-29 09:35:20,Referral,iOS,v2.5.2,Control_A,Germany
usr_000407,2026-06-15,2026-06-15 06:26:35,Referral,iOS,v2.5.2,Control_A,Germany
usr_000408,2026-06-04,2026-06-04 02:34:28,Organic Search,iOS,v2.5.3,Variant_B,India
usr_000409,2026-07-08,2026-07-08 13:37:05,Paid Search (Google),Android,v2.5.2,Variant_B,Germany
usr_000410,2026-08-22,2026-08-22 20:12:52,Meta Ads (Instagram),Android,v2.5.1,Control_A,Canada
usr_000411,2026-07-18,2026-07-18 08:53:06,Influencer Campaign,iOS,v2.5.2,Variant_B,India
usr_000412,2026-06-23,2026-06-23 04:37:06,Paid Search (Google),Android,v2.5.2,Variant_B,Canada
usr_000413,2026-06-27,2026-06-27 01:40:04,Meta Ads (Instagram),Android,v2.5.2,Variant_B,India
usr_000414,2026-08-01,2026-08-01 03:03:22,Meta Ads (Instagram),Android,v2.5.3,Control_A,India
usr_000415,2026-06-28,2026-06-28 07:35:55,Paid Search (Google),Web,v3.1.0-web,Control_A,India
usr_000416,2026-07-29,2026-07-29 07:48:24,Influencer Campaign,Android,v2.5.1,Control_A,Germany
usr_000417,2026-07-07,2026-07-07 02:27:14,Referral,iOS,v2.5.2,Control_A,Germany
usr_000418,2026-07-18,2026-07-18 04:52:53,Meta Ads (Instagram),Android,v2.5.1,Variant_B,United States
usr_000419,2026-07-29,2026-07-29 03:22:33,Organic Search,Web,v3.1.0-web,Variant_B,India
usr_000420,2026-06-21,2026-06-21 18:57:41,Organic Search,Web,v3.1.0-web,Variant_B,United Kingdom
usr_000421,2026-08-21,2026-08-21 14:55:59,Paid Search (Google),iOS,v2.5.1,Variant_B,Canada
usr_000422,2026-07-04,2026-07-04 22:20:45,Meta Ads (Instagram),Android,v2.5.2,Variant_B,India
usr_000423,2026-07-12,2026-07-12 06:31:50,Meta Ads (Instagram),iOS,v2.5.1,Control_A,India
usr_000424,2026-07-24,2026-07-24 08:11:45,Meta Ads (Instagram),Web,v3.1.0-web,Control_A,United Kingdom
usr_000425,2026-08-11,2026-08-11 03:00:43,Referral,Web,v3.1.0-web,Variant_B,Germany
usr_000426,2026-07-07,2026-07-07 23:33:38,Meta Ads (Instagram),Android,v2.5.2,Variant_B,United Kingdom
usr_000427,2026-07-14,2026-07-14 15:53:03,Meta Ads (Instagram),Android,v2.5.3,Control_A,India
usr_000428,2026-07-25,2026-07-25 05:25:36,Organic Search,Android,v2.5.1,Variant_B,Canada
usr_000429,2026-06-20,2026-06-20 23:29:32,Meta Ads (Instagram),iOS,v2.5.3,Variant_B,United Kingdom
usr_000430,2026-08-09,2026-08-09 19:07:12,Organic Search,iOS,v2.5.1,Variant_B,India
usr_000431,2026-07-23,2026-07-23 08:31:44,Meta Ads (Instagram),iOS,v2.5.2,Control_A,United Kingdom
usr_000432,2026-07-18,2026-07-18 18:18:09,Paid Search (Google),iOS,v2.5.3,Control_A,Canada
usr_000433,2026-06-08,2026-06-08 22:18:08,Meta Ads (Instagram),Android,v2.5.3,Variant_B,India
usr_000434,2026-06-25,2026-06-25 09:27:55,Paid Search (Google),Web,v3.1.0-web,Control_A,Canada
usr_000435,2026-06-24,2026-06-24 01:28:38,Organic Search,Android,v2.5.3,Control_A,India
usr_000436,2026-06-13,2026-06-13 05:36:27,Paid Search (Google),Android,v2.5.2,Variant_B,United States
usr_000437,2026-08-13,2026-08-13 00:26:11,Meta Ads (Instagram),iOS,v2.5.2,Variant_B,India
usr_000438,2026-08-25,2026-08-25 02:35:22,Paid Search (Google),Android,v2.5.2,Control_A,Canada
usr_000439,2026-08-22,2026-08-22 01:17:55,Meta Ads (Instagram),Web,v3.1.0-web,Variant_B,India
usr_000440,2026-07-30,2026-07-30 07:44:46,Influencer Campaign,Android,v2.5.1,Control_A,United States
usr_000441,2026-06-07,2026-06-07 06:03:54,Organic Search,Android,v2.5.1,Variant_B,United States
usr_000442,2026-06-10,2026-06-10 18:46:50,Paid Search (Google),iOS,v2.5.1,Variant_B,United Kingdom
usr_000443,2026-08-02,2026-08-02 19:53:42,Paid Search (Google),Android,v2.5.3,Control_A,United States
usr_000444,2026-08-08,2026-08-08 11:58:01,Paid Search (Google),Android,v2.5.1,Control_A,India
usr_000445,2026-06-27,2026-06-27 19:18:51,Meta Ads (Instagram),Android,v2.5.1,Variant_B,Germany
usr_000446,2026-07-10,2026-07-10 19:45:55,Organic Search,Android,v2.5.2,Control_A,United Kingdom
usr_000447,2026-06-21,2026-06-21 08:46:38,Influencer Campaign,Android,v2.5.1,Variant_B,India
usr_000448,2026-06-07,2026-06-07 02:20:41,Paid Search (Google),iOS,v2.5.2,Variant_B,Germany
usr_000449,2026-06-14,2026-06-14 19:48:44,Paid Search (Google),iOS,v2.5.2,Variant_B,India
usr_000450,2026-07-05,2026-07-05 19:51:42,Paid Search (Google),Web,v3.1.0-web,Variant_B,United States
usr_000451,2026-07-28,2026-07-28 14:39:52,Referral,iOS,v2.5.2,Variant_B,United States
usr_000452,2026-08-07,2026-08-07 15:44:13,Meta Ads (Instagram),iOS,v2.5.3,Control_A,United Kingdom
usr_000453,2026-07-28,2026-07-28 16:29:56,Meta Ads (Instagram),Android,v2.5.2,Control_A,Canada
usr_000454,2026-08-02,2026-08-02 10:21:39,Paid Search (Google),Android,v2.5.2,Variant_B,Germany
usr_000455,2026-06-19,2026-06-19 01:14:02,Meta Ads (Instagram),iOS,v2.5.1,Variant_B,Germany
usr_000456,2026-08-11,2026-08-11 04:08:19,Meta Ads (Instagram),Android,v2.5.3,Control_A,Germany
usr_000457,2026-07-19,2026-07-19 16:29:27,Paid Search (Google),Web,v3.1.0-web,Control_A,Germany
usr_000458,2026-07-09,2026-07-09 20:05:15,Organic Search,iOS,v2.5.2,Variant_B,United Kingdom
usr_000459,2026-06-27,2026-06-27 04:35:22,Organic Search,iOS,v2.5.1,Control_A,Canada
usr_000460,2026-08-14,2026-08-14 13:21:19,Influencer Campaign,iOS,v2.5.1,Control_A,United States
usr_000461,2026-06-18,2026-06-18 07:44:34,Meta Ads (Instagram),Web,v3.1.0-web,Control_A,United Kingdom
usr_000462,2026-07-06,2026-07-06 19:33:09,Paid Search (Google),iOS,v2.5.2,Variant_B,United States
usr_000463,2026-08-09,2026-08-09 17:32:54,Influencer Campaign,Android,v2.5.1,Variant_B,United States
usr_000464,2026-07-20,2026-07-20 10:05:50,Paid Search (Google),Android,v2.5.2,Variant_B,United States
usr_000465,2026-07-02,2026-07-02 19:43:51,Organic Search,iOS,v2.5.1,Control_A,India
usr_000466,2026-08-13,2026-08-13 10:18:44,Organic Search,iOS,v2.5.3,Variant_B,India
usr_000467,2026-07-27,2026-07-27 02:12:02,Organic Search,iOS,v2.5.1,Control_A,United States
usr_000468,2026-07-03,2026-07-03 13:25:21,Organic Search,iOS,v2.5.2,Control_A,Canada
usr_000469,2026-07-02,2026-07-02 21:06:39,Organic Search,iOS,v2.5.3,Control_A,United Kingdom
usr_000470,2026-08-08,2026-08-08 19:45:19,Referral,Android,v2.5.3,Variant_B,United Kingdom
usr_000471,2026-08-24,2026-08-24 07:08:00,Paid Search (Google),Android,v2.5.3,Variant_B,Canada
usr_000472,2026-08-25,2026-08-25 11:46:25,Meta Ads (Instagram),Android,v2.5.1,Variant_B,United States
usr_000473,2026-06-18,2026-06-18 23:21:32,Meta Ads (Instagram),Android,v2.5.1,Variant_B,Canada
usr_000474,2026-06-26,2026-06-26 00:39:57,Paid Search (Google),iOS,v2.5.2,Variant_B,Germany
usr_000475,2026-07-24,2026-07-24 08:18:52,Referral,Web,v3.1.0-web,Variant_B,Germany
usr_000476,2026-08-12,2026-08-12 15:20:43,Paid Search (Google),Android,v2.5.1,Control_A,Canada
usr_000477,2026-08-18,2026-08-18 03:24:11,Organic Search,iOS,v2.5.1,Variant_B,United Kingdom
usr_000478,2026-08-08,2026-08-08 02:59:00,Referral,Android,v2.5.2,Control_A,United Kingdom
usr_000479,2026-06-23,2026-06-23 16:19:08,Paid Search (Google),iOS,v2.5.1,Variant_B,Canada
usr_000480,2026-06-15,2026-06-15 21:55:45,Meta Ads (Instagram),iOS,v2.5.3,Variant_B,India
usr_000481,2026-06-29,2026-06-29 19:51:38,Meta Ads (Instagram),Android,v2.5.1,Control_A,Germany
usr_000482,2026-08-28,2026-08-28 18:42:17,Paid Search (Google),Web,v3.1.0-web,Variant_B,United States
usr_000483,2026-08-07,2026-08-07 09:43:45,Organic Search,Android,v2.5.1,Control_A,Germany
usr_000484,2026-08-07,2026-08-07 15:00:45,Paid Search (Google),Android,v2.5.3,Variant_B,United States
usr_000485,2026-07-23,2026-07-23 13:36:29,Meta Ads (Instagram),iOS,v2.5.1,Variant_B,United States
usr_000486,2026-08-13,2026-08-13 23:51:31,Influencer Campaign,iOS,v2.5.1,Variant_B,India
usr_000487,2026-06-23,2026-06-23 10:32:46,Organic Search,iOS,v2.5.1,Control_A,Canada
usr_000488,2026-06-16,2026-06-16 01:30:30,Organic Search,Android,v2.5.1,Control_A,India
usr_000489,2026-07-12,2026-07-12 06:16:50,Paid Search (Google),Web,v3.1.0-web,Variant_B,India
usr_000490,2026-06-05,2026-06-05 01:13:42,Meta Ads (Instagram),iOS,v2.5.3,Variant_B,Canada
usr_000491,2026-07-06,2026-07-06 12:48:51,Influencer Campaign,Android,v2.5.2,Control_A,United States
usr_000492,2026-08-07,2026-08-07 15:17:11,Paid Search (Google),Android,v2.5.2,Variant_B,Germany
usr_000493,2026-07-16,2026-07-16 02:24:55,Paid Search (Google),Web,v3.1.0-web,Control_A,United Kingdom
usr_000494,2026-06-19,2026-06-19 06:55:02,Paid Search (Google),iOS,v2.5.2,Control_A,United States
usr_000495,2026-08-12,2026-08-12 14:24:29,Meta Ads (Instagram),iOS,v2.5.2,Control_A,India
usr_000496,2026-06-19,2026-06-19 00:51:39,Influencer Campaign,Android,v2.5.2,Variant_B,United States
usr_000497,2026-08-13,2026-08-13 06:28:56,Referral,iOS,v2.5.2,Variant_B,India
usr_000498,2026-07-01,2026-07-01 00:11:51,Organic Search,Android,v2.5.2,Control_A,Germany
usr_000499,2026-06-19,2026-06-19 07:27:25,Referral,Android,v2.5.1,Variant_B,India
usr_000500,2026-08-03,2026-08-03 13:16:45,Paid Search (Google),iOS,v2.5.2,Variant_B,Germany
usr_000501,2026-07-23,2026-07-23 20:41:55,Meta Ads (Instagram),Android,v2.5.1,Control_A,United Kingdom
usr_000502,2026-06-04,2026-06-04 08:20:46,Meta Ads (Instagram),iOS,v2.5.1,Control_A,India
usr_000503,2026-08-07,2026-08-07 09:27:01,Organic Search,Android,v2.5.1,Variant_B,United Kingdom
usr_000504,2026-06-08,2026-06-08 13:27:19,Meta Ads (Instagram),iOS,v2.5.1,Variant_B,United Kingdom
usr_000505,2026-06-23,2026-06-23 06:14:23,Meta Ads (Instagram),iOS,v2.5.3,Control_A,India
usr_000506,2026-06-02,2026-06-02 22:16:42,Paid Search (Google),Android,v2.5.2,Variant_B,United Kingdom
usr_000507,2026-07-03,2026-07-03 13:14:30,Organic Search,Android,v2.5.2,Control_A,Canada
usr_000508,2026-08-29,2026-08-29 16:05:26,Paid Search (Google),iOS,v2.5.3,Variant_B,United States
usr_000509,2026-06-13,2026-06-13 08:15:52,Meta Ads (Instagram),Android,v2.5.3,Control_A,Canada
usr_000510,2026-06-16,2026-06-16 09:02:13,Referral,Android,v2.5.2,Variant_B,India
usr_000511,2026-06-30,2026-06-30 17:28:52,Organic Search,iOS,v2.5.3,Variant_B,United Kingdom
usr_000512,2026-06-24,2026-06-24 13:27:46,Organic Search,iOS,v2.5.1,Control_A,United Kingdom
usr_000513,2026-06-13,2026-06-13 11:32:55,Organic Search,iOS,v2.5.2,Control_A,Germany
usr_000514,2026-07-28,2026-07-28 18:51:42,Influencer Campaign,iOS,v2.5.1,Variant_B,India
usr_000515,2026-07-19,2026-07-19 06:34:22,Influencer Campaign,Android,v2.5.3,Variant_B,United Kingdom
usr_000516,2026-06-29,2026-06-29 09:40:27,Influencer Campaign,iOS,v2.5.3,Control_A,United Kingdom
usr_000517,2026-08-02,2026-08-02 09:04:48,Meta Ads (Instagram),Android,v2.5.1,Control_A,India
usr_000518,2026-08-06,2026-08-06 13:37:53,Paid Search (Google),Android,v2.5.2,Variant_B,United States
usr_000519,2026-08-23,2026-08-23 18:30:30,Meta Ads (Instagram),Android,v2.5.1,Control_A,United States
usr_000520,2026-06-17,2026-06-17 04:47:21,Referral,iOS,v2.5.1,Variant_B,India
usr_000521,2026-06-13,2026-06-13 17:00:15,Meta Ads (Instagram),iOS,v2.5.3,Variant_B,United States
usr_000522,2026-08-22,2026-08-22 10:53:38,Meta Ads (Instagram),Android,v2.5.2,Variant_B,United Kingdom
usr_000523,2026-08-24,2026-08-24 04:12:59,Organic Search,Web,v3.1.0-web,Control_A,Germany
usr_000524,2026-06-09,2026-06-09 10:23:43,Meta Ads (Instagram),iOS,v2.5.3,Variant_B,India
usr_000525,2026-08-25,2026-08-25 01:40:27,Organic Search,iOS,v2.5.1,Control_A,India
usr_000526,2026-08-18,2026-08-18 03:32:04,Paid Search (Google),Web,v3.1.0-web,Variant_B,United States
usr_000527,2026-06-16,2026-06-16 09:03:08,Meta Ads (Instagram),Android,v2.5.3,Control_A,Canada
usr_000528,2026-07-07,2026-07-07 14:18:52,Organic Search,Web,v3.1.0-web,Variant_B,Germany
usr_000529,2026-07-02,2026-07-02 08:17:08,Meta Ads (Instagram),iOS,v2.5.1,Variant_B,United Kingdom
usr_000530,2026-06-09,2026-06-09 03:18:00,Influencer Campaign,Android,v2.5.3,Control_A,Canada
usr_000531,2026-07-17,2026-07-17 17:04:52,Meta Ads (Instagram),iOS,v2.5.3,Control_A,India
usr_000532,2026-07-23,2026-07-23 17:20:14,Meta Ads (Instagram),iOS,v2.5.1,Control_A,United Kingdom
usr_000533,2026-07-21,2026-07-21 20:01:52,Meta Ads (Instagram),Android,v2.5.2,Variant_B,Germany
usr_000534,2026-06-13,2026-06-13 14:28:09,Paid Search (Google),iOS,v2.5.1,Control_A,United States
usr_000535,2026-08-12,2026-08-12 11:17:35,Meta Ads (Instagram),Web,v3.1.0-web,Control_A,United Kingdom
usr_000536,2026-06-19,2026-06-19 02:51:57,Organic Search,iOS,v2.5.3,Variant_B,India
usr_000537,2026-06-16,2026-06-16 13:38:40,Referral,Android,v2.5.1,Variant_B,Germany
usr_000538,2026-07-22,2026-07-22 19:25:18,Paid Search (Google),Android,v2.5.3,Variant_B,India
usr_000539,2026-08-01,2026-08-01 07:58:43,Meta Ads (Instagram),iOS,v2.5.2,Variant_B,United Kingdom
usr_000540,2026-06-07,2026-06-07 21:30:47,Organic Search,Android,v2.5.1,Variant_B,United Kingdom
usr_000541,2026-08-13,2026-08-13 11:56:11,Meta Ads (Instagram),iOS,v2.5.1,Control_A,United Kingdom
usr_000542,2026-06-02,2026-06-02 21:37:39,Meta Ads (Instagram),Android,v2.5.2,Control_A,United Kingdom
usr_000543,2026-07-01,2026-07-01 10:29:59,Meta Ads (Instagram),iOS,v2.5.3,Control_A,Germany
usr_000544,2026-07-02,2026-07-02 18:06:08,Meta Ads (Instagram),iOS,v2.5.3,Variant_B,United States
usr_000545,2026-07-11,2026-07-11 11:07:13,Paid Search (Google),iOS,v2.5.1,Variant_B,United States
usr_000546,2026-08-17,2026-08-17 10:37:22,Paid Search (Google),iOS,v2.5.3,Variant_B,India
usr_000547,2026-08-26,2026-08-26 19:24:03,Paid Search (Google),Android,v2.5.3,Variant_B,Canada
usr_000548,2026-06-30,2026-06-30 21:41:48,Referral,Android,v2.5.1,Variant_B,Canada
usr_000549,2026-07-11,2026-07-11 02:00:48,Organic Search,iOS,v2.5.3,Variant_B,Canada
usr_000550,2026-07-01,2026-07-01 23:23:29,Paid Search (Google),Android,v2.5.2,Variant_B,United States
usr_000551,2026-07-27,2026-07-27 09:03:59,Paid Search (Google),iOS,v2.5.1,Variant_B,Canada
usr_000552,2026-07-07,2026-07-07 01:30:15,Meta Ads (Instagram),Android,v2.5.1,Control_A,Canada
usr_000553,2026-06-21,2026-06-21 03:03:53,Meta Ads (Instagram),iOS,v2.5.2,Control_A,Germany
usr_000554,2026-06-20,2026-06-20 20:26:16,Meta Ads (Instagram),Android,v2.5.1,Control_A,United Kingdom
usr_000555,2026-07-20,2026-07-20 11:39:30,Organic Search,iOS,v2.5.3,Control_A,Germany
usr_000556,2026-06-11,2026-06-11 01:40:59,Paid Search (Google),Android,v2.5.3,Control_A,Canada
usr_000557,2026-08-29,2026-08-29 17:06:31,Paid Search (Google),Android,v2.5.2,Variant_B,United States
usr_000558,2026-06-23,2026-06-23 03:49:21,Influencer Campaign,iOS,v2.5.3,Control_A,Canada
usr_000559,2026-08-29,2026-08-29 17:24:10,Meta Ads (Instagram),Web,v3.1.0-web,Variant_B,United Kingdom
usr_000560,2026-07-02,2026-07-02 06:13:21,Meta Ads (Instagram),iOS,v2.5.3,Variant_B,India
usr_000561,2026-08-05,2026-08-05 11:01:00,Organic Search,Web,v3.1.0-web,Variant_B,Germany
usr_000562,2026-07-20,2026-07-20 05:01:45,Meta Ads (Instagram),iOS,v2.5.1,Control_A,India
usr_000563,2026-08-08,2026-08-08 15:12:49,Organic Search,Android,v2.5.3,Control_A,Canada
usr_000564,2026-06-23,2026-06-23 15:41:58,Organic Search,Web,v3.1.0-web,Variant_B,Canada
usr_000565,2026-06-09,2026-06-09 09:25:47,Paid Search (Google),iOS,v2.5.2,Control_A,United Kingdom
usr_000566,2026-08-01,2026-08-01 15:38:12,Paid Search (Google),Android,v2.5.1,Variant_B,Canada
usr_000567,2026-06-22,2026-06-22 07:29:05,Meta Ads (Instagram),Android,v2.5.3,Variant_B,Canada
usr_000568,2026-06-22,2026-06-22 03:33:36,Meta Ads (Instagram),Web,v3.1.0-web,Variant_B,Canada
usr_000569,2026-08-09,2026-08-09 14:35:23,Referral,iOS,v2.5.2,Control_A,United Kingdom
usr_000570,2026-06-18,2026-06-18 10:27:48,Paid Search (Google),Android,v2.5.1,Variant_B,Canada
usr_000571,2026-07-15,2026-07-15 02:00:06,Meta Ads (Instagram),iOS,v2.5.2,Control_A,India
usr_000572,2026-06-15,2026-06-15 23:04:33,Organic Search,iOS,v2.5.3,Control_A,Canada
usr_000573,2026-06-27,2026-06-27 08:20:39,Influencer Campaign,Android,v2.5.3,Variant_B,United Kingdom
usr_000574,2026-07-16,2026-07-16 21:40:48,Paid Search (Google),iOS,v2.5.2,Control_A,India
usr_000575,2026-08-07,2026-08-07 15:21:44,Influencer Campaign,iOS,v2.5.2,Control_A,United States
usr_000576,2026-07-11,2026-07-11 15:42:45,Meta Ads (Instagram),Android,v2.5.2,Variant_B,United Kingdom
usr_000577,2026-07-04,2026-07-04 20:07:00,Paid Search (Google),Android,v2.5.2,Variant_B,United States
usr_000578,2026-07-26,2026-07-26 08:30:19,Meta Ads (Instagram),Android,v2.5.1,Variant_B,Canada
usr_000579,2026-07-03,2026-07-03 13:21:28,Meta Ads (Instagram),iOS,v2.5.3,Control_A,India
usr_000580,2026-08-12,2026-08-12 17:46:25,Meta Ads (Instagram),iOS,v2.5.1,Control_A,United Kingdom
usr_000581,2026-06-25,2026-06-25 17:17:06,Paid Search (Google),Android,v2.5.3,Variant_B,Germany
usr_000582,2026-07-25,2026-07-25 02:26:26,Paid Search (Google),Android,v2.5.2,Control_A,India
usr_000583,2026-06-15,2026-06-15 21:33:28,Meta Ads (Instagram),Android,v2.5.3,Variant_B,United States
usr_000584,2026-07-02,2026-07-02 04:11:50,Meta Ads (Instagram),Android,v2.5.3,Control_A,United States
usr_000585,2026-07-03,2026-07-03 06:08:16,Organic Search,iOS,v2.5.2,Control_A,United States
usr_000586,2026-08-21,2026-08-21 08:17:33,Referral,iOS,v2.5.2,Control_A,United States
usr_000587,2026-06-04,2026-06-04 19:37:13,Meta Ads (Instagram),iOS,v2.5.3,Control_A,United Kingdom
usr_000588,2026-08-11,2026-08-11 18:00:15,Organic Search,Android,v2.5.1,Control_A,United States
usr_000589,2026-06-09,2026-06-09 21:09:01,Referral,iOS,v2.5.3,Control_A,United States
usr_000590,2026-08-17,2026-08-17 19:23:17,Paid Search (Google),Android,v2.5.1,Variant_B,India
usr_000591,2026-07-20,2026-07-20 03:04:16,Meta Ads (Instagram),Android,v2.5.3,Variant_B,United Kingdom
usr_000592,2026-06-17,2026-06-17 15:34:52,Paid Search (Google),iOS,v2.5.3,Control_A,United States
usr_000593,2026-08-25,2026-08-25 00:59:47,Meta Ads (Instagram),Android,v2.5.3,Control_A,Canada
usr_000594,2026-06-15,2026-06-15 12:21:57,Meta Ads (Instagram),Android,v2.5.1,Control_A,United States
usr_000595,2026-08-24,2026-08-24 19:33:49,Meta Ads (Instagram),Web,v3.1.0-web,Control_A,Canada
usr_000596,2026-07-04,2026-07-04 14:59:16,Referral,Android,v2.5.1,Variant_B,United States
usr_000597,2026-07-25,2026-07-25 05:45:47,Referral,iOS,v2.5.1,Variant_B,Germany
usr_000598,2026-07-04,2026-07-04 03:13:26,Paid Search (Google),iOS,v2.5.1,Control_A,Germany
usr_000599,2026-07-17,2026-07-17 14:07:59,Meta Ads (Instagram),iOS,v2.5.2,Variant_B,United States
usr_000600,2026-06-08,2026-06-08 08:18:05,Meta Ads (Instagram),Android,v2.5.1,Variant_B,Germany
usr_000601,2026-08-05,2026-08-05 07:03:13,Meta Ads (Instagram),Android,v2.5.1,Variant_B,United States
usr_000602,2026-07-14,2026-07-14 22:09:19,Meta Ads (Instagram),Android,v2.5.2,Variant_B,India
usr_000603,2026-06-01,2026-06-01 14:10:15,Meta Ads (Instagram),Android,v2.5.2,Control_A,India
usr_000604,2026-07-16,2026-07-16 06:52:08,Paid Search (Google),iOS,v2.5.3,Control_A,United States
usr_000605,2026-08-20,2026-08-20 06:19:01,Organic Search,iOS,v2.5.1,Control_A,Germany
usr_000606,2026-08-23,2026-08-23 18:07:53,Organic Search,iOS,v2.5.3,Control_A,Germany
usr_000607,2026-08-10,2026-08-10 11:09:59,Organic Search,Android,v2.5.3,Variant_B,India
usr_000608,2026-06-26,2026-06-26 08:33:16,Organic Search,iOS,v2.5.1,Variant_B,India
usr_000609,2026-08-24,2026-08-24 23:50:40,Influencer Campaign,Android,v2.5.1,Variant_B,United Kingdom
usr_000610,2026-06-25,2026-06-25 14:39:08,Meta Ads (Instagram),Android,v2.5.3,Variant_B,Germany
usr_000611,2026-08-25,2026-08-25 21:32:12,Meta Ads (Instagram),Android,v2.5.1,Control_A,Germany
usr_000612,2026-07-01,2026-07-01 15:08:13,Paid Search (Google),Android,v2.5.2,Variant_B,United States
usr_000613,2026-06-08,2026-06-08 02:31:08,Referral,Android,v2.5.3,Control_A,United States
usr_000614,2026-07-27,2026-07-27 03:01:15,Meta Ads (Instagram),iOS,v2.5.1,Control_A,Canada
usr_000615,2026-08-05,2026-08-05 17:40:45,Paid Search (Google),iOS,v2.5.1,Variant_B,Germany
usr_000616,2026-06-26,2026-06-26 01:01:35,Organic Search,Android,v2.5.1,Variant_B,Germany
usr_000617,2026-07-02,2026-07-02 19:05:22,Paid Search (Google),iOS,v2.5.3,Variant_B,Germany
usr_000618,2026-08-10,2026-08-10 02:21:27,Meta Ads (Instagram),Android,v2.5.2,Variant_B,United States
usr_000619,2026-07-08,2026-07-08 07:37:38,Influencer Campaign,Web,v3.1.0-web,Control_A,India
usr_000620,2026-07-05,2026-07-05 01:02:26,Paid Search (Google),Android,v2.5.2,Variant_B,Canada
usr_000621,2026-07-20,2026-07-20 13:21:11,Organic Search,iOS,v2.5.3,Variant_B,United Kingdom
usr_000622,2026-08-07,2026-08-07 13:50:49,Organic Search,Android,v2.5.3,Control_A,Canada
usr_000623,2026-07-22,2026-07-22 04:42:51,Meta Ads (Instagram),Android,v2.5.1,Variant_B,Germany
usr_000624,2026-07-19,2026-07-19 11:11:02,Influencer Campaign,iOS,v2.5.2,Variant_B,Germany
usr_000625,2026-07-03,2026-07-03 23:38:32,Organic Search,iOS,v2.5.2,Control_A,Canada
usr_000626,2026-07-21,2026-07-21 13:17:50,Paid Search (Google),Android,v2.5.1,Variant_B,Canada
usr_000627,2026-08-27,2026-08-27 16:28:14,Meta Ads (Instagram),Android,v2.5.3,Control_A,United Kingdom
usr_000628,2026-06-20,2026-06-20 16:35:14,Meta Ads (Instagram),Android,v2.5.2,Variant_B,India
usr_000629,2026-06-15,2026-06-15 00:27:02,Meta Ads (Instagram),iOS,v2.5.2,Variant_B,Germany
usr_000630,2026-07-27,2026-07-27 16:01:51,Organic Search,Android,v2.5.3,Variant_B,United States
usr_000631,2026-06-30,2026-06-30 02:55:21,Organic Search,Android,v2.5.1,Control_A,United Kingdom
usr_000632,2026-06-11,2026-06-11 07:16:11,Paid Search (Google),iOS,v2.5.1,Control_A,Canada
usr_000633,2026-06-19,2026-06-19 22:21:36,Referral,Android,v2.5.2,Control_A,Canada
usr_000634,2026-07-14,2026-07-14 08:54:28,Meta Ads (Instagram),iOS,v2.5.1,Control_A,United Kingdom
usr_000635,2026-07-03,2026-07-03 19:21:05,Referral,Android,v2.5.2,Control_A,India
usr_000636,2026-07-30,2026-07-30 10:14:11,Referral,iOS,v2.5.2,Variant_B,Canada
usr_000637,2026-07-28,2026-07-28 17:15:28,Meta Ads (Instagram),Android,v2.5.3,Variant_B,Germany
usr_000638,2026-07-26,2026-07-26 15:00:34,Meta Ads (Instagram),Android,v2.5.1,Variant_B,India
usr_000639,2026-07-09,2026-07-09 02:03:21,Meta Ads (Instagram),iOS,v2.5.1,Variant_B,Germany
usr_000640,2026-07-09,2026-07-09 07:32:11,Meta Ads (Instagram),iOS,v2.5.1,Control_A,India
usr_000641,2026-06-24,2026-06-24 21:47:55,Paid Search (Google),Android,v2.5.1,Variant_B,Canada
usr_000642,2026-06-24,2026-06-24 02:18:50,Referral,Android,v2.5.2,Variant_B,Canada
usr_000643,2026-07-23,2026-07-23 06:27:42,Meta Ads (Instagram),Android,v2.5.2,Control_A,United Kingdom
usr_000644,2026-07-08,2026-07-08 09:30:25,Paid Search (Google),iOS,v2.5.1,Control_A,Canada
usr_000645,2026-07-13,2026-07-13 11:44:53,Meta Ads (Instagram),iOS,v2.5.3,Variant_B,United Kingdom
usr_000646,2026-07-15,2026-07-15 13:25:24,Organic Search,Android,v2.5.3,Control_A,United States
usr_000647,2026-08-19,2026-08-19 13:36:27,Meta Ads (Instagram),Android,v2.5.3,Variant_B,India
usr_000648,2026-06-13,2026-06-13 20:35:38,Organic Search,iOS,v2.5.1,Variant_B,United Kingdom
usr_000649,2026-08-18,2026-08-18 16:58:54,Organic Search,Android,v2.5.3,Control_A,Canada
usr_000650,2026-08-28,2026-08-28 00:39:17,Paid Search (Google),Android,v2.5.2,Control_A,United Kingdom
usr_000651,2026-06-18,2026-06-18 00:11:39,Meta Ads (Instagram),iOS,v2.5.1,Variant_B,United States
usr_000652,2026-08-29,2026-08-29 20:48:36,Meta Ads (Instagram),iOS,v2.5.3,Control_A,Canada
usr_000653,2026-06-17,2026-06-17 23:45:15,Organic Search,Android,v2.5.2,Variant_B,Canada
usr_000654,2026-07-30,2026-07-30 20:23:33,Meta Ads (Instagram),iOS,v2.5.1,Control_A,Germany
usr_000655,2026-06-20,2026-06-20 05:35:17,Organic Search,Android,v2.5.1,Variant_B,India
usr_000656,2026-08-21,2026-08-21 08:55:51,Paid Search (Google),Android,v2.5.1,Control_A,India
usr_000657,2026-08-06,2026-08-06 22:17:01,Meta Ads (Instagram),Android,v2.5.1,Variant_B,Germany
usr_000658,2026-08-02,2026-08-02 10:44:11,Meta Ads (Instagram),Web,v3.1.0-web,Variant_B,United Kingdom
usr_000659,2026-08-18,2026-08-18 04:53:16,Organic Search,Web,v3.1.0-web,Variant_B,Germany
usr_000660,2026-07-14,2026-07-14 10:42:47,Meta Ads (Instagram),Android,v2.5.1,Variant_B,India
usr_000661,2026-07-23,2026-07-23 05:39:10,Influencer Campaign,Android,v2.5.1,Control_A,United States
usr_000662,2026-07-22,2026-07-22 07:31:42,Meta Ads (Instagram),Web,v3.1.0-web,Control_A,Germany
usr_000663,2026-07-13,2026-07-13 01:26:56,Influencer Campaign,Web,v3.1.0-web,Control_A,United States
usr_000664,2026-08-10,2026-08-10 21:19:46,Paid Search (Google),iOS,v2.5.1,Variant_B,Germany
usr_000665,2026-08-04,2026-08-04 17:10:24,Influencer Campaign,Web,v3.1.0-web,Variant_B,United States
usr_000666,2026-07-31,2026-07-31 09:37:21,Organic Search,Android,v2.5.3,Variant_B,United Kingdom
usr_000667,2026-07-21,2026-07-21 05:20:27,Paid Search (Google),Android,v2.5.1,Control_A,United States
usr_000668,2026-07-04,2026-07-04 22:21:28,Influencer Campaign,Android,v2.5.2,Variant_B,India
usr_000669,2026-06-24,2026-06-24 20:30:33,Meta Ads (Instagram),iOS,v2.5.3,Control_A,United Kingdom
usr_000670,2026-08-05,2026-08-05 18:00:32,Organic Search,Web,v3.1.0-web,Control_A,United States
usr_000671,2026-08-22,2026-08-22 14:21:07,Paid Search (Google),iOS,v2.5.2,Variant_B,United Kingdom
usr_000672,2026-08-03,2026-08-03 18:11:29,Paid Search (Google),iOS,v2.5.3,Variant_B,United Kingdom
usr_000673,2026-08-24,2026-08-24 21:00:04,Paid Search (Google),iOS,v2.5.1,Variant_B,United Kingdom
usr_000674,2026-06-25,2026-06-25 03:49:19,Paid Search (Google),Android,v2.5.3,Control_A,Germany
usr_000675,2026-07-20,2026-07-20 05:48:57,Meta Ads (Instagram),iOS,v2.5.2,Control_A,United States
usr_000676,2026-06-12,2026-06-12 00:16:59,Meta Ads (Instagram),iOS,v2.5.1,Control_A,India
usr_000677,2026-06-08,2026-06-08 20:06:41,Referral,iOS,v2.5.1,Control_A,United Kingdom
usr_000678,2026-08-04,2026-08-04 09:25:52,Organic Search,Android,v2.5.3,Control_A,Canada
usr_000679,2026-07-30,2026-07-30 23:45:13,Paid Search (Google),Android,v2.5.2,Control_A,Canada
usr_000680,2026-06-28,2026-06-28 06:01:16,Meta Ads (Instagram),Android,v2.5.1,Variant_B,United Kingdom
usr_000681,2026-08-16,2026-08-16 20:24:04,Organic Search,Android,v2.5.1,Variant_B,Canada
usr_000682,2026-07-24,2026-07-24 05:22:05,Meta Ads (Instagram),iOS,v2.5.3,Control_A,United States
usr_000683,2026-07-15,2026-07-15 20:22:42,Meta Ads (Instagram),iOS,v2.5.1,Variant_B,Germany
usr_000684,2026-07-22,2026-07-22 10:12:06,Referral,Web,v3.1.0-web,Variant_B,Germany
usr_000685,2026-07-14,2026-07-14 08:34:17,Organic Search,Android,v2.5.2,Variant_B,United States
usr_000686,2026-08-22,2026-08-22 07:12:07,Meta Ads (Instagram),Android,v2.5.3,Control_A,United Kingdom
usr_000687,2026-08-19,2026-08-19 01:07:47,Organic Search,Android,v2.5.3,Control_A,Canada
usr_000688,2026-07-12,2026-07-12 12:28:26,Paid Search (Google),Android,v2.5.1,Control_A,United Kingdom
usr_000689,2026-08-21,2026-08-21 19:48:50,Organic Search,Android,v2.5.3,Variant_B,Canada
usr_000690,2026-08-09,2026-08-09 16:20:58,Paid Search (Google),Web,v3.1.0-web,Control_A,United States
usr_000691,2026-08-04,2026-08-04 20:41:37,Paid Search (Google),iOS,v2.5.2,Control_A,United States
usr_000692,2026-06-11,2026-06-11 13:28:51,Referral,Web,v3.1.0-web,Variant_B,United States
usr_000693,2026-08-10,2026-08-10 09:45:02,Meta Ads (Instagram),Android,v2.5.3,Variant_B,India
usr_000694,2026-08-22,2026-08-22 14:16:29,Meta Ads (Instagram),iOS,v2.5.1,Control_A,Canada
usr_000695,2026-06-28,2026-06-28 15:50:22,Meta Ads (Instagram),Android,v2.5.2,Variant_B,Germany
usr_000696,2026-07-08,2026-07-08 07:50:53,Organic Search,Android,v2.5.3,Variant_B,United Kingdom
usr_000697,2026-07-13,2026-07-13 23:27:47,Referral,iOS,v2.5.1,Variant_B,Germany
usr_000698,2026-06-12,2026-06-12 15:06:00,Meta Ads (Instagram),Android,v2.5.1,Variant_B,India
usr_000699,2026-06-16,2026-06-16 09:13:22,Organic Search,iOS,v2.5.1,Control_A,Canada
usr_000700,2026-07-16,2026-07-16 00:53:50,Paid Search (Google),Android,v2.5.1,Variant_B,United Kingdom
usr_000701,2026-06-14,2026-06-14 12:45:10,Meta Ads (Instagram),iOS,v2.5.2,Control_A,United States
usr_000702,2026-08-16,2026-08-16 09:01:23,Organic Search,Android,v2.5.1,Variant_B,India
usr_000703,2026-06-24,2026-06-24 02:23:51,Organic Search,iOS,v2.5.3,Variant_B,Canada
usr_000704,2026-08-23,2026-08-23 06:06:49,Influencer Campaign,iOS,v2.5.1,Control_A,United States
usr_000705,2026-07-18,2026-07-18 23:14:44,Referral,Android,v2.5.2,Control_A,Germany
usr_000706,2026-07-29,2026-07-29 02:25:51,Organic Search,iOS,v2.5.3,Variant_B,Canada
usr_000707,2026-06-05,2026-06-05 06:50:16,Meta Ads (Instagram),iOS,v2.5.3,Variant_B,United States
usr_000708,2026-08-22,2026-08-22 00:28:28,Paid Search (Google),Android,v2.5.3,Variant_B,Germany
usr_000709,2026-06-08,2026-06-08 12:17:05,Meta Ads (Instagram),Android,v2.5.2,Control_A,United Kingdom
usr_000710,2026-06-23,2026-06-23 01:35:22,Referral,Android,v2.5.3,Variant_B,Germany
usr_000711,2026-06-29,2026-06-29 06:48:44,Influencer Campaign,Android,v2.5.1,Variant_B,India
usr_000712,2026-07-18,2026-07-18 04:43:57,Influencer Campaign,Android,v2.5.3,Variant_B,India
usr_000713,2026-07-01,2026-07-01 22:58:26,Organic Search,iOS,v2.5.3,Variant_B,United Kingdom
usr_000714,2026-07-09,2026-07-09 13:08:21,Paid Search (Google),Android,v2.5.2,Variant_B,India
usr_000715,2026-06-01,2026-06-01 08:34:06,Referral,iOS,v2.5.1,Variant_B,United States
usr_000716,2026-08-17,2026-08-17 07:05:31,Paid Search (Google),Android,v2.5.3,Variant_B,United States
usr_000717,2026-08-19,2026-08-19 21:28:57,Referral,Android,v2.5.2,Variant_B,United States
usr_000718,2026-06-10,2026-06-10 03:37:17,Paid Search (Google),Android,v2.5.3,Variant_B,United Kingdom
usr_000719,2026-08-06,2026-08-06 05:08:19,Meta Ads (Instagram),iOS,v2.5.3,Control_A,India
usr_000720,2026-07-12,2026-07-12 21:06:08,Paid Search (Google),Web,v3.1.0-web,Control_A,Canada
usr_000721,2026-08-01,2026-08-01 21:02:29,Meta Ads (Instagram),Android,v2.5.3,Variant_B,United States
usr_000722,2026-08-12,2026-08-12 12:34:56,Organic Search,iOS,v2.5.2,Control_A,United States
usr_000723,2026-07-02,2026-07-02 20:33:34,Organic Search,Android,v2.5.3,Control_A,United States
usr_000724,2026-08-25,2026-08-25 23:57:35,Organic Search,iOS,v2.5.2,Variant_B,Germany
usr_000725,2026-08-19,2026-08-19 00:33:46,Meta Ads (Instagram),iOS,v2.5.1,Control_A,United States
usr_000726,2026-07-13,2026-07-13 07:47:05,Organic Search,iOS,v2.5.2,Variant_B,United Kingdom
usr_000727,2026-06-16,2026-06-16 02:13:46,Organic Search,Android,v2.5.1,Control_A,United Kingdom
usr_000728,2026-06-07,2026-06-07 05:52:42,Meta Ads (Instagram),Web,v3.1.0-web,Variant_B,Canada
usr_000729,2026-07-09,2026-07-09 11:34:40,Organic Search,Android,v2.5.2,Control_A,India
usr_000730,2026-08-11,2026-08-11 09:51:23,Meta Ads (Instagram),Android,v2.5.1,Control_A,United Kingdom
usr_000731,2026-07-28,2026-07-28 14:06:20,Paid Search (Google),Android,v2.5.1,Control_A,United States
usr_000732,2026-08-12,2026-08-12 06:45:00,Referral,Android,v2.5.3,Control_A,United States
usr_000733,2026-06-03,2026-06-03 21:23:47,Paid Search (Google),iOS,v2.5.2,Control_A,Germany
usr_000734,2026-06-14,2026-06-14 04:47:08,Referral,Android,v2.5.3,Control_A,India
usr_000735,2026-07-16,2026-07-16 02:00:07,Paid Search (Google),iOS,v2.5.1,Variant_B,Germany
usr_000736,2026-07-20,2026-07-20 19:31:44,Paid Search (Google),Android,v2.5.1,Control_A,United Kingdom
usr_000737,2026-06-06,2026-06-06 20:02:28,Influencer Campaign,Android,v2.5.2,Control_A,United States
usr_000738,2026-07-07,2026-07-07 15:26:20,Meta Ads (Instagram),iOS,v2.5.3,Control_A,United States
usr_000739,2026-06-02,2026-06-02 21:23:47,Organic Search,iOS,v2.5.3,Variant_B,United Kingdom
usr_000740,2026-07-07,2026-07-07 09:46:45,Meta Ads (Instagram),iOS,v2.5.1,Variant_B,United Kingdom
usr_000741,2026-06-28,2026-06-28 00:08:48,Paid Search (Google),Android,v2.5.2,Variant_B,United States
usr_000742,2026-07-10,2026-07-10 04:39:57,Influencer Campaign,Web,v3.1.0-web,Variant_B,United States
usr_000743,2026-06-10,2026-06-10 00:16:10,Meta Ads (Instagram),iOS,v2.5.1,Variant_B,United States
usr_000744,2026-07-27,2026-07-27 06:38:33,Organic Search,Android,v2.5.1,Control_A,United Kingdom
usr_000745,2026-07-11,2026-07-11 00:12:20,Referral,Android,v2.5.3,Variant_B,India
usr_000746,2026-07-27,2026-07-27 19:27:24,Referral,iOS,v2.5.1,Variant_B,United States
usr_000747,2026-07-19,2026-07-19 06:59:17,Meta Ads (Instagram),Android,v2.5.2,Variant_B,India
usr_000748,2026-06-07,2026-06-07 14:48:52,Meta Ads (Instagram),iOS,v2.5.2,Control_A,Germany
usr_000749,2026-08-14,2026-08-14 18:06:01,Meta Ads (Instagram),iOS,v2.5.2,Control_A,Germany
usr_000750,2026-08-01,2026-08-01 05:25:45,Paid Search (Google),Web,v3.1.0-web,Control_A,Canada
usr_000751,2026-08-17,2026-08-17 10:09:00,Meta Ads (Instagram),iOS,v2.5.1,Variant_B,Germany
usr_000752,2026-08-24,2026-08-24 12:45:28,Organic Search,iOS,v2.5.2,Control_A,India
usr_000753,2026-08-23,2026-08-23 21:30:01,Meta Ads (Instagram),iOS,v2.5.2,Control_A,Canada
usr_000754,2026-07-28,2026-07-28 21:18:08,Referral,iOS,v2.5.2,Variant_B,United States
usr_000755,2026-06-29,2026-06-29 20:41:53,Meta Ads (Instagram),Android,v2.5.2,Variant_B,Germany
usr_000756,2026-08-06,2026-08-06 10:03:19,Meta Ads (Instagram),iOS,v2.5.1,Variant_B,United Kingdom
usr_000757,2026-06-27,2026-06-27 19:12:15,Paid Search (Google),Web,v3.1.0-web,Control_A,United Kingdom
usr_000758,2026-06-04,2026-06-04 13:48:38,Meta Ads (Instagram),Web,v3.1.0-web,Variant_B,Germany
usr_000759,2026-06-04,2026-06-04 04:33:02,Referral,Android,v2.5.3,Control_A,United States
usr_000760,2026-08-11,2026-08-11 17:42:18,Referral,iOS,v2.5.3,Variant_B,United States
usr_000761,2026-06-23,2026-06-23 03:51:03,Paid Search (Google),iOS,v2.5.3,Variant_B,United States
usr_000762,2026-08-10,2026-08-10 00:15:32,Paid Search (Google),Android,v2.5.2,Control_A,United Kingdom
usr_000763,2026-07-31,2026-07-31 22:34:53,Meta Ads (Instagram),iOS,v2.5.1,Variant_B,India
usr_000764,2026-07-08,2026-07-08 02:13:58,Referral,iOS,v2.5.1,Variant_B,United Kingdom
usr_000765,2026-08-27,2026-08-27 23:49:49,Meta Ads (Instagram),Android,v2.5.2,Variant_B,United Kingdom
usr_000766,2026-08-08,2026-08-08 06:12:18,Referral,iOS,v2.5.1,Control_A,Germany
usr_000767,2026-07-20,2026-07-20 08:59:04,Referral,iOS,v2.5.2,Control_A,United Kingdom
usr_000768,2026-08-16,2026-08-16 19:06:29,Paid Search (Google),iOS,v2.5.3,Variant_B,United States
usr_000769,2026-08-04,2026-08-04 20:40:21,Paid Search (Google),Android,v2.5.2,Control_A,United Kingdom
usr_000770,2026-06-05,2026-06-05 02:17:25,Influencer Campaign,iOS,v2.5.3,Variant_B,India
usr_000771,2026-07-19,2026-07-19 21:09:08,Meta Ads (Instagram),Web,v3.1.0-web,Variant_B,United Kingdom
usr_000772,2026-06-09,2026-06-09 07:15:47,Paid Search (Google),Android,v2.5.1,Variant_B,India
usr_000773,2026-07-04,2026-07-04 06:10:47,Organic Search,iOS,v2.5.1,Control_A,United Kingdom
usr_000774,2026-06-22,2026-06-22 05:25:52,Paid Search (Google),iOS,v2.5.3,Control_A,India
usr_000775,2026-07-29,2026-07-29 21:34:30,Organic Search,iOS,v2.5.1,Control_A,United States
usr_000776,2026-06-22,2026-06-22 15:39:40,Influencer Campaign,iOS,v2.5.2,Control_A,United Kingdom
usr_000777,2026-07-02,2026-07-02 13:48:08,Referral,Web,v3.1.0-web,Variant_B,Canada
usr_000778,2026-07-11,2026-07-11 01:12:52,Paid Search (Google),iOS,v2.5.3,Control_A,Canada
usr_000779,2026-08-17,2026-08-17 18:51:31,Paid Search (Google),iOS,v2.5.2,Variant_B,United States
usr_000780,2026-07-24,2026-07-24 18:33:14,Organic Search,Android,v2.5.1,Control_A,United Kingdom
usr_000781,2026-08-22,2026-08-22 12:30:02,Organic Search,iOS,v2.5.1,Control_A,United States
usr_000782,2026-08-25,2026-08-25 03:39:46,Organic Search,iOS,v2.5.2,Variant_B,Germany
usr_000783,2026-07-09,2026-07-09 00:50:50,Meta Ads (Instagram),Android,v2.5.3,Control_A,United States
usr_000784,2026-06-12,2026-06-12 05:19:55,Organic Search,Android,v2.5.1,Variant_B,United Kingdom
usr_000785,2026-06-13,2026-06-13 19:06:15,Paid Search (Google),Android,v2.5.3,Variant_B,United Kingdom
usr_000786,2026-07-08,2026-07-08 19:00:58,Referral,Web,v3.1.0-web,Control_A,Canada
usr_000787,2026-06-09,2026-06-09 17:04:18,Meta Ads (Instagram),Android,v2.5.2,Control_A,Germany
usr_000788,2026-06-01,2026-06-01 16:01:26,Meta Ads (Instagram),iOS,v2.5.3,Control_A,India
usr_000789,2026-06-01,2026-06-01 17:10:33,Paid Search (Google),Android,v2.5.2,Variant_B,India
usr_000790,2026-07-14,2026-07-14 02:09:20,Paid Search (Google),Android,v2.5.3,Control_A,United Kingdom
usr_000791,2026-08-22,2026-08-22 05:04:33,Organic Search,iOS,v2.5.2,Control_A,United States
usr_000792,2026-07-25,2026-07-25 02:12:20,Meta Ads (Instagram),Web,v3.1.0-web,Variant_B,Germany
usr_000793,2026-08-07,2026-08-07 13:32:11,Influencer Campaign,iOS,v2.5.1,Variant_B,Germany
usr_000794,2026-07-01,2026-07-01 18:40:16,Paid Search (Google),Android,v2.5.3,Variant_B,Germany
usr_000795,2026-08-12,2026-08-12 03:26:56,Paid Search (Google),Android,v2.5.1,Control_A,Germany
usr_000796,2026-08-07,2026-08-07 03:08:52,Meta Ads (Instagram),iOS,v2.5.2,Variant_B,United Kingdom
usr_000797,2026-08-14,2026-08-14 08:58:30,Referral,iOS,v2.5.3,Control_A,Canada
usr_000798,2026-07-27,2026-07-27 17:01:40,Paid Search (Google),Android,v2.5.2,Control_A,United Kingdom
usr_000799,2026-07-13,2026-07-13 19:10:31,Influencer Campaign,iOS,v2.5.3,Control_A,Canada
usr_000800,2026-08-04,2026-08-04 11:32:59,Organic Search,iOS,v2.5.1,Control_A,United Kingdom
usr_000801,2026-08-19,2026-08-19 07:15:47,Meta Ads (Instagram),Web,v3.1.0-web,Control_A,Canada
usr_000802,2026-07-05,2026-07-05 22:05:46,Organic Search,iOS,v2.5.1,Control_A,United States
usr_000803,2026-08-20,2026-08-20 06:18:24,Meta Ads (Instagram),iOS,v2.5.2,Variant_B,United States
usr_000804,2026-08-28,2026-08-28 05:37:56,Meta Ads (Instagram),iOS,v2.5.2,Variant_B,United Kingdom
usr_000805,2026-08-14,2026-08-14 06:41:45,Meta Ads (Instagram),Android,v2.5.1,Control_A,Canada
usr_000806,2026-07-02,2026-07-02 23:58:58,Paid Search (Google),iOS,v2.5.3,Variant_B,Canada
usr_000807,2026-08-03,2026-08-03 04:43:32,Referral,iOS,v2.5.3,Variant_B,Germany
usr_000808,2026-08-29,2026-08-29 10:47:25,Paid Search (Google),Web,v3.1.0-web,Variant_B,India
usr_000809,2026-08-21,2026-08-21 07:08:02,Meta Ads (Instagram),Android,v2.5.3,Variant_B,United States
usr_000810,2026-08-22,2026-08-22 05:00:49,Organic Search,Android,v2.5.1,Variant_B,Canada
usr_000811,2026-07-28,2026-07-28 19:17:25,Referral,Web,v3.1.0-web,Control_A,India
usr_000812,2026-07-01,2026-07-01 23:00:55,Paid Search (Google),Android,v2.5.1,Control_A,Germany
usr_000813,2026-07-12,2026-07-12 20:43:41,Meta Ads (Instagram),Web,v3.1.0-web,Variant_B,Canada
usr_000814,2026-08-27,2026-08-27 15:57:09,Meta Ads (Instagram),Android,v2.5.2,Variant_B,Canada
usr_000815,2026-06-25,2026-06-25 04:59:28,Paid Search (Google),Android,v2.5.3,Variant_B,Canada
usr_000816,2026-08-07,2026-08-07 23:10:20,Meta Ads (Instagram),Web,v3.1.0-web,Variant_B,Germany
usr_000817,2026-08-03,2026-08-03 07:11:58,Paid Search (Google),iOS,v2.5.3,Variant_B,Germany
usr_000818,2026-06-26,2026-06-26 07:09:07,Organic Search,Android,v2.5.2,Variant_B,Canada
usr_000819,2026-08-14,2026-08-14 03:28:55,Organic Search,Web,v3.1.0-web,Variant_B,India
usr_000820,2026-06-22,2026-06-22 14:33:38,Paid Search (Google),Web,v3.1.0-web,Control_A,India
usr_000821,2026-07-23,2026-07-23 07:20:47,Organic Search,Android,v2.5.1,Variant_B,Canada
usr_000822,2026-08-24,2026-08-24 10:32:36,Meta Ads (Instagram),iOS,v2.5.3,Variant_B,India
usr_000823,2026-06-15,2026-06-15 12:22:46,Organic Search,Android,v2.5.3,Control_A,United Kingdom
usr_000824,2026-06-11,2026-06-11 03:11:48,Paid Search (Google),iOS,v2.5.3,Control_A,United States
usr_000825,2026-06-06,2026-06-06 00:03:27,Referral,iOS,v2.5.1,Variant_B,United Kingdom
usr_000826,2026-07-11,2026-07-11 18:10:01,Organic Search,Android,v2.5.1,Variant_B,Germany
usr_000827,2026-08-28,2026-08-28 19:35:06,Referral,iOS,v2.5.3,Control_A,Canada
usr_000828,2026-07-16,2026-07-16 03:05:53,Referral,Web,v3.1.0-web,Control_A,Canada
usr_000829,2026-07-13,2026-07-13 06:42:36,Organic Search,iOS,v2.5.1,Variant_B,United Kingdom
usr_000830,2026-07-07,2026-07-07 09:05:20,Meta Ads (Instagram),iOS,v2.5.2,Variant_B,Canada
usr_000831,2026-06-28,2026-06-28 12:57:13,Paid Search (Google),iOS,v2.5.3,Control_A,Canada
usr_000832,2026-07-20,2026-07-20 09:33:54,Meta Ads (Instagram),iOS,v2.5.1,Variant_B,Germany
usr_000833,2026-06-09,2026-06-09 08:18:16,Paid Search (Google),Android,v2.5.1,Control_A,United Kingdom
usr_000834,2026-06-05,2026-06-05 07:25:27,Paid Search (Google),Android,v2.5.1,Variant_B,Germany
usr_000835,2026-08-06,2026-08-06 05:48:01,Referral,iOS,v2.5.3,Control_A,India
usr_000836,2026-08-27,2026-08-27 12:08:34,Meta Ads (Instagram),Android,v2.5.3,Control_A,India
usr_000837,2026-07-13,2026-07-13 00:56:34,Influencer Campaign,Android,v2.5.1,Variant_B,Canada
usr_000838,2026-06-27,2026-06-27 02:52:21,Referral,iOS,v2.5.2,Control_A,United Kingdom
usr_000839,2026-06-04,2026-06-04 01:30:39,Paid Search (Google),Android,v2.5.1,Control_A,Canada
usr_000840,2026-06-24,2026-06-24 11:03:00,Organic Search,Android,v2.5.3,Variant_B,Canada
usr_000841,2026-06-06,2026-06-06 03:17:28,Organic Search,Android,v2.5.3,Variant_B,India
usr_000842,2026-07-10,2026-07-10 14:41:31,Meta Ads (Instagram),iOS,v2.5.1,Variant_B,India
usr_000843,2026-08-13,2026-08-13 19:34:50,Paid Search (Google),iOS,v2.5.2,Control_A,India
usr_000844,2026-08-01,2026-08-01 07:28:46,Paid Search (Google),Android,v2.5.1,Control_A,India
usr_000845,2026-06-11,2026-06-11 13:18:21,Organic Search,Web,v3.1.0-web,Variant_B,Canada
usr_000846,2026-08-03,2026-08-03 23:43:25,Meta Ads (Instagram),Web,v3.1.0-web,Variant_B,Canada
usr_000847,2026-06-06,2026-06-06 19:01:13,Organic Search,iOS,v2.5.3,Variant_B,Germany
usr_000848,2026-06-19,2026-06-19 05:54:39,Meta Ads (Instagram),Android,v2.5.2,Variant_B,Canada
usr_000849,2026-08-21,2026-08-21 05:05:27,Meta Ads (Instagram),iOS,v2.5.1,Variant_B,Germany
usr_000850,2026-08-02,2026-08-02 06:49:30,Meta Ads (Instagram),iOS,v2.5.1,Control_A,United Kingdom
usr_000851,2026-08-28,2026-08-28 05:33:26,Organic Search,iOS,v2.5.2,Variant_B,Canada
usr_000852,2026-08-12,2026-08-12 23:35:29,Meta Ads (Instagram),iOS,v2.5.2,Control_A,United Kingdom
usr_000853,2026-07-26,2026-07-26 14:45:23,Meta Ads (Instagram),iOS,v2.5.3,Control_A,United Kingdom
usr_000854,2026-06-08,2026-06-08 16:54:16,Paid Search (Google),iOS,v2.5.1,Variant_B,India
usr_000855,2026-06-11,2026-06-11 10:29:32,Influencer Campaign,Android,v2.5.3,Control_A,Germany
usr_000856,2026-07-01,2026-07-01 04:04:58,Meta Ads (Instagram),Android,v2.5.1,Control_A,Germany
usr_000857,2026-07-30,2026-07-30 14:08:47,Organic Search,iOS,v2.5.1,Control_A,Germany
usr_000858,2026-08-13,2026-08-13 12:24:52,Paid Search (Google),iOS,v2.5.2,Control_A,Canada
usr_000859,2026-06-09,2026-06-09 01:37:16,Paid Search (Google),iOS,v2.5.3,Control_A,Germany
usr_000860,2026-07-05,2026-07-05 02:41:40,Meta Ads (Instagram),Android,v2.5.3,Control_A,Germany
usr_000861,2026-06-18,2026-06-18 08:44:51,Paid Search (Google),iOS,v2.5.2,Control_A,Canada
usr_000862,2026-07-13,2026-07-13 10:45:24,Paid Search (Google),iOS,v2.5.2,Variant_B,India
usr_000863,2026-06-17,2026-06-17 09:05:22,Referral,Android,v2.5.3,Variant_B,India
usr_000864,2026-06-16,2026-06-16 03:19:18,Influencer Campaign,Android,v2.5.3,Control_A,United States
usr_000865,2026-08-18,2026-08-18 05:37:00,Organic Search,Android,v2.5.3,Control_A,Germany
usr_000866,2026-06-15,2026-06-15 23:37:03,Meta Ads (Instagram),Android,v2.5.3,Variant_B,United States
usr_000867,2026-08-16,2026-08-16 19:26:26,Meta Ads (Instagram),iOS,v2.5.2,Control_A,Germany
usr_000868,2026-07-12,2026-07-12 04:28:43,Organic Search,Android,v2.5.2,Variant_B,Canada
usr_000869,2026-08-08,2026-08-08 04:42:40,Paid Search (Google),iOS,v2.5.2,Variant_B,Canada
usr_000870,2026-07-29,2026-07-29 02:04:04,Paid Search (Google),Android,v2.5.1,Variant_B,United Kingdom
usr_000871,2026-07-25,2026-07-25 10:05:52,Organic Search,Android,v2.5.2,Variant_B,India
usr_000872,2026-07-12,2026-07-12 10:18:26,Paid Search (Google),Android,v2.5.2,Variant_B,United Kingdom
usr_000873,2026-06-29,2026-06-29 04:25:56,Meta Ads (Instagram),iOS,v2.5.1,Variant_B,India
usr_000874,2026-08-17,2026-08-17 09:35:13,Organic Search,iOS,v2.5.3,Variant_B,India
usr_000875,2026-07-27,2026-07-27 21:31:29,Meta Ads (Instagram),iOS,v2.5.1,Variant_B,United States
usr_000876,2026-07-09,2026-07-09 05:37:45,Paid Search (Google),iOS,v2.5.3,Variant_B,Canada
usr_000877,2026-06-06,2026-06-06 15:20:29,Referral,Web,v3.1.0-web,Variant_B,Canada
usr_000878,2026-06-14,2026-06-14 15:14:43,Paid Search (Google),iOS,v2.5.2,Variant_B,Germany
usr_000879,2026-06-06,2026-06-06 00:49:58,Paid Search (Google),iOS,v2.5.1,Variant_B,Canada
usr_000880,2026-07-14,2026-07-14 17:06:49,Influencer Campaign,iOS,v2.5.1,Control_A,Canada
usr_000881,2026-06-29,2026-06-29 23:08:03,Paid Search (Google),iOS,v2.5.2,Variant_B,United Kingdom
usr_000882,2026-07-29,2026-07-29 09:55:27,Meta Ads (Instagram),iOS,v2.5.2,Variant_B,Canada
usr_000883,2026-08-18,2026-08-18 17:29:57,Meta Ads (Instagram),Web,v3.1.0-web,Control_A,United Kingdom
usr_000884,2026-06-15,2026-06-15 12:19:41,Organic Search,iOS,v2.5.2,Control_A,United States
usr_000885,2026-06-02,2026-06-02 18:00:27,Meta Ads (Instagram),Android,v2.5.3,Control_A,United Kingdom
usr_000886,2026-06-12,2026-06-12 16:01:34,Meta Ads (Instagram),Android,v2.5.2,Variant_B,United States
usr_000887,2026-07-05,2026-07-05 03:21:50,Meta Ads (Instagram),iOS,v2.5.1,Control_A,United States
usr_000888,2026-07-05,2026-07-05 21:54:40,Paid Search (Google),Android,v2.5.3,Variant_B,Germany
usr_000889,2026-07-20,2026-07-20 05:41:20,Organic Search,iOS,v2.5.2,Variant_B,United Kingdom
usr_000890,2026-07-11,2026-07-11 13:09:07,Meta Ads (Instagram),Web,v3.1.0-web,Variant_B,United States
usr_000891,2026-08-29,2026-08-29 19:10:37,Meta Ads (Instagram),Android,v2.5.3,Control_A,United Kingdom
usr_000892,2026-06-22,2026-06-22 15:26:08,Organic Search,iOS,v2.5.2,Control_A,Germany
usr_000893,2026-07-23,2026-07-23 11:01:31,Paid Search (Google),Android,v2.5.1,Control_A,Canada
usr_000894,2026-08-19,2026-08-19 22:15:34,Influencer Campaign,Android,v2.5.2,Control_A,United States
usr_000895,2026-07-22,2026-07-22 05:20:51,Influencer Campaign,Android,v2.5.1,Variant_B,Germany
usr_000896,2026-07-08,2026-07-08 10:45:56,Paid Search (Google),iOS,v2.5.2,Control_A,United States
usr_000897,2026-08-28,2026-08-28 11:18:56,Meta Ads (Instagram),Web,v3.1.0-web,Variant_B,Germany
usr_000898,2026-07-01,2026-07-01 05:39:37,Meta Ads (Instagram),iOS,v2.5.2,Variant_B,United States
usr_000899,2026-06-08,2026-06-08 12:43:30,Influencer Campaign,Android,v2.5.3,Control_A,Germany
usr_000900,2026-08-13,2026-08-13 21:56:21,Paid Search (Google),Android,v2.5.2,Control_A,United Kingdom
usr_000901,2026-08-17,2026-08-17 19:37:53,Paid Search (Google),Android,v2.5.1,Variant_B,Germany
usr_000902,2026-08-24,2026-08-24 08:05:47,Paid Search (Google),Android,v2.5.2,Variant_B,Germany
usr_000903,2026-07-26,2026-07-26 14:01:05,Paid Search (Google),iOS,v2.5.2,Control_A,Germany
usr_000904,2026-08-20,2026-08-20 23:46:31,Influencer Campaign,Android,v2.5.1,Control_A,Canada
usr_000905,2026-07-06,2026-07-06 04:07:35,Paid Search (Google),Android,v2.5.2,Variant_B,Germany
usr_000906,2026-08-08,2026-08-08 00:29:31,Referral,iOS,v2.5.1,Control_A,United Kingdom
usr_000907,2026-07-16,2026-07-16 18:24:57,Paid Search (Google),Android,v2.5.1,Control_A,Canada
usr_000908,2026-06-11,2026-06-11 09:21:47,Organic Search,Web,v3.1.0-web,Variant_B,United States
usr_000909,2026-07-20,2026-07-20 19:01:13,Referral,iOS,v2.5.2,Variant_B,Canada
usr_000910,2026-06-10,2026-06-10 08:22:09,Meta Ads (Instagram),Android,v2.5.3,Variant_B,United Kingdom
usr_000911,2026-08-03,2026-08-03 07:26:46,Referral,Android,v2.5.1,Control_A,India
usr_000912,2026-07-22,2026-07-22 13:57:20,Paid Search (Google),iOS,v2.5.2,Control_A,India
usr_000913,2026-06-03,2026-06-03 05:41:10,Influencer Campaign,Android,v2.5.3,Control_A,Germany
usr_000914,2026-08-17,2026-08-17 14:03:04,Paid Search (Google),Web,v3.1.0-web,Control_A,United States
usr_000915,2026-07-05,2026-07-05 17:46:55,Organic Search,Android,v2.5.2,Control_A,Germany
usr_000916,2026-06-15,2026-06-15 18:45:46,Paid Search (Google),iOS,v2.5.3,Variant_B,Germany
usr_000917,2026-07-29,2026-07-29 21:31:20,Meta Ads (Instagram),Android,v2.5.3,Control_A,India
usr_000918,2026-08-14,2026-08-14 07:30:08,Meta Ads (Instagram),Android,v2.5.2,Control_A,Germany
usr_000919,2026-07-06,2026-07-06 10:20:08,Meta Ads (Instagram),Web,v3.1.0-web,Control_A,United States
usr_000920,2026-08-24,2026-08-24 08:07:18,Meta Ads (Instagram),Android,v2.5.1,Variant_B,India
usr_000921,2026-06-19,2026-06-19 15:03:29,Organic Search,Android,v2.5.1,Variant_B,United Kingdom
usr_000922,2026-08-23,2026-08-23 08:01:43,Paid Search (Google),Android,v2.5.1,Variant_B,United Kingdom
usr_000923,2026-07-18,2026-07-18 13:30:34,Paid Search (Google),Android,v2.5.1,Control_A,India
usr_000924,2026-06-27,2026-06-27 23:43:07,Paid Search (Google),iOS,v2.5.3,Control_A,Canada
usr_000925,2026-07-05,2026-07-05 10:41:16,Meta Ads (Instagram),Android,v2.5.3,Control_A,Canada
usr_000926,2026-06-03,2026-06-03 04:50:44,Meta Ads (Instagram),iOS,v2.5.3,Variant_B,Germany
usr_000927,2026-08-10,2026-08-10 15:05:51,Meta Ads (Instagram),iOS,v2.5.3,Variant_B,Germany
usr_000928,2026-08-13,2026-08-13 19:56:25,Influencer Campaign,iOS,v2.5.2,Variant_B,United States
usr_000929,2026-08-12,2026-08-12 06:29:09,Referral,iOS,v2.5.2,Control_A,Germany
usr_000930,2026-07-19,2026-07-19 13:46:11,Paid Search (Google),iOS,v2.5.2,Variant_B,United Kingdom
usr_000931,2026-07-29,2026-07-29 12:07:07,Paid Search (Google),Android,v2.5.2,Variant_B,India
usr_000932,2026-08-16,2026-08-16 14:13:21,Meta Ads (Instagram),Android,v2.5.2,Variant_B,India
usr_000933,2026-07-15,2026-07-15 14:49:31,Paid Search (Google),Android,v2.5.2,Control_A,United Kingdom
usr_000934,2026-06-05,2026-06-05 14:22:05,Referral,Android,v2.5.1,Control_A,India
usr_000935,2026-08-29,2026-08-29 16:46:22,Organic Search,iOS,v2.5.2,Variant_B,United Kingdom
usr_000936,2026-08-04,2026-08-04 04:26:19,Organic Search,iOS,v2.5.2,Control_A,India
usr_000937,2026-07-23,2026-07-23 02:04:56,Paid Search (Google),Android,v2.5.3,Control_A,India
usr_000938,2026-08-14,2026-08-14 18:47:11,Meta Ads (Instagram),Android,v2.5.1,Control_A,India
usr_000939,2026-07-18,2026-07-18 02:57:58,Meta Ads (Instagram),iOS,v2.5.2,Variant_B,United States
usr_000940,2026-08-27,2026-08-27 17:50:50,Paid Search (Google),iOS,v2.5.3,Control_A,Germany
usr_000941,2026-06-12,2026-06-12 01:11:31,Organic Search,Android,v2.5.2,Variant_B,Canada
usr_000942,2026-08-06,2026-08-06 12:52:21,Meta Ads (Instagram),Android,v2.5.2,Control_A,United States
usr_000943,2026-07-05,2026-07-05 14:56:10,Meta Ads (Instagram),iOS,v2.5.1,Variant_B,Canada
usr_000944,2026-07-14,2026-07-14 23:12:07,Paid Search (Google),iOS,v2.5.1,Control_A,India
usr_000945,2026-06-02,2026-06-02 00:25:46,Paid Search (Google),iOS,v2.5.1,Variant_B,India
usr_000946,2026-06-18,2026-06-18 14:38:29,Paid Search (Google),iOS,v2.5.2,Control_A,Germany
usr_000947,2026-08-24,2026-08-24 22:46:37,Meta Ads (Instagram),Web,v3.1.0-web,Control_A,United States
usr_000948,2026-07-19,2026-07-19 13:37:02,Meta Ads (Instagram),Android,v2.5.3,Variant_B,India
usr_000949,2026-06-02,2026-06-02 14:36:09,Meta Ads (Instagram),Android,v2.5.2,Control_A,Germany
usr_000950,2026-06-09,2026-06-09 02:59:29,Organic Search,Android,v2.5.1,Variant_B,India
usr_000951,2026-06-15,2026-06-15 13:23:39,Paid Search (Google),Android,v2.5.2,Control_A,United Kingdom
usr_000952,2026-06-27,2026-06-27 08:07:27,Organic Search,iOS,v2.5.1,Variant_B,United States
usr_000953,2026-08-03,2026-08-03 17:37:52,Paid Search (Google),Android,v2.5.2,Variant_B,India
usr_000954,2026-06-04,2026-06-04 01:53:10,Referral,Android,v2.5.3,Variant_B,United Kingdom
usr_000955,2026-08-24,2026-08-24 08:09:17,Organic Search,Android,v2.5.2,Control_A,Germany
usr_000956,2026-08-18,2026-08-18 15:24:28,Meta Ads (Instagram),Android,v2.5.2,Control_A,India
usr_000957,2026-07-28,2026-07-28 06:10:56,Meta Ads (Instagram),iOS,v2.5.3,Control_A,United States
usr_000958,2026-07-28,2026-07-28 02:30:59,Paid Search (Google),iOS,v2.5.1,Control_A,United States
usr_000959,2026-08-22,2026-08-22 09:59:25,Meta Ads (Instagram),Android,v2.5.2,Control_A,India
usr_000960,2026-08-26,2026-08-26 13:45:42,Organic Search,Android,v2.5.3,Control_A,United Kingdom
usr_000961,2026-06-22,2026-06-22 23:04:36,Meta Ads (Instagram),Android,v2.5.1,Variant_B,Germany
usr_000962,2026-06-28,2026-06-28 21:02:32,Paid Search (Google),Android,v2.5.1,Control_A,United States
usr_000963,2026-06-20,2026-06-20 05:57:49,Meta Ads (Instagram),iOS,v2.5.1,Variant_B,Germany
usr_000964,2026-06-27,2026-06-27 22:19:08,Meta Ads (Instagram),Android,v2.5.2,Variant_B,India
usr_000965,2026-06-07,2026-06-07 07:04:39,Meta Ads (Instagram),Android,v2.5.2,Control_A,Canada
usr_000966,2026-06-20,2026-06-20 09:11:41,Organic Search,Android,v2.5.1,Variant_B,United States
usr_000967,2026-07-21,2026-07-21 09:41:16,Meta Ads (Instagram),Android,v2.5.2,Variant_B,Germany
usr_000968,2026-07-27,2026-07-27 04:47:42,Meta Ads (Instagram),iOS,v2.5.3,Variant_B,United States
usr_000969,2026-06-01,2026-06-01 13:57:32,Paid Search (Google),Web,v3.1.0-web,Control_A,United States
usr_000970,2026-07-23,2026-07-23 15:36:16,Influencer Campaign,iOS,v2.5.2,Control_A,Canada
usr_000971,2026-07-11,2026-07-11 13:47:58,Organic Search,Android,v2.5.2,Control_A,Canada
usr_000972,2026-06-14,2026-06-14 19:30:12,Organic Search,iOS,v2.5.3,Control_A,India
usr_000973,2026-06-13,2026-06-13 01:00:58,Organic Search,Android,v2.5.1,Variant_B,Germany
usr_000974,2026-06-25,2026-06-25 16:38:19,Paid Search (Google),Android,v2.5.2,Control_A,India
usr_000975,2026-06-17,2026-06-17 03:16:24,Paid Search (Google),Android,v2.5.3,Variant_B,India
usr_000976,2026-07-21,2026-07-21 08:58:44,Paid Search (Google),iOS,v2.5.2,Control_A,India
usr_000977,2026-08-09,2026-08-09 11:51:43,Organic Search,Web,v3.1.0-web,Control_A,United States
usr_000978,2026-08-09,2026-08-09 03:50:23,Meta Ads (Instagram),iOS,v2.5.2,Variant_B,United Kingdom
usr_000979,2026-06-02,2026-06-02 00:44:28,Influencer Campaign,Android,v2.5.3,Variant_B,Canada
usr_000980,2026-07-06,2026-07-06 21:32:04,Referral,iOS,v2.5.1,Control_A,Canada
usr_000981,2026-07-24,2026-07-24 09:27:26,Meta Ads (Instagram),Android,v2.5.2,Control_A,United Kingdom
usr_000982,2026-06-01,2026-06-01 23:27:34,Paid Search (Google),Android,v2.5.1,Variant_B,United Kingdom
usr_000983,2026-07-15,2026-07-15 18:51:10,Influencer Campaign,Android,v2.5.1,Variant_B,India
usr_000984,2026-07-22,2026-07-22 16:17:04,Meta Ads (Instagram),Web,v3.1.0-web,Control_A,United States
usr_000985,2026-06-17,2026-06-17 01:34:41,Organic Search,Android,v2.5.2,Variant_B,Germany
usr_000986,2026-08-04,2026-08-04 05:49:32,Paid Search (Google),Web,v3.1.0-web,Control_A,India
usr_000987,2026-08-01,2026-08-01 08:46:25,Paid Search (Google),Android,v2.5.2,Variant_B,Canada
usr_000988,2026-08-21,2026-08-21 14:14:55,Organic Search,Android,v2.5.2,Control_A,Germany
usr_000989,2026-06-05,2026-06-05 04:51:53,Organic Search,Android,v2.5.2,Control_A,India
usr_000990,2026-08-10,2026-08-10 17:48:09,Organic Search,Android,v2.5.3,Variant_B,Canada
usr_000991,2026-07-05,2026-07-05 14:46:36,Meta Ads (Instagram),Web,v3.1.0-web,Variant_B,United States
usr_000992,2026-08-29,2026-08-29 12:55:56,Organic Search,Android,v2.5.1,Control_A,Germany
usr_000993,2026-08-15,2026-08-15 08:47:34,Paid Search (Google),Android,v2.5.1,Control_A,Canada
usr_000994,2026-06-02,2026-06-02 22:44:54,Influencer Campaign,Android,v2.5.1,Variant_B,United States
usr_000995,2026-08-08,2026-08-08 04:26:03,Influencer Campaign,Android,v2.5.3,Control_A,Germany
usr_000996,2026-06-19,2026-06-19 08:00:18,Organic Search,iOS,v2.5.3,Control_A,United Kingdom
usr_000997,2026-08-06,2026-08-06 01:50:35,Paid Search (Google),Android,v2.5.2,Variant_B,Germany
usr_000998,2026-07-03,2026-07-03 02:30:51,Organic Search,Web,v3.1.0-web,Control_A,United Kingdom
usr_000999,2026-06-26,2026-06-26 11:47:26,Organic Search,iOS,v2.5.1,Control_A,United States
usr_001000,2026-08-09,2026-08-09 14:42:20,Meta Ads (Instagram),Android,v2.5.2,Variant_B,United Kingdom
usr_001001,2026-08-08,2026-08-08 04:10:41,Influencer Campaign,iOS,v2.5.1,Control_A,India
usr_001002,2026-06-14,2026-06-14 09:21:39,Meta Ads (Instagram),iOS,v2.5.1,Control_A,India
usr_001003,2026-07-27,2026-07-27 01:00:11,Paid Search (Google),iOS,v2.5.2,Variant_B,Germany
usr_001004,2026-06-18,2026-06-18 13:19:57,Influencer Campaign,Android,v2.5.1,Control_A,India
usr_001005,2026-06-23,2026-06-23 14:31:14,Paid Search (Google),iOS,v2.5.2,Control_A,Canada
usr_001006,2026-08-04,2026-08-04 02:33:49,Meta Ads (Instagram),iOS,v2.5.3,Variant_B,United Kingdom
usr_001007,2026-07-15,2026-07-15 13:38:41,Meta Ads (Instagram),Android,v2.5.2,Variant_B,Canada
usr_001008,2026-06-01,2026-06-01 04:28:04,Paid Search (Google),iOS,v2.5.2,Variant_B,Germany
usr_001009,2026-08-07,2026-08-07 09:37:26,Organic Search,Android,v2.5.3,Variant_B,United Kingdom
usr_001010,2026-07-01,2026-07-01 08:24:43,Meta Ads (Instagram),Web,v3.1.0-web,Variant_B,Canada
usr_001011,2026-07-25,2026-07-25 14:33:19,Meta Ads (Instagram),iOS,v2.5.2,Variant_B,United Kingdom
usr_001012,2026-08-27,2026-08-27 05:38:39,Organic Search,Android,v2.5.1,Variant_B,United States
usr_001013,2026-07-21,2026-07-21 21:03:57,Meta Ads (Instagram),iOS,v2.5.2,Variant_B,India
usr_001014,2026-07-10,2026-07-10 05:16:06,Paid Search (Google),Android,v2.5.3,Control_A,United States
usr_001015,2026-07-05,2026-07-05 12:30:46,Meta Ads (Instagram),iOS,v2.5.1,Control_A,United Kingdom
usr_001016,2026-06-06,2026-06-06 22:40:11,Meta Ads (Instagram),Web,v3.1.0-web,Variant_B,United Kingdom
usr_001017,2026-08-19,2026-08-19 15:38:20,Organic Search,iOS,v2.5.2,Control_A,United States
usr_001018,2026-08-05,2026-08-05 06:52:43,Meta Ads (Instagram),Web,v3.1.0-web,Control_A,United States
usr_001019,2026-08-13,2026-08-13 05:36:47,Referral,iOS,v2.5.3,Variant_B,India
usr_001020,2026-07-16,2026-07-16 17:37:15,Meta Ads (Instagram),Android,v2.5.1,Control_A,United Kingdom
usr_001021,2026-06-09,2026-06-09 15:41:42,Organic Search,Web,v3.1.0-web,Control_A,Germany
usr_001022,2026-08-09,2026-08-09 18:31:51,Organic Search,Android,v2.5.1,Control_A,India
usr_001023,2026-08-03,2026-08-03 09:37:00,Meta Ads (Instagram),iOS,v2.5.2,Control_A,India
usr_001024,2026-08-14,2026-08-14 16:55:42,Influencer Campaign,iOS,v2.5.2,Variant_B,Germany
usr_001025,2026-08-04,2026-08-04 11:06:29,Organic Search,Android,v2.5.1,Variant_B,United States
usr_001026,2026-07-02,2026-07-02 10:47:42,Meta Ads (Instagram),Android,v2.5.2,Variant_B,Canada
usr_001027,2026-07-10,2026-07-10 10:59:54,Meta Ads (Instagram),Android,v2.5.2,Control_A,Canada
usr_001028,2026-08-20,2026-08-20 01:48:46,Meta Ads (Instagram),iOS,v2.5.1,Variant_B,United Kingdom
usr_001029,2026-06-26,2026-06-26 05:42:19,Influencer Campaign,Android,v2.5.2,Control_A,Germany
usr_001030,2026-07-13,2026-07-13 02:22:42,Meta Ads (Instagram),Android,v2.5.1,Control_A,United Kingdom
usr_001031,2026-08-14,2026-08-14 19:14:45,Influencer Campaign,iOS,v2.5.2,Control_A,Canada
usr_001032,2026-06-30,2026-06-30 13:15:58,Paid Search (Google),iOS,v2.5.2,Control_A,India
usr_001033,2026-06-02,2026-06-02 02:28:39,Meta Ads (Instagram),Android,v2.5.2,Control_A,Germany
usr_001034,2026-07-08,2026-07-08 04:59:27,Organic Search,Web,v3.1.0-web,Control_A,India
usr_001035,2026-08-12,2026-08-12 07:31:13,Meta Ads (Instagram),iOS,v2.5.3,Variant_B,India
usr_001036,2026-07-19,2026-07-19 15:29:37,Organic Search,Android,v2.5.3,Variant_B,Germany
usr_001037,2026-06-10,2026-06-10 00:10:29,Meta Ads (Instagram),Android,v2.5.3,Variant_B,United States
usr_001038,2026-08-27,2026-08-27 17:51:49,Meta Ads (Instagram),iOS,v2.5.1,Variant_B,India
usr_001039,2026-08-13,2026-08-13 04:52:18,Organic Search,Android,v2.5.1,Variant_B,Germany
usr_001040,2026-07-18,2026-07-18 08:44:07,Meta Ads (Instagram),iOS,v2.5.3,Variant_B,India
usr_001041,2026-06-20,2026-06-20 07:13:13,Meta Ads (Instagram),iOS,v2.5.3,Variant_B,Germany
usr_001042,2026-07-09,2026-07-09 17:20:50,Paid Search (Google),iOS,v2.5.3,Variant_B,Canada
usr_001043,2026-06-11,2026-06-11 19:20:08,Paid Search (Google),iOS,v2.5.2,Control_A,India
usr_001044,2026-07-02,2026-07-02 20:26:21,Meta Ads (Instagram),Android,v2.5.2,Variant_B,United Kingdom
usr_001045,2026-06-10,2026-06-10 13:56:19,Paid Search (Google),iOS,v2.5.1,Variant_B,Germany
usr_001046,2026-07-12,2026-07-12 16:49:57,Paid Search (Google),Android,v2.5.3,Variant_B,United States
usr_001047,2026-08-26,2026-08-26 02:49:41,Organic Search,iOS,v2.5.1,Control_A,Germany
usr_001048,2026-07-12,2026-07-12 01:38:55,Paid Search (Google),iOS,v2.5.1,Variant_B,India
usr_001049,2026-08-14,2026-08-14 19:13:30,Meta Ads (Instagram),iOS,v2.5.2,Control_A,Canada
usr_001050,2026-07-07,2026-07-07 09:27:05,Organic Search,Android,v2.5.2,Control_A,Germany
usr_001051,2026-08-09,2026-08-09 09:50:08,Meta Ads (Instagram),Android,v2.5.3,Variant_B,United Kingdom
usr_001052,2026-06-21,2026-06-21 12:13:11,Organic Search,iOS,v2.5.1,Variant_B,Germany
usr_001053,2026-08-15,2026-08-15 10:04:56,Meta Ads (Instagram),iOS,v2.5.1,Variant_B,Germany
usr_001054,2026-07-18,2026-07-18 08:26:12,Paid Search (Google),Android,v2.5.3,Control_A,India
usr_001055,2026-07-15,2026-07-15 16:47:01,Organic Search,Android,v2.5.2,Control_A,United Kingdom
usr_001056,2026-07-18,2026-07-18 04:36:43,Meta Ads (Instagram),iOS,v2.5.2,Variant_B,Germany
usr_001057,2026-08-05,2026-08-05 19:22:07,Meta Ads (Instagram),Android,v2.5.1,Control_A,India
usr_001058,2026-06-08,2026-06-08 00:58:08,Paid Search (Google),Android,v2.5.2,Variant_B,India
usr_001059,2026-06-05,2026-06-05 19:48:43,Paid Search (Google),iOS,v2.5.1,Variant_B,Canada
usr_001060,2026-07-04,2026-07-04 19:16:43,Organic Search,Android,v2.5.1,Control_A,United Kingdom
usr_001061,2026-08-16,2026-08-16 08:36:41,Referral,Android,v2.5.1,Control_A,India
usr_001062,2026-07-17,2026-07-17 09:50:15,Meta Ads (Instagram),iOS,v2.5.2,Variant_B,Canada
usr_001063,2026-06-13,2026-06-13 23:14:46,Referral,iOS,v2.5.2,Variant_B,United Kingdom
usr_001064,2026-06-02,2026-06-02 08:24:54,Meta Ads (Instagram),Android,v2.5.3,Variant_B,United States
usr_001065,2026-07-25,2026-07-25 08:59:29,Organic Search,Android,v2.5.1,Variant_B,United States
usr_001066,2026-08-18,2026-08-18 02:36:43,Meta Ads (Instagram),Android,v2.5.2,Variant_B,United States
usr_001067,2026-06-30,2026-06-30 01:27:02,Meta Ads (Instagram),Web,v3.1.0-web,Variant_B,United States
usr_001068,2026-08-23,2026-08-23 23:36:22,Paid Search (Google),iOS,v2.5.2,Control_A,Germany
usr_001069,2026-06-18,2026-06-18 17:38:19,Influencer Campaign,iOS,v2.5.1,Control_A,United Kingdom
usr_001070,2026-08-04,2026-08-04 21:17:07,Meta Ads (Instagram),iOS,v2.5.1,Control_A,United Kingdom
usr_001071,2026-07-24,2026-07-24 16:34:02,Influencer Campaign,iOS,v2.5.2,Control_A,India
usr_001072,2026-06-10,2026-06-10 18:17:38,Meta Ads (Instagram),Android,v2.5.1,Variant_B,Canada
usr_001073,2026-07-01,2026-07-01 19:23:30,Meta Ads (Instagram),iOS,v2.5.3,Control_A,Germany
usr_001074,2026-08-06,2026-08-06 19:38:03,Meta Ads (Instagram),Android,v2.5.1,Variant_B,Canada
usr_001075,2026-07-01,2026-07-01 03:42:57,Organic Search,iOS,v2.5.2,Control_A,Canada
usr_001076,2026-06-20,2026-06-20 01:50:58,Organic Search,Android,v2.5.3,Variant_B,India
usr_001077,2026-06-05,2026-06-05 01:26:58,Meta Ads (Instagram),iOS,v2.5.3,Variant_B,United Kingdom
usr_001078,2026-07-23,2026-07-23 01:25:50,Paid Search (Google),Android,v2.5.2,Variant_B,Canada
usr_001079,2026-08-23,2026-08-23 09:07:50,Meta Ads (Instagram),Android,v2.5.3,Variant_B,United States
usr_001080,2026-06-04,2026-06-04 18:00:10,Meta Ads (Instagram),iOS,v2.5.1,Variant_B,Germany
usr_001081,2026-06-23,2026-06-23 08:55:59,Meta Ads (Instagram),iOS,v2.5.3,Variant_B,United States
usr_001082,2026-06-23,2026-06-23 09:28:41,Meta Ads (Instagram),iOS,v2.5.3,Variant_B,India
usr_001083,2026-06-21,2026-06-21 05:54:16,Meta Ads (Instagram),iOS,v2.5.2,Variant_B,United States
usr_001084,2026-07-23,2026-07-23 09:54:46,Organic Search,iOS,v2.5.1,Control_A,Canada
usr_001085,2026-08-12,2026-08-12 22:15:20,Referral,Android,v2.5.1,Variant_B,India
usr_001086,2026-08-04,2026-08-04 08:25:11,Paid Search (Google),Android,v2.5.2,Variant_B,Canada
usr_001087,2026-08-24,2026-08-24 23:19:17,Paid Search (Google),Android,v2.5.2,Control_A,India
usr_001088,2026-06-13,2026-06-13 11:38:52,Paid Search (Google),Web,v3.1.0-web,Control_A,Germany
usr_001089,2026-06-04,2026-06-04 01:52:20,Paid Search (Google),Android,v2.5.2,Control_A,Germany
usr_001090,2026-07-09,2026-07-09 17:23:57,Organic Search,Android,v2.5.3,Variant_B,India
usr_001091,2026-07-07,2026-07-07 07:30:28,Referral,iOS,v2.5.2,Control_A,Germany
usr_001092,2026-06-17,2026-06-17 13:50:56,Paid Search (Google),Android,v2.5.2,Control_A,India
usr_001093,2026-08-29,2026-08-29 10:26:50,Influencer Campaign,iOS,v2.5.2,Variant_B,Germany
usr_001094,2026-06-01,2026-06-01 09:23:03,Organic Search,Android,v2.5.1,Variant_B,Germany
usr_001095,2026-07-08,2026-07-08 13:08:10,Referral,Android,v2.5.1,Control_A,Germany
usr_001096,2026-08-27,2026-08-27 11:16:22,Paid Search (Google),iOS,v2.5.1,Variant_B,United Kingdom
usr_001097,2026-08-21,2026-08-21 13:22:39,Referral,Web,v3.1.0-web,Variant_B,United Kingdom
usr_001098,2026-07-30,2026-07-30 14:07:48,Referral,iOS,v2.5.3,Control_A,United States
usr_001099,2026-07-21,2026-07-21 03:49:33,Meta Ads (Instagram),iOS,v2.5.3,Variant_B,Canada
usr_001100,2026-07-12,2026-07-12 15:38:56,Organic Search,Web,v3.1.0-web,Variant_B,Canada
usr_001101,2026-06-14,2026-06-14 23:30:45,Organic Search,Android,v2.5.2,Control_A,Canada
usr_001102,2026-07-19,2026-07-19 01:03:09,Paid Search (Google),Android,v2.5.1,Control_A,United States
usr_001103,2026-08-26,2026-08-26 01:50:54,Referral,iOS,v2.5.2,Control_A,United Kingdom
usr_001104,2026-06-13,2026-06-13 20:43:49,Meta Ads (Instagram),Web,v3.1.0-web,Control_A,Canada
usr_001105,2026-08-19,2026-08-19 15:19:49,Influencer Campaign,Android,v2.5.1,Control_A,United States
usr_001106,2026-07-30,2026-07-30 22:31:52,Meta Ads (Instagram),Android,v2.5.2,Variant_B,Germany
usr_001107,2026-08-16,2026-08-16 18:14:07,Referral,Android,v2.5.2,Variant_B,India
usr_001108,2026-07-20,2026-07-20 01:42:54,Meta Ads (Instagram),Web,v3.1.0-web,Variant_B,United Kingdom
usr_001109,2026-07-23,2026-07-23 01:14:59,Organic Search,iOS,v2.5.3,Variant_B,Germany
usr_001110,2026-08-04,2026-08-04 15:37:52,Paid Search (Google),Android,v2.5.1,Control_A,United States
usr_001111,2026-07-09,2026-07-09 12:45:46,Meta Ads (Instagram),Android,v2.5.1,Control_A,Canada
usr_001112,2026-06-17,2026-06-17 10:44:47,Paid Search (Google),Android,v2.5.3,Variant_B,United Kingdom
usr_001113,2026-07-13,2026-07-13 00:14:05,Paid Search (Google),Android,v2.5.3,Control_A,Germany
usr_001114,2026-06-06,2026-06-06 08:07:52,Paid Search (Google),iOS,v2.5.1,Variant_B,India
usr_001115,2026-08-06,2026-08-06 19:48:58,Organic Search,Android,v2.5.1,Variant_B,India
usr_001116,2026-06-22,2026-06-22 22:05:35,Meta Ads (Instagram),iOS,v2.5.2,Variant_B,United States
usr_001117,2026-08-12,2026-08-12 08:56:22,Referral,iOS,v2.5.2,Control_A,Germany
usr_001118,2026-07-14,2026-07-14 07:50:00,Organic Search,Android,v2.5.3,Control_A,United States
usr_001119,2026-08-03,2026-08-03 12:18:51,Meta Ads (Instagram),Android,v2.5.1,Variant_B,United Kingdom
usr_001120,2026-08-15,2026-08-15 11:16:31,Meta Ads (Instagram),Web,v3.1.0-web,Variant_B,India
usr_001121,2026-06-17,2026-06-17 09:21:55,Influencer Campaign,iOS,v2.5.2,Variant_B,United Kingdom
usr_001122,2026-06-19,2026-06-19 10:13:12,Meta Ads (Instagram),iOS,v2.5.1,Variant_B,Germany
usr_001123,2026-06-14,2026-06-14 20:57:19,Referral,Android,v2.5.1,Control_A,United Kingdom
usr_001124,2026-08-07,2026-08-07 13:57:04,Referral,Android,v2.5.2,Variant_B,India
usr_001125,2026-07-30,2026-07-30 02:44:52,Referral,Android,v2.5.2,Variant_B,Canada
usr_001126,2026-07-09,2026-07-09 05:47:34,Meta Ads (Instagram),Web,v3.1.0-web,Control_A,Canada
usr_001127,2026-08-02,2026-08-02 07:51:32,Meta Ads (Instagram),iOS,v2.5.2,Control_A,Canada
usr_001128,2026-06-01,2026-06-01 15:07:31,Organic Search,iOS,v2.5.1,Variant_B,United Kingdom
usr_001129,2026-07-13,2026-07-13 04:16:01,Organic Search,iOS,v2.5.1,Variant_B,Germany
usr_001130,2026-06-14,2026-06-14 17:10:21,Influencer Campaign,iOS,v2.5.1,Variant_B,United States
usr_001131,2026-08-29,2026-08-29 18:34:25,Meta Ads (Instagram),iOS,v2.5.1,Control_A,Germany
usr_001132,2026-08-06,2026-08-06 02:39:27,Paid Search (Google),Web,v3.1.0-web,Variant_B,United Kingdom
usr_001133,2026-06-07,2026-06-07 12:40:38,Influencer Campaign,iOS,v2.5.2,Variant_B,United Kingdom
usr_001134,2026-07-07,2026-07-07 12:38:38,Meta Ads (Instagram),Android,v2.5.1,Variant_B,United States
usr_001135,2026-08-16,2026-08-16 20:02:00,Paid Search (Google),Web,v3.1.0-web,Control_A,United States
usr_001136,2026-06-24,2026-06-24 12:08:41,Meta Ads (Instagram),Android,v2.5.2,Variant_B,Canada
usr_001137,2026-07-26,2026-07-26 01:27:01,Meta Ads (Instagram),Android,v2.5.2,Variant_B,India
usr_001138,2026-07-23,2026-07-23 14:09:25,Organic Search,iOS,v2.5.3,Control_A,United States
usr_001139,2026-08-26,2026-08-26 10:03:59,Organic Search,Android,v2.5.3,Control_A,Germany
usr_001140,2026-08-07,2026-08-07 17:16:20,Meta Ads (Instagram),Android,v2.5.2,Variant_B,Germany
usr_001141,2026-06-21,2026-06-21 03:37:43,Paid Search (Google),Android,v2.5.1,Control_A,Canada
usr_001142,2026-08-22,2026-08-22 20:47:29,Referral,iOS,v2.5.1,Variant_B,United States
usr_001143,2026-07-31,2026-07-31 15:18:12,Meta Ads (Instagram),Web,v3.1.0-web,Control_A,Canada
usr_001144,2026-06-06,2026-06-06 01:14:33,Meta Ads (Instagram),iOS,v2.5.3,Variant_B,United Kingdom
usr_001145,2026-06-23,2026-06-23 12:13:56,Referral,iOS,v2.5.2,Control_A,Germany
usr_001146,2026-07-08,2026-07-08 04:15:48,Paid Search (Google),Android,v2.5.2,Control_A,Germany
usr_001147,2026-06-14,2026-06-14 15:01:00,Organic Search,iOS,v2.5.3,Control_A,United States
usr_001148,2026-06-08,2026-06-08 05:53:01,Referral,iOS,v2.5.2,Control_A,United Kingdom
usr_001149,2026-07-05,2026-07-05 02:50:49,Referral,iOS,v2.5.1,Variant_B,Germany
usr_001150,2026-07-19,2026-07-19 06:30:58,Meta Ads (Instagram),Web,v3.1.0-web,Variant_B,Canada
usr_001151,2026-06-07,2026-06-07 12:14:51,Organic Search,Android,v2.5.3,Variant_B,India
usr_001152,2026-06-22,2026-06-22 01:23:17,Paid Search (Google),Android,v2.5.1,Variant_B,United States
usr_001153,2026-08-27,2026-08-27 01:19:47,Meta Ads (Instagram),iOS,v2.5.1,Variant_B,United States
usr_001154,2026-08-22,2026-08-22 14:06:07,Influencer Campaign,Android,v2.5.1,Variant_B,Germany
usr_001155,2026-06-20,2026-06-20 16:45:53,Meta Ads (Instagram),Android,v2.5.2,Variant_B,United States
usr_001156,2026-06-13,2026-06-13 16:03:47,Paid Search (Google),Android,v2.5.1,Variant_B,Germany
usr_001157,2026-07-10,2026-07-10 06:14:25,Organic Search,Android,v2.5.1,Variant_B,United States
usr_001158,2026-06-25,2026-06-25 02:07:16,Meta Ads (Instagram),iOS,v2.5.2,Variant_B,United States
usr_001159,2026-06-29,2026-06-29 01:54:13,Meta Ads (Instagram),iOS,v2.5.3,Variant_B,Germany
usr_001160,2026-06-11,2026-06-11 02:11:51,Meta Ads (Instagram),Web,v3.1.0-web,Control_A,Canada
usr_001161,2026-07-09,2026-07-09 14:47:57,Organic Search,iOS,v2.5.2,Variant_B,India
usr_001162,2026-07-07,2026-07-07 23:51:29,Meta Ads (Instagram),Android,v2.5.2,Control_A,Canada
usr_001163,2026-08-20,2026-08-20 22:13:58,Paid Search (Google),iOS,v2.5.3,Control_A,Germany
usr_001164,2026-07-28,2026-07-28 22:25:59,Meta Ads (Instagram),Web,v3.1.0-web,Variant_B,India
usr_001165,2026-06-04,2026-06-04 02:03:35,Meta Ads (Instagram),iOS,v2.5.1,Control_A,India
usr_001166,2026-08-05,2026-08-05 02:26:48,Influencer Campaign,iOS,v2.5.2,Control_A,United States
usr_001167,2026-07-05,2026-07-05 10:26:06,Meta Ads (Instagram),Android,v2.5.2,Variant_B,Canada
usr_001168,2026-06-07,2026-06-07 18:24:49,Referral,Web,v3.1.0-web,Variant_B,United States
usr_001169,2026-07-08,2026-07-08 04:07:39,Paid Search (Google),Web,v3.1.0-web,Variant_B,United States
usr_001170,2026-08-28,2026-08-28 15:38:07,Organic Search,Android,v2.5.3,Variant_B,United States
usr_001171,2026-07-25,2026-07-25 01:53:55,Meta Ads (Instagram),iOS,v2.5.3,Control_A,Canada
usr_001172,2026-06-14,2026-06-14 07:57:54,Meta Ads (Instagram),iOS,v2.5.3,Variant_B,India
usr_001173,2026-07-10,2026-07-10 06:25:56,Paid Search (Google),iOS,v2.5.1,Control_A,United Kingdom
usr_001174,2026-06-01,2026-06-01 19:06:50,Influencer Campaign,iOS,v2.5.3,Control_A,Germany
usr_001175,2026-06-07,2026-06-07 04:24:17,Meta Ads (Instagram),Android,v2.5.3,Variant_B,United Kingdom
usr_001176,2026-06-15,2026-06-15 01:26:08,Meta Ads (Instagram),iOS,v2.5.3,Control_A,India
usr_001177,2026-07-30,2026-07-30 15:38:19,Referral,Web,v3.1.0-web,Control_A,Germany
usr_001178,2026-07-18,2026-07-18 14:18:19,Meta Ads (Instagram),Android,v2.5.3,Variant_B,Canada
usr_001179,2026-07-29,2026-07-29 20:08:06,Meta Ads (Instagram),Android,v2.5.2,Variant_B,Germany
usr_001180,2026-06-02,2026-06-02 01:51:31,Meta Ads (Instagram),iOS,v2.5.2,Control_A,United States
usr_001181,2026-07-27,2026-07-27 05:44:16,Paid Search (Google),Web,v3.1.0-web,Control_A,Canada
usr_001182,2026-06-12,2026-06-12 12:14:01,Referral,iOS,v2.5.2,Variant_B,United States
usr_001183,2026-06-10,2026-06-10 05:12:33,Paid Search (Google),Android,v2.5.2,Control_A,Germany
usr_001184,2026-06-26,2026-06-26 01:00:19,Paid Search (Google),iOS,v2.5.2,Control_A,India
usr_001185,2026-07-04,2026-07-04 00:22:23,Meta Ads (Instagram),iOS,v2.5.1,Control_A,United States
usr_001186,2026-08-07,2026-08-07 19:06:34,Meta Ads (Instagram),Android,v2.5.1,Variant_B,India
usr_001187,2026-06-26,2026-06-26 12:12:12,Paid Search (Google),Android,v2.5.2,Variant_B,United States
usr_001188,2026-08-11,2026-08-11 19:05:31,Paid Search (Google),iOS,v2.5.1,Control_A,United Kingdom
usr_001189,2026-08-12,2026-08-12 17:01:20,Meta Ads (Instagram),Android,v2.5.3,Variant_B,India
usr_001190,2026-08-12,2026-08-12 17:45:59,Meta Ads (Instagram),iOS,v2.5.1,Control_A,United Kingdom
usr_001191,2026-06-10,2026-06-10 03:37:10,Referral,iOS,v2.5.3,Variant_B,India
usr_001192,2026-08-28,2026-08-28 05:27:18,Paid Search (Google),Android,v2.5.2,Control_A,United States
usr_001193,2026-07-04,2026-07-04 22:14:52,Meta Ads (Instagram),iOS,v2.5.3,Variant_B,Germany
usr_001194,2026-07-06,2026-07-06 19:33:24,Meta Ads (Instagram),Android,v2.5.1,Control_A,United States
usr_001195,2026-08-18,2026-08-18 15:54:27,Organic Search,iOS,v2.5.1,Variant_B,India
usr_001196,2026-08-10,2026-08-10 11:20:36,Paid Search (Google),Web,v3.1.0-web,Variant_B,Germany
usr_001197,2026-07-09,2026-07-09 08:14:56,Organic Search,Android,v2.5.1,Variant_B,India
usr_001198,2026-08-03,2026-08-03 17:34:01,Paid Search (Google),Android,v2.5.1,Control_A,Canada
usr_001199,2026-07-30,2026-07-30 03:54:18,Paid Search (Google),iOS,v2.5.1,Control_A,United States
usr_001200,2026-06-25,2026-06-25 13:47:20,Organic Search,iOS,v2.5.1,Variant_B,Germany
usr_001201,2026-08-16,2026-08-16 01:04:25,Referral,iOS,v2.5.1,Control_A,India
usr_001202,2026-07-08,2026-07-08 08:21:24,Meta Ads (Instagram),Android,v2.5.3,Control_A,United Kingdom
usr_001203,2026-06-04,2026-06-04 02:52:23,Organic Search,Android,v2.5.1,Variant_B,United States
usr_001204,2026-07-19,2026-07-19 08:07:49,Organic Search,iOS,v2.5.1,Control_A,United States
usr_001205,2026-07-23,2026-07-23 05:16:05,Meta Ads (Instagram),Android,v2.5.2,Variant_B,United States
usr_001206,2026-08-15,2026-08-15 20:31:19,Paid Search (Google),Android,v2.5.1,Control_A,United Kingdom
usr_001207,2026-08-27,2026-08-27 10:22:43,Paid Search (Google),Android,v2.5.3,Variant_B,Canada
usr_001208,2026-06-15,2026-06-15 14:34:31,Meta Ads (Instagram),iOS,v2.5.2,Control_A,United States
usr_001209,2026-06-22,2026-06-22 22:05:27,Referral,iOS,v2.5.1,Control_A,Germany
usr_001210,2026-07-19,2026-07-19 05:50:48,Paid Search (Google),iOS,v2.5.2,Control_A,Germany
usr_001211,2026-08-02,2026-08-02 20:48:10,Meta Ads (Instagram),Android,v2.5.3,Control_A,India
usr_001212,2026-07-20,2026-07-20 07:42:53,Influencer Campaign,Android,v2.5.1,Control_A,India
usr_001213,2026-07-07,2026-07-07 12:36:30,Paid Search (Google),Android,v2.5.1,Control_A,United Kingdom
usr_001214,2026-08-17,2026-08-17 08:01:00,Meta Ads (Instagram),iOS,v2.5.2,Variant_B,India
usr_001215,2026-06-24,2026-06-24 01:38:48,Organic Search,Android,v2.5.2,Variant_B,Germany
usr_001216,2026-06-19,2026-06-19 15:17:31,Paid Search (Google),iOS,v2.5.1,Variant_B,Canada
usr_001217,2026-07-04,2026-07-04 04:21:32,Influencer Campaign,Android,v2.5.3,Variant_B,United States
usr_001218,2026-06-19,2026-06-19 12:07:48,Meta Ads (Instagram),Android,v2.5.3,Control_A,Germany
usr_001219,2026-07-25,2026-07-25 14:45:09,Referral,iOS,v2.5.2,Variant_B,Canada
usr_001220,2026-06-21,2026-06-21 07:48:28,Organic Search,Android,v2.5.1,Control_A,United Kingdom
usr_001221,2026-06-01,2026-06-01 17:03:35,Meta Ads (Instagram),iOS,v2.5.2,Control_A,United States
usr_001222,2026-08-05,2026-08-05 09:22:03,Paid Search (Google),iOS,v2.5.2,Variant_B,India
usr_001223,2026-06-01,2026-06-01 05:19:31,Meta Ads (Instagram),Android,v2.5.2,Variant_B,United Kingdom
usr_001224,2026-06-21,2026-06-21 17:49:52,Organic Search,Web,v3.1.0-web,Variant_B,Germany
usr_001225,2026-06-26,2026-06-26 21:01:31,Referral,iOS,v2.5.2,Variant_B,Canada
usr_001226,2026-07-23,2026-07-23 05:10:45,Meta Ads (Instagram),Web,v3.1.0-web,Control_A,Germany
usr_001227,2026-06-11,2026-06-11 01:10:28,Paid Search (Google),Android,v2.5.1,Variant_B,India
usr_001228,2026-06-17,2026-06-17 17:19:51,Organic Search,Android,v2.5.2,Variant_B,India
usr_001229,2026-07-31,2026-07-31 16:49:08,Paid Search (Google),Web,v3.1.0-web,Variant_B,United Kingdom
usr_001230,2026-07-09,2026-07-09 05:20:46,Influencer Campaign,iOS,v2.5.3,Variant_B,United Kingdom
usr_001231,2026-08-25,2026-08-25 13:28:41,Referral,iOS,v2.5.3,Control_A,United Kingdom
usr_001232,2026-08-03,2026-08-03 08:49:53,Referral,iOS,v2.5.1,Control_A,India
usr_001233,2026-07-01,2026-07-01 01:58:34,Meta Ads (Instagram),iOS,v2.5.1,Variant_B,Germany
usr_001234,2026-06-19,2026-06-19 14:13:54,Paid Search (Google),iOS,v2.5.1,Control_A,Canada
usr_001235,2026-06-15,2026-06-15 13:47:46,Referral,iOS,v2.5.3,Control_A,United Kingdom
usr_001236,2026-07-25,2026-07-25 13:22:30,Organic Search,Web,v3.1.0-web,Variant_B,United Kingdom
usr_001237,2026-08-18,2026-08-18 14:22:16,Referral,iOS,v2.5.1,Variant_B,Canada
usr_001238,2026-08-20,2026-08-20 08:47:50,Influencer Campaign,iOS,v2.5.2,Control_A,Germany
usr_001239,2026-07-10,2026-07-10 10:33:12,Meta Ads (Instagram),iOS,v2.5.1,Control_A,United Kingdom
usr_001240,2026-06-06,2026-06-06 12:41:57,Meta Ads (Instagram),Android,v2.5.1,Control_A,United Kingdom
usr_001241,2026-06-05,2026-06-05 12:19:01,Paid Search (Google),iOS,v2.5.1,Variant_B,United Kingdom
usr_001242,2026-07-07,2026-07-07 15:40:47,Influencer Campaign,Android,v2.5.3,Variant_B,United States
usr_001243,2026-08-21,2026-08-21 15:16:42,Meta Ads (Instagram),iOS,v2.5.3,Control_A,United Kingdom
usr_001244,2026-06-06,2026-06-06 22:04:28,Organic Search,Web,v3.1.0-web,Control_A,India
usr_001245,2026-07-18,2026-07-18 15:24:54,Organic Search,Android,v2.5.2,Control_A,Canada
usr_001246,2026-07-16,2026-07-16 20:16:33,Meta Ads (Instagram),Android,v2.5.3,Control_A,United States
usr_001247,2026-07-03,2026-07-03 05:20:18,Organic Search,Android,v2.5.1,Control_A,United States
usr_001248,2026-08-12,2026-08-12 12:55:50,Organic Search,iOS,v2.5.2,Variant_B,United States
usr_001249,2026-06-11,2026-06-11 05:07:33,Organic Search,iOS,v2.5.2,Control_A,United States
usr_001250,2026-08-24,2026-08-24 21:50:39,Meta Ads (Instagram),Android,v2.5.2,Variant_B,Germany
usr_001251,2026-06-04,2026-06-04 05:01:22,Paid Search (Google),Android,v2.5.1,Variant_B,United Kingdom
usr_001252,2026-08-06,2026-08-06 16:05:43,Influencer Campaign,Android,v2.5.1,Variant_B,Germany
usr_001253,2026-06-03,2026-06-03 19:32:43,Organic Search,Android,v2.5.3,Control_A,India
usr_001254,2026-06-19,2026-06-19 03:11:37,Meta Ads (Instagram),Android,v2.5.2,Variant_B,Canada
usr_001255,2026-06-02,2026-06-02 17:39:38,Paid Search (Google),Web,v3.1.0-web,Control_A,Canada
usr_001256,2026-07-17,2026-07-17 00:12:55,Paid Search (Google),Android,v2.5.3,Control_A,Canada
usr_001257,2026-08-05,2026-08-05 11:18:26,Paid Search (Google),Android,v2.5.1,Control_A,Germany
usr_001258,2026-07-26,2026-07-26 09:07:28,Referral,Android,v2.5.2,Variant_B,India
usr_001259,2026-08-18,2026-08-18 06:23:18,Paid Search (Google),iOS,v2.5.3,Variant_B,Germany
usr_001260,2026-06-16,2026-06-16 11:38:43,Paid Search (Google),Android,v2.5.2,Variant_B,United States
usr_001261,2026-06-21,2026-06-21 06:25:17,Paid Search (Google),iOS,v2.5.2,Control_A,Canada
usr_001262,2026-07-31,2026-07-31 00:10:02,Paid Search (Google),Android,v2.5.1,Variant_B,United States
usr_001263,2026-06-21,2026-06-21 09:52:36,Paid Search (Google),iOS,v2.5.2,Control_A,Canada
usr_001264,2026-06-20,2026-06-20 21:54:53,Referral,Android,v2.5.1,Control_A,India
usr_001265,2026-08-12,2026-08-12 14:49:50,Organic Search,Android,v2.5.1,Control_A,Germany
usr_001266,2026-08-02,2026-08-02 03:59:37,Paid Search (Google),iOS,v2.5.1,Control_A,United States
usr_001267,2026-06-20,2026-06-20 14:49:46,Organic Search,Android,v2.5.3,Control_A,United Kingdom
usr_001268,2026-08-05,2026-08-05 18:08:48,Influencer Campaign,Android,v2.5.3,Control_A,India
usr_001269,2026-06-26,2026-06-26 09:44:35,Paid Search (Google),Android,v2.5.3,Variant_B,Germany
usr_001270,2026-07-29,2026-07-29 14:19:14,Organic Search,iOS,v2.5.1,Variant_B,Canada
usr_001271,2026-07-11,2026-07-11 00:54:24,Influencer Campaign,Android,v2.5.3,Control_A,United Kingdom
usr_001272,2026-08-06,2026-08-06 21:11:44,Referral,Android,v2.5.2,Variant_B,Germany
usr_001273,2026-07-02,2026-07-02 14:04:40,Influencer Campaign,iOS,v2.5.2,Control_A,Germany
usr_001274,2026-06-10,2026-06-10 11:01:34,Paid Search (Google),Android,v2.5.2,Control_A,India
usr_001275,2026-06-30,2026-06-30 21:27:29,Organic Search,Android,v2.5.2,Control_A,United States
usr_001276,2026-08-02,2026-08-02 21:42:08,Referral,Web,v3.1.0-web,Variant_B,Germany
usr_001277,2026-06-22,2026-06-22 12:45:03,Meta Ads (Instagram),iOS,v2.5.2,Control_A,Canada
usr_001278,2026-08-16,2026-08-16 11:09:20,Meta Ads (Instagram),Android,v2.5.2,Variant_B,United States
usr_001279,2026-08-26,2026-08-26 11:51:51,Referral,Android,v2.5.3,Variant_B,Germany
usr_001280,2026-07-02,2026-07-02 02:57:40,Meta Ads (Instagram),Web,v3.1.0-web,Variant_B,Germany
usr_001281,2026-06-11,2026-06-11 12:16:11,Influencer Campaign,iOS,v2.5.1,Control_A,India
usr_001282,2026-06-11,2026-06-11 20:40:35,Referral,Android,v2.5.1,Variant_B,Germany
usr_001283,2026-06-11,2026-06-11 01:22:40,Organic Search,Android,v2.5.2,Control_A,India
usr_001284,2026-06-30,2026-06-30 18:10:23,Meta Ads (Instagram),iOS,v2.5.1,Variant_B,United States
usr_001285,2026-07-23,2026-07-23 21:57:41,Referral,iOS,v2.5.2,Variant_B,United States
usr_001286,2026-06-08,2026-06-08 05:31:59,Organic Search,Web,v3.1.0-web,Control_A,Germany
usr_001287,2026-07-19,2026-07-19 11:26:49,Meta Ads (Instagram),iOS,v2.5.3,Control_A,Canada
usr_001288,2026-06-25,2026-06-25 04:43:40,Influencer Campaign,Android,v2.5.3,Control_A,Canada
usr_001289,2026-08-10,2026-08-10 23:25:15,Paid Search (Google),Android,v2.5.3,Control_A,India
usr_001290,2026-08-13,2026-08-13 18:20:05,Meta Ads (Instagram),Android,v2.5.2,Control_A,Canada
usr_001291,2026-07-17,2026-07-17 05:24:04,Meta Ads (Instagram),Android,v2.5.1,Variant_B,India
usr_001292,2026-06-20,2026-06-20 09:08:53,Organic Search,Web,v3.1.0-web,Variant_B,India
usr_001293,2026-06-16,2026-06-16 10:17:54,Meta Ads (Instagram),Android,v2.5.1,Variant_B,United States
usr_001294,2026-08-03,2026-08-03 09:10:59,Paid Search (Google),Android,v2.5.3,Variant_B,India
usr_001295,2026-08-15,2026-08-15 06:42:58,Meta Ads (Instagram),Android,v2.5.1,Variant_B,United Kingdom
usr_001296,2026-07-28,2026-07-28 03:55:08,Paid Search (Google),Android,v2.5.3,Control_A,Germany
usr_001297,2026-08-21,2026-08-21 21:15:09,Meta Ads (Instagram),iOS,v2.5.3,Variant_B,Canada
usr_001298,2026-07-03,2026-07-03 07:42:04,Paid Search (Google),Android,v2.5.1,Control_A,Canada
usr_001299,2026-07-15,2026-07-15 04:12:06,Referral,Android,v2.5.2,Variant_B,United Kingdom
usr_001300,2026-06-20,2026-06-20 13:58:04,Meta Ads (Instagram),Android,v2.5.2,Variant_B,Canada
usr_001301,2026-06-10,2026-06-10 16:00:10,Meta Ads (Instagram),iOS,v2.5.2,Variant_B,United Kingdom
usr_001302,2026-08-14,2026-08-14 13:45:34,Referral,Android,v2.5.2,Control_A,Germany
usr_001303,2026-08-03,2026-08-03 19:59:52,Organic Search,iOS,v2.5.1,Variant_B,Germany
usr_001304,2026-08-05,2026-08-05 07:18:16,Organic Search,iOS,v2.5.3,Control_A,United Kingdom
usr_001305,2026-08-01,2026-08-01 07:06:29,Organic Search,Android,v2.5.3,Variant_B,Germany
usr_001306,2026-07-29,2026-07-29 15:42:38,Organic Search,iOS,v2.5.2,Variant_B,United States
usr_001307,2026-07-31,2026-07-31 05:03:13,Meta Ads (Instagram),Android,v2.5.3,Variant_B,India
usr_001308,2026-06-23,2026-06-23 13:54:11,Referral,iOS,v2.5.3,Variant_B,United States
usr_001309,2026-08-06,2026-08-06 05:10:45,Meta Ads (Instagram),Web,v3.1.0-web,Variant_B,United Kingdom
usr_001310,2026-06-02,2026-06-02 05:05:39,Referral,iOS,v2.5.3,Variant_B,United States
usr_001311,2026-08-26,2026-08-26 08:27:16,Organic Search,iOS,v2.5.3,Variant_B,United Kingdom
usr_001312,2026-06-15,2026-06-15 00:27:45,Meta Ads (Instagram),iOS,v2.5.3,Control_A,Germany
usr_001313,2026-07-14,2026-07-14 20:55:10,Meta Ads (Instagram),Android,v2.5.2,Control_A,United Kingdom
usr_001314,2026-07-31,2026-07-31 16:26:52,Influencer Campaign,iOS,v2.5.3,Variant_B,United Kingdom
usr_001315,2026-06-27,2026-06-27 21:04:30,Meta Ads (Instagram),iOS,v2.5.2,Variant_B,Germany
usr_001316,2026-06-03,2026-06-03 06:09:22,Organic Search,Android,v2.5.3,Control_A,Canada
usr_001317,2026-06-08,2026-06-08 19:12:04,Organic Search,Android,v2.5.1,Control_A,United States
usr_001318,2026-06-11,2026-06-11 06:03:46,Referral,Android,v2.5.1,Variant_B,United Kingdom
usr_001319,2026-08-10,2026-08-10 23:32:03,Organic Search,Android,v2.5.2,Variant_B,United States
usr_001320,2026-07-06,2026-07-06 07:55:58,Meta Ads (Instagram),iOS,v2.5.1,Variant_B,Germany
usr_001321,2026-07-04,2026-07-04 05:10:48,Paid Search (Google),Android,v2.5.3,Control_A,United Kingdom
usr_001322,2026-08-09,2026-08-09 05:23:47,Meta Ads (Instagram),Android,v2.5.1,Control_A,United Kingdom
usr_001323,2026-06-11,2026-06-11 00:06:49,Paid Search (Google),Android,v2.5.1,Variant_B,Germany
usr_001324,2026-06-24,2026-06-24 03:14:32,Organic Search,Android,v2.5.2,Variant_B,India
usr_001325,2026-06-25,2026-06-25 23:37:25,Paid Search (Google),Android,v2.5.3,Variant_B,India
usr_001326,2026-08-10,2026-08-10 14:02:45,Influencer Campaign,Web,v3.1.0-web,Control_A,Germany
usr_001327,2026-08-08,2026-08-08 18:32:41,Meta Ads (Instagram),iOS,v2.5.2,Control_A,United Kingdom
usr_001328,2026-06-21,2026-06-21 05:13:29,Meta Ads (Instagram),Android,v2.5.2,Variant_B,Canada
usr_001329,2026-06-08,2026-06-08 20:41:39,Referral,Web,v3.1.0-web,Variant_B,Germany
usr_001330,2026-06-28,2026-06-28 04:51:30,Meta Ads (Instagram),Android,v2.5.2,Variant_B,India
usr_001331,2026-08-02,2026-08-02 05:41:15,Meta Ads (Instagram),Android,v2.5.1,Variant_B,United States
usr_001332,2026-08-02,2026-08-02 13:48:28,Meta Ads (Instagram),iOS,v2.5.3,Control_A,Germany
usr_001333,2026-06-16,2026-06-16 04:06:58,Organic Search,Web,v3.1.0-web,Control_A,United Kingdom
usr_001334,2026-07-07,2026-07-07 08:53:03,Influencer Campaign,iOS,v2.5.2,Variant_B,Canada
usr_001335,2026-06-26,2026-06-26 02:29:50,Referral,iOS,v2.5.3,Variant_B,India
usr_001336,2026-06-18,2026-06-18 01:50:54,Meta Ads (Instagram),iOS,v2.5.3,Control_A,India
usr_001337,2026-07-31,2026-07-31 05:42:33,Organic Search,Android,v2.5.3,Variant_B,Germany
usr_001338,2026-06-07,2026-06-07 00:43:50,Meta Ads (Instagram),Android,v2.5.2,Control_A,Germany
usr_001339,2026-08-05,2026-08-05 01:21:42,Paid Search (Google),Android,v2.5.2,Variant_B,United States
usr_001340,2026-07-22,2026-07-22 12:03:21,Meta Ads (Instagram),iOS,v2.5.2,Variant_B,Canada
usr_001341,2026-08-23,2026-08-23 17:22:22,Meta Ads (Instagram),Android,v2.5.2,Variant_B,Canada
usr_001342,2026-07-15,2026-07-15 08:51:21,Meta Ads (Instagram),Android,v2.5.3,Control_A,India
usr_001343,2026-08-29,2026-08-29 23:48:27,Meta Ads (Instagram),Web,v3.1.0-web,Control_A,India
usr_001344,2026-06-12,2026-06-12 18:43:56,Meta Ads (Instagram),iOS,v2.5.1,Variant_B,Canada
usr_001345,2026-07-20,2026-07-20 11:21:01,Meta Ads (Instagram),Android,v2.5.3,Variant_B,Germany
usr_001346,2026-07-07,2026-07-07 05:12:13,Meta Ads (Instagram),iOS,v2.5.3,Control_A,India
usr_001347,2026-08-26,2026-08-26 23:27:34,Paid Search (Google),Android,v2.5.3,Control_A,Germany
usr_001348,2026-08-20,2026-08-20 18:24:50,Paid Search (Google),iOS,v2.5.2,Control_A,United States
usr_001349,2026-08-18,2026-08-18 06:48:55,Meta Ads (Instagram),iOS,v2.5.1,Variant_B,Germany
usr_001350,2026-06-05,2026-06-05 21:43:02,Meta Ads (Instagram),iOS,v2.5.1,Control_A,Canada
usr_001351,2026-06-22,2026-06-22 23:05:01,Meta Ads (Instagram),Android,v2.5.1,Variant_B,Germany
usr_001352,2026-07-18,2026-07-18 13:37:32,Organic Search,iOS,v2.5.2,Control_A,United States
usr_001353,2026-07-18,2026-07-18 00:58:33,Paid Search (Google),iOS,v2.5.2,Variant_B,United States
usr_001354,2026-06-16,2026-06-16 20:41:37,Organic Search,Android,v2.5.3,Control_A,United Kingdom
usr_001355,2026-06-09,2026-06-09 20:00:40,Organic Search,Android,v2.5.1,Variant_B,United States
usr_001356,2026-06-17,2026-06-17 12:16:10,Paid Search (Google),Android,v2.5.3,Variant_B,India
usr_001357,2026-08-07,2026-08-07 16:35:17,Paid Search (Google),iOS,v2.5.1,Variant_B,United States
usr_001358,2026-06-11,2026-06-11 21:52:20,Organic Search,Android,v2.5.1,Control_A,United States
usr_001359,2026-06-04,2026-06-04 20:14:52,Paid Search (Google),iOS,v2.5.3,Control_A,India
usr_001360,2026-08-16,2026-08-16 23:15:37,Referral,Android,v2.5.1,Control_A,Canada
usr_001361,2026-08-22,2026-08-22 19:21:27,Organic Search,iOS,v2.5.1,Variant_B,Canada
usr_001362,2026-06-14,2026-06-14 20:53:58,Meta Ads (Instagram),Android,v2.5.3,Variant_B,Canada
usr_001363,2026-06-03,2026-06-03 20:12:52,Paid Search (Google),Android,v2.5.1,Control_A,Germany
usr_001364,2026-08-11,2026-08-11 11:01:50,Meta Ads (Instagram),Android,v2.5.2,Control_A,United Kingdom
usr_001365,2026-08-11,2026-08-11 13:11:25,Referral,iOS,v2.5.3,Variant_B,United Kingdom
usr_001366,2026-06-30,2026-06-30 21:50:03,Organic Search,Android,v2.5.1,Variant_B,India
usr_001367,2026-07-11,2026-07-11 01:17:12,Meta Ads (Instagram),iOS,v2.5.3,Control_A,United Kingdom
usr_001368,2026-08-06,2026-08-06 07:29:28,Meta Ads (Instagram),Android,v2.5.2,Control_A,United States
usr_001369,2026-07-24,2026-07-24 14:00:41,Referral,iOS,v2.5.2,Variant_B,India
usr_001370,2026-06-13,2026-06-13 17:47:48,Paid Search (Google),Android,v2.5.1,Control_A,United States
usr_001371,2026-06-25,2026-06-25 13:26:41,Organic Search,iOS,v2.5.1,Control_A,India
usr_001372,2026-06-02,2026-06-02 20:33:49,Paid Search (Google),iOS,v2.5.1,Variant_B,India
usr_001373,2026-06-28,2026-06-28 18:07:25,Paid Search (Google),Android,v2.5.1,Variant_B,United Kingdom
usr_001374,2026-08-01,2026-08-01 22:44:08,Paid Search (Google),Android,v2.5.3,Control_A,United Kingdom
usr_001375,2026-07-31,2026-07-31 21:00:23,Organic Search,iOS,v2.5.2,Variant_B,United States
usr_001376,2026-08-06,2026-08-06 07:18:11,Organic Search,Web,v3.1.0-web,Variant_B,Canada
usr_001377,2026-07-10,2026-07-10 22:51:59,Meta Ads (Instagram),Android,v2.5.3,Control_A,India
usr_001378,2026-06-27,2026-06-27 14:52:29,Paid Search (Google),iOS,v2.5.1,Control_A,United Kingdom
usr_001379,2026-08-08,2026-08-08 08:55:06,Paid Search (Google),iOS,v2.5.3,Control_A,United Kingdom
usr_001380,2026-07-03,2026-07-03 04:29:12,Referral,Android,v2.5.2,Variant_B,United States
usr_001381,2026-07-15,2026-07-15 13:23:26,Meta Ads (Instagram),Android,v2.5.1,Control_A,Germany
usr_001382,2026-08-06,2026-08-06 15:19:27,Meta Ads (Instagram),Android,v2.5.1,Control_A,Canada
usr_001383,2026-08-18,2026-08-18 08:30:59,Meta Ads (Instagram),Android,v2.5.3,Variant_B,Germany
usr_001384,2026-08-17,2026-08-17 01:45:42,Referral,iOS,v2.5.3,Variant_B,United Kingdom
usr_001385,2026-06-04,2026-06-04 07:17:40,Referral,Android,v2.5.3,Control_A,India
usr_001386,2026-06-15,2026-06-15 21:58:22,Influencer Campaign,iOS,v2.5.2,Variant_B,India
usr_001387,2026-07-15,2026-07-15 12:31:07,Paid Search (Google),iOS,v2.5.1,Control_A,India
usr_001388,2026-06-19,2026-06-19 00:43:35,Organic Search,iOS,v2.5.2,Control_A,Germany
usr_001389,2026-06-30,2026-06-30 04:31:29,Meta Ads (Instagram),iOS,v2.5.3,Variant_B,Canada
usr_001390,2026-08-27,2026-08-27 11:08:04,Meta Ads (Instagram),Android,v2.5.2,Control_A,United States
usr_001391,2026-08-28,2026-08-28 21:52:45,Paid Search (Google),Android,v2.5.3,Variant_B,India
usr_001392,2026-07-28,2026-07-28 13:18:20,Organic Search,iOS,v2.5.3,Control_A,United Kingdom
usr_001393,2026-08-14,2026-08-14 00:26:45,Meta Ads (Instagram),iOS,v2.5.3,Control_A,Germany
usr_001394,2026-06-17,2026-06-17 03:51:30,Meta Ads (Instagram),Android,v2.5.2,Variant_B,India
usr_001395,2026-08-24,2026-08-24 13:50:10,Organic Search,Android,v2.5.2,Control_A,India
usr_001396,2026-07-02,2026-07-02 15:43:26,Meta Ads (Instagram),Web,v3.1.0-web,Variant_B,United Kingdom
usr_001397,2026-07-03,2026-07-03 15:13:39,Meta Ads (Instagram),iOS,v2.5.1,Control_A,United Kingdom
usr_001398,2026-07-23,2026-07-23 08:07:19,Meta Ads (Instagram),iOS,v2.5.1,Control_A,Germany
usr_001399,2026-07-30,2026-07-30 15:39:12,Meta Ads (Instagram),Android,v2.5.3,Control_A,United Kingdom
usr_001400,2026-08-03,2026-08-03 05:44:56,Influencer Campaign,iOS,v2.5.3,Variant_B,Germany
usr_001401,2026-07-06,2026-07-06 15:40:41,Referral,iOS,v2.5.1,Variant_B,United States
usr_001402,2026-06-11,2026-06-11 22:17:51,Paid Search (Google),Android,v2.5.1,Control_A,United States
usr_001403,2026-08-17,2026-08-17 03:32:00,Organic Search,iOS,v2.5.2,Control_A,India
usr_001404,2026-08-09,2026-08-09 15:26:21,Organic Search,Android,v2.5.3,Variant_B,Canada
usr_001405,2026-06-24,2026-06-24 23:50:55,Influencer Campaign,Android,v2.5.1,Variant_B,United Kingdom
usr_001406,2026-06-22,2026-06-22 20:37:39,Organic Search,iOS,v2.5.3,Variant_B,Canada
usr_001407,2026-07-05,2026-07-05 09:59:46,Paid Search (Google),Android,v2.5.2,Variant_B,United States
usr_001408,2026-08-05,2026-08-05 18:19:06,Influencer Campaign,iOS,v2.5.2,Control_A,India
usr_001409,2026-06-22,2026-06-22 22:13:14,Influencer Campaign,iOS,v2.5.2,Control_A,United Kingdom
usr_001410,2026-07-23,2026-07-23 02:58:47,Organic Search,iOS,v2.5.2,Control_A,India
usr_001411,2026-08-03,2026-08-03 11:36:22,Paid Search (Google),Android,v2.5.1,Control_A,United States
usr_001412,2026-06-10,2026-06-10 03:51:47,Meta Ads (Instagram),iOS,v2.5.2,Control_A,Germany
usr_001413,2026-07-15,2026-07-15 03:25:10,Meta Ads (Instagram),Android,v2.5.1,Variant_B,United Kingdom
usr_001414,2026-06-14,2026-06-14 22:05:34,Organic Search,iOS,v2.5.2,Variant_B,United Kingdom
usr_001415,2026-08-03,2026-08-03 20:33:49,Meta Ads (Instagram),iOS,v2.5.3,Control_A,Germany
usr_001416,2026-07-26,2026-07-26 19:49:19,Paid Search (Google),Android,v2.5.3,Variant_B,India
usr_001417,2026-08-23,2026-08-23 12:10:21,Paid Search (Google),Android,v2.5.1,Control_A,India
usr_001418,2026-06-02,2026-06-02 12:28:19,Meta Ads (Instagram),iOS,v2.5.1,Variant_B,United Kingdom
usr_001419,2026-07-03,2026-07-03 16:05:47,Paid Search (Google),Web,v3.1.0-web,Control_A,India
usr_001420,2026-06-13,2026-06-13 14:49:28,Referral,iOS,v2.5.3,Control_A,United Kingdom
usr_001421,2026-06-14,2026-06-14 08:20:30,Meta Ads (Instagram),iOS,v2.5.1,Control_A,Canada
usr_001422,2026-08-15,2026-08-15 11:17:30,Meta Ads (Instagram),Android,v2.5.3,Variant_B,United Kingdom
usr_001423,2026-06-28,2026-06-28 05:08:02,Meta Ads (Instagram),Android,v2.5.3,Control_A,United Kingdom
usr_001424,2026-06-19,2026-06-19 21:08:47,Referral,Android,v2.5.3,Control_A,Canada
usr_001425,2026-06-27,2026-06-27 02:15:50,Meta Ads (Instagram),iOS,v2.5.3,Control_A,Canada
usr_001426,2026-06-10,2026-06-10 15:22:38,Organic Search,Android,v2.5.1,Control_A,Germany
usr_001427,2026-07-08,2026-07-08 02:08:14,Paid Search (Google),iOS,v2.5.2,Variant_B,India
usr_001428,2026-07-19,2026-07-19 01:41:09,Organic Search,iOS,v2.5.2,Variant_B,United Kingdom
usr_001429,2026-06-20,2026-06-20 10:10:36,Meta Ads (Instagram),Android,v2.5.1,Variant_B,Canada
usr_001430,2026-06-05,2026-06-05 13:16:53,Paid Search (Google),Android,v2.5.1,Control_A,India
usr_001431,2026-07-27,2026-07-27 01:33:26,Paid Search (Google),Android,v2.5.1,Control_A,United States
usr_001432,2026-06-08,2026-06-08 22:53:37,Meta Ads (Instagram),Android,v2.5.3,Control_A,Germany
usr_001433,2026-08-09,2026-08-09 19:52:00,Referral,iOS,v2.5.1,Control_A,India
usr_001434,2026-06-06,2026-06-06 15:30:15,Influencer Campaign,Android,v2.5.2,Variant_B,United Kingdom
usr_001435,2026-08-28,2026-08-28 18:00:55,Paid Search (Google),Web,v3.1.0-web,Control_A,India
usr_001436,2026-08-22,2026-08-22 18:25:21,Meta Ads (Instagram),Android,v2.5.2,Variant_B,United Kingdom
usr_001437,2026-07-17,2026-07-17 11:36:08,Referral,Android,v2.5.1,Variant_B,United States
usr_001438,2026-07-25,2026-07-25 13:49:58,Paid Search (Google),Android,v2.5.2,Variant_B,Canada
usr_001439,2026-06-25,2026-06-25 22:50:24,Referral,Web,v3.1.0-web,Variant_B,Canada
usr_001440,2026-07-03,2026-07-03 22:53:52,Paid Search (Google),Android,v2.5.3,Variant_B,Germany
usr_001441,2026-08-21,2026-08-21 04:21:06,Paid Search (Google),Web,v3.1.0-web,Variant_B,India
usr_001442,2026-07-04,2026-07-04 12:25:56,Meta Ads (Instagram),Android,v2.5.3,Variant_B,United Kingdom
usr_001443,2026-06-20,2026-06-20 14:34:06,Paid Search (Google),iOS,v2.5.2,Control_A,Germany
usr_001444,2026-06-15,2026-06-15 02:14:07,Paid Search (Google),Android,v2.5.2,Variant_B,India
usr_001445,2026-06-20,2026-06-20 05:37:48,Meta Ads (Instagram),Web,v3.1.0-web,Control_A,United Kingdom
usr_001446,2026-07-09,2026-07-09 05:48:02,Organic Search,Web,v3.1.0-web,Control_A,United States
usr_001447,2026-08-13,2026-08-13 04:59:48,Meta Ads (Instagram),iOS,v2.5.3,Variant_B,United Kingdom
usr_001448,2026-08-07,2026-08-07 19:02:15,Meta Ads (Instagram),Android,v2.5.2,Variant_B,Germany
usr_001449,2026-08-05,2026-08-05 08:48:23,Paid Search (Google),iOS,v2.5.3,Control_A,India
usr_001450,2026-06-20,2026-06-20 07:54:25,Meta Ads (Instagram),Web,v3.1.0-web,Control_A,Canada
usr_001451,2026-08-20,2026-08-20 10:44:59,Organic Search,Android,v2.5.2,Control_A,India
usr_001452,2026-06-08,2026-06-08 01:15:24,Referral,Android,v2.5.1,Variant_B,India
usr_001453,2026-08-26,2026-08-26 05:25:35,Meta Ads (Instagram),iOS,v2.5.1,Control_A,Canada
usr_001454,2026-07-28,2026-07-28 14:19:41,Meta Ads (Instagram),Android,v2.5.1,Control_A,United States
usr_001455,2026-06-02,2026-06-02 21:02:59,Meta Ads (Instagram),Android,v2.5.1,Variant_B,Germany
usr_001456,2026-08-12,2026-08-12 19:19:02,Organic Search,iOS,v2.5.3,Variant_B,Germany
usr_001457,2026-06-25,2026-06-25 07:05:56,Organic Search,Android,v2.5.3,Control_A,Canada
usr_001458,2026-08-23,2026-08-23 09:57:05,Meta Ads (Instagram),Android,v2.5.1,Control_A,Germany
usr_001459,2026-06-16,2026-06-16 23:04:19,Meta Ads (Instagram),iOS,v2.5.3,Control_A,United Kingdom
usr_001460,2026-07-02,2026-07-02 14:57:46,Organic Search,Android,v2.5.1,Control_A,United States
usr_001461,2026-08-29,2026-08-29 01:07:39,Meta Ads (Instagram),Android,v2.5.2,Control_A,United States
usr_001462,2026-08-25,2026-08-25 17:43:53,Referral,Android,v2.5.2,Variant_B,Germany
usr_001463,2026-08-09,2026-08-09 22:01:19,Meta Ads (Instagram),Android,v2.5.3,Control_A,United Kingdom
usr_001464,2026-08-08,2026-08-08 03:38:50,Organic Search,Android,v2.5.1,Control_A,United States
usr_001465,2026-08-17,2026-08-17 12:39:57,Influencer Campaign,iOS,v2.5.2,Variant_B,Canada
usr_001466,2026-08-08,2026-08-08 10:46:35,Meta Ads (Instagram),Android,v2.5.1,Variant_B,United States
usr_001467,2026-06-12,2026-06-12 15:02:48,Organic Search,Web,v3.1.0-web,Variant_B,Canada
usr_001468,2026-06-22,2026-06-22 12:07:57,Organic Search,iOS,v2.5.2,Control_A,Canada
usr_001469,2026-06-21,2026-06-21 08:49:59,Meta Ads (Instagram),iOS,v2.5.1,Variant_B,United States
usr_001470,2026-08-17,2026-08-17 15:10:58,Organic Search,iOS,v2.5.1,Variant_B,United States
usr_001471,2026-07-20,2026-07-20 03:02:46,Organic Search,Android,v2.5.2,Variant_B,United States
usr_001472,2026-08-13,2026-08-13 18:05:49,Meta Ads (Instagram),Android,v2.5.2,Variant_B,Canada
usr_001473,2026-08-06,2026-08-06 02:58:56,Influencer Campaign,Android,v2.5.2,Control_A,United States
usr_001474,2026-07-11,2026-07-11 06:54:25,Organic Search,iOS,v2.5.2,Control_A,United States
usr_001475,2026-08-01,2026-08-01 10:40:33,Organic Search,iOS,v2.5.2,Control_A,Germany
usr_001476,2026-06-05,2026-06-05 00:29:46,Paid Search (Google),iOS,v2.5.3,Control_A,Germany
usr_001477,2026-06-15,2026-06-15 14:12:49,Meta Ads (Instagram),iOS,v2.5.1,Variant_B,India
usr_001478,2026-06-15,2026-06-15 09:00:24,Meta Ads (Instagram),Android,v2.5.2,Variant_B,India
usr_001479,2026-06-12,2026-06-12 04:28:27,Meta Ads (Instagram),iOS,v2.5.2,Variant_B,United States
usr_001480,2026-07-20,2026-07-20 16:45:04,Paid Search (Google),Android,v2.5.3,Control_A,United Kingdom
usr_001481,2026-08-15,2026-08-15 20:16:08,Paid Search (Google),iOS,v2.5.1,Variant_B,Germany
usr_001482,2026-08-15,2026-08-15 15:41:24,Paid Search (Google),iOS,v2.5.2,Variant_B,India
usr_001483,2026-07-05,2026-07-05 16:19:33,Paid Search (Google),iOS,v2.5.2,Variant_B,India
usr_001484,2026-07-24,2026-07-24 02:52:43,Paid Search (Google),Android,v2.5.2,Variant_B,Germany
usr_001485,2026-06-05,2026-06-05 23:49:43,Meta Ads (Instagram),iOS,v2.5.3,Variant_B,Germany
usr_001486,2026-07-07,2026-07-07 03:15:02,Paid Search (Google),iOS,v2.5.3,Control_A,Canada
usr_001487,2026-06-12,2026-06-12 06:23:38,Organic Search,iOS,v2.5.2,Variant_B,United Kingdom
usr_001488,2026-06-02,2026-06-02 02:05:39,Organic Search,Web,v3.1.0-web,Variant_B,United Kingdom
usr_001489,2026-08-10,2026-08-10 11:39:24,Paid Search (Google),iOS,v2.5.3,Variant_B,United States
usr_001490,2026-07-16,2026-07-16 23:33:31,Meta Ads (Instagram),iOS,v2.5.1,Control_A,United Kingdom
usr_001491,2026-06-20,2026-06-20 12:24:16,Meta Ads (Instagram),Android,v2.5.3,Control_A,Canada
usr_001492,2026-07-08,2026-07-08 19:44:22,Meta Ads (Instagram),Android,v2.5.1,Variant_B,United Kingdom
usr_001493,2026-08-11,2026-08-11 05:34:29,Paid Search (Google),iOS,v2.5.3,Control_A,United Kingdom
usr_001494,2026-06-01,2026-06-01 21:52:22,Influencer Campaign,Android,v2.5.1,Variant_B,India
usr_001495,2026-06-06,2026-06-06 12:21:27,Organic Search,Android,v2.5.1,Variant_B,Germany
usr_001496,2026-06-26,2026-06-26 03:36:17,Paid Search (Google),Android,v2.5.1,Control_A,United States
usr_001497,2026-08-23,2026-08-23 17:04:30,Organic Search,Web,v3.1.0-web,Variant_B,Canada
usr_001498,2026-07-13,2026-07-13 20:02:48,Paid Search (Google),Android,v2.5.2,Control_A,United States
usr_001499,2026-07-11,2026-07-11 03:20:33,Paid Search (Google),Android,v2.5.3,Variant_B,United Kingdom
usr_001500,2026-06-06,2026-06-06 22:42:26,Organic Search,Android,v2.5.3,Control_A,India
usr_001501,2026-08-25,2026-08-25 04:32:54,Paid Search (Google),iOS,v2.5.3,Variant_B,United States
usr_001502,2026-07-13,2026-07-13 02:47:01,Influencer Campaign,Android,v2.5.2,Variant_B,United States
usr_001503,2026-08-26,2026-08-26 15:34:18,Meta Ads (Instagram),iOS,v2.5.1,Variant_B,Canada
usr_001504,2026-06-02,2026-06-02 00:10:53,Meta Ads (Instagram),Android,v2.5.3,Variant_B,Germany
usr_001505,2026-07-15,2026-07-15 13:42:30,Organic Search,iOS,v2.5.1,Variant_B,Germany
usr_001506,2026-07-26,2026-07-26 00:59:25,Meta Ads (Instagram),Web,v3.1.0-web,Control_A,Canada
usr_001507,2026-07-08,2026-07-08 18:39:05,Influencer Campaign,iOS,v2.5.2,Control_A,Germany
usr_001508,2026-08-03,2026-08-03 00:34:59,Paid Search (Google),Android,v2.5.1,Control_A,Germany
usr_001509,2026-06-18,2026-06-18 09:27:00,Influencer Campaign,Android,v2.5.2,Variant_B,United Kingdom
usr_001510,2026-08-16,2026-08-16 16:35:59,Meta Ads (Instagram),iOS,v2.5.2,Control_A,United States
usr_001511,2026-06-05,2026-06-05 17:30:50,Meta Ads (Instagram),Android,v2.5.3,Variant_B,India
usr_001512,2026-08-23,2026-08-23 20:15:47,Organic Search,Web,v3.1.0-web,Control_A,Canada
usr_001513,2026-07-29,2026-07-29 06:24:50,Paid Search (Google),iOS,v2.5.1,Control_A,Canada
usr_001514,2026-07-09,2026-07-09 07:43:46,Organic Search,iOS,v2.5.2,Control_A,India
usr_001515,2026-08-03,2026-08-03 09:20:13,Meta Ads (Instagram),Android,v2.5.1,Variant_B,Canada
usr_001516,2026-08-19,2026-08-19 07:03:58,Organic Search,iOS,v2.5.2,Control_A,United States
usr_001517,2026-07-26,2026-07-26 03:27:15,Meta Ads (Instagram),iOS,v2.5.2,Variant_B,United Kingdom
usr_001518,2026-06-19,2026-06-19 11:12:15,Influencer Campaign,iOS,v2.5.2,Control_A,Canada
usr_001519,2026-07-08,2026-07-08 10:11:06,Referral,iOS,v2.5.3,Control_A,Canada
usr_001520,2026-07-28,2026-07-28 10:41:51,Meta Ads (Instagram),iOS,v2.5.2,Variant_B,United States
usr_001521,2026-08-07,2026-08-07 10:10:36,Organic Search,Android,v2.5.3,Variant_B,India
usr_001522,2026-07-11,2026-07-11 15:24:31,Paid Search (Google),Android,v2.5.1,Control_A,Canada
usr_001523,2026-08-25,2026-08-25 12:20:40,Paid Search (Google),iOS,v2.5.3,Variant_B,United Kingdom
usr_001524,2026-08-04,2026-08-04 08:08:41,Referral,Android,v2.5.2,Variant_B,Germany
usr_001525,2026-07-18,2026-07-18 19:40:03,Meta Ads (Instagram),Android,v2.5.2,Control_A,Canada
usr_001526,2026-07-05,2026-07-05 02:58:21,Organic Search,Android,v2.5.3,Control_A,India
usr_001527,2026-08-07,2026-08-07 01:01:20,Organic Search,Web,v3.1.0-web,Variant_B,United States
usr_001528,2026-07-11,2026-07-11 04:45:49,Meta Ads (Instagram),Android,v2.5.3,Variant_B,Canada
usr_001529,2026-06-21,2026-06-21 02:53:16,Meta Ads (Instagram),Android,v2.5.1,Control_A,United Kingdom
usr_001530,2026-08-05,2026-08-05 12:21:37,Referral,Web,v3.1.0-web,Control_A,Germany
usr_001531,2026-08-03,2026-08-03 16:47:11,Meta Ads (Instagram),iOS,v2.5.2,Control_A,United Kingdom
usr_001532,2026-06-20,2026-06-20 15:56:10,Meta Ads (Instagram),Android,v2.5.3,Control_A,United States
usr_001533,2026-07-27,2026-07-27 14:57:27,Referral,Web,v3.1.0-web,Control_A,United States
usr_001534,2026-06-18,2026-06-18 02:48:49,Meta Ads (Instagram),iOS,v2.5.2,Control_A,India
usr_001535,2026-06-03,2026-06-03 17:25:04,Meta Ads (Instagram),Android,v2.5.1,Variant_B,United States
usr_001536,2026-07-07,2026-07-07 03:23:41,Meta Ads (Instagram),iOS,v2.5.2,Variant_B,India
usr_001537,2026-08-04,2026-08-04 00:15:52,Organic Search,Web,v3.1.0-web,Control_A,United Kingdom
usr_001538,2026-06-28,2026-06-28 06:46:53,Referral,Android,v2.5.3,Variant_B,India
usr_001539,2026-06-10,2026-06-10 16:57:16,Meta Ads (Instagram),iOS,v2.5.3,Variant_B,United Kingdom
usr_001540,2026-06-12,2026-06-12 16:30:51,Meta Ads (Instagram),Android,v2.5.2,Control_A,Canada
usr_001541,2026-06-19,2026-06-19 02:09:56,Paid Search (Google),Android,v2.5.3,Control_A,Germany
usr_001542,2026-08-24,2026-08-24 03:33:41,Paid Search (Google),Android,v2.5.1,Control_A,Germany
usr_001543,2026-08-17,2026-08-17 01:35:16,Paid Search (Google),Android,v2.5.1,Variant_B,India
usr_001544,2026-06-06,2026-06-06 10:57:28,Paid Search (Google),Android,v2.5.2,Variant_B,United Kingdom
usr_001545,2026-06-07,2026-06-07 03:11:56,Paid Search (Google),Web,v3.1.0-web,Variant_B,Germany
usr_001546,2026-07-27,2026-07-27 00:25:16,Paid Search (Google),iOS,v2.5.3,Control_A,Canada
usr_001547,2026-07-05,2026-07-05 04:55:35,Meta Ads (Instagram),iOS,v2.5.3,Variant_B,Canada
usr_001548,2026-08-06,2026-08-06 23:27:45,Meta Ads (Instagram),Android,v2.5.3,Control_A,Germany
usr_001549,2026-06-24,2026-06-24 15:55:33,Organic Search,iOS,v2.5.3,Control_A,United States
usr_001550,2026-07-04,2026-07-04 02:34:35,Meta Ads (Instagram),Android,v2.5.3,Control_A,United Kingdom
usr_001551,2026-08-14,2026-08-14 23:00:25,Paid Search (Google),Android,v2.5.3,Control_A,Germany
usr_001552,2026-07-01,2026-07-01 20:51:22,Paid Search (Google),Android,v2.5.3,Variant_B,Germany
usr_001553,2026-08-04,2026-08-04 19:32:26,Referral,iOS,v2.5.2,Control_A,United Kingdom
usr_001554,2026-06-13,2026-06-13 03:53:27,Meta Ads (Instagram),Android,v2.5.2,Variant_B,United Kingdom
usr_001555,2026-08-24,2026-08-24 20:08:38,Organic Search,Android,v2.5.3,Control_A,United Kingdom
usr_001556,2026-06-28,2026-06-28 23:30:31,Organic Search,iOS,v2.5.1,Control_A,United States
usr_001557,2026-08-22,2026-08-22 09:06:24,Referral,Android,v2.5.3,Variant_B,United States
usr_001558,2026-08-22,2026-08-22 21:51:42,Organic Search,iOS,v2.5.2,Variant_B,Canada
usr_001559,2026-07-30,2026-07-30 01:03:05,Organic Search,iOS,v2.5.1,Control_A,India
usr_001560,2026-06-08,2026-06-08 14:27:22,Meta Ads (Instagram),Web,v3.1.0-web,Variant_B,Canada
usr_001561,2026-07-14,2026-07-14 08:31:59,Influencer Campaign,Web,v3.1.0-web,Control_A,India
usr_001562,2026-08-08,2026-08-08 12:43:36,Meta Ads (Instagram),iOS,v2.5.3,Variant_B,Canada
usr_001563,2026-07-19,2026-07-19 22:07:49,Organic Search,iOS,v2.5.2,Variant_B,Germany
usr_001564,2026-07-25,2026-07-25 00:35:32,Organic Search,iOS,v2.5.3,Control_A,India
usr_001565,2026-06-22,2026-06-22 10:45:40,Meta Ads (Instagram),Web,v3.1.0-web,Variant_B,United States
usr_001566,2026-08-28,2026-08-28 06:39:08,Meta Ads (Instagram),iOS,v2.5.3,Variant_B,Canada
usr_001567,2026-06-02,2026-06-02 20:51:51,Organic Search,Android,v2.5.2,Control_A,India
usr_001568,2026-06-08,2026-06-08 19:13:52,Referral,iOS,v2.5.1,Variant_B,Canada
usr_001569,2026-06-25,2026-06-25 23:51:49,Meta Ads (Instagram),Android,v2.5.2,Variant_B,United States
usr_001570,2026-08-24,2026-08-24 16:18:21,Referral,Web,v3.1.0-web,Variant_B,Germany
usr_001571,2026-08-18,2026-08-18 05:22:31,Meta Ads (Instagram),Android,v2.5.2,Variant_B,Germany
usr_001572,2026-08-22,2026-08-22 18:06:25,Organic Search,Android,v2.5.3,Control_A,United Kingdom
usr_001573,2026-07-29,2026-07-29 20:11:40,Organic Search,Android,v2.5.1,Control_A,United Kingdom
usr_001574,2026-07-13,2026-07-13 00:43:57,Meta Ads (Instagram),Web,v3.1.0-web,Variant_B,United States
usr_001575,2026-08-16,2026-08-16 04:10:58,Organic Search,Android,v2.5.1,Control_A,United States
usr_001576,2026-08-14,2026-08-14 12:41:10,Organic Search,iOS,v2.5.2,Control_A,India
usr_001577,2026-06-05,2026-06-05 16:11:29,Meta Ads (Instagram),Android,v2.5.1,Variant_B,United States
usr_001578,2026-08-06,2026-08-06 03:58:28,Meta Ads (Instagram),Android,v2.5.3,Control_A,United Kingdom
usr_001579,2026-08-15,2026-08-15 12:01:32,Meta Ads (Instagram),Android,v2.5.2,Control_A,United Kingdom
usr_001580,2026-06-29,2026-06-29 06:48:28,Paid Search (Google),iOS,v2.5.1,Variant_B,India
usr_001581,2026-08-14,2026-08-14 08:02:44,Organic Search,iOS,v2.5.1,Control_A,United States
usr_001582,2026-06-20,2026-06-20 08:22:14,Paid Search (Google),Android,v2.5.3,Variant_B,Germany
usr_001583,2026-06-22,2026-06-22 12:31:49,Influencer Campaign,iOS,v2.5.3,Variant_B,Canada
usr_001584,2026-06-22,2026-06-22 06:45:22,Paid Search (Google),Android,v2.5.1,Variant_B,Germany
usr_001585,2026-07-19,2026-07-19 02:50:18,Meta Ads (Instagram),iOS,v2.5.1,Control_A,United States
usr_001586,2026-06-18,2026-06-18 01:51:21,Paid Search (Google),iOS,v2.5.3,Variant_B,United Kingdom
usr_001587,2026-08-10,2026-08-10 23:25:18,Referral,iOS,v2.5.1,Control_A,United States
usr_001588,2026-07-09,2026-07-09 20:55:08,Meta Ads (Instagram),iOS,v2.5.2,Control_A,United Kingdom
usr_001589,2026-06-02,2026-06-02 22:14:41,Organic Search,iOS,v2.5.2,Variant_B,Germany
usr_001590,2026-08-09,2026-08-09 21:47:53,Organic Search,iOS,v2.5.3,Control_A,Germany
usr_001591,2026-07-08,2026-07-08 05:12:08,Meta Ads (Instagram),Android,v2.5.3,Variant_B,United Kingdom
usr_001592,2026-06-15,2026-06-15 01:57:21,Organic Search,Android,v2.5.2,Variant_B,Germany
usr_001593,2026-06-15,2026-06-15 02:20:50,Organic Search,Android,v2.5.3,Control_A,United States
usr_001594,2026-06-22,2026-06-22 13:12:17,Meta Ads (Instagram),iOS,v2.5.2,Control_A,India
usr_001595,2026-06-20,2026-06-20 20:43:01,Referral,Web,v3.1.0-web,Control_A,United Kingdom
usr_001596,2026-07-25,2026-07-25 22:25:09,Organic Search,Android,v2.5.3,Variant_B,Canada
usr_001597,2026-06-25,2026-06-25 14:34:33,Influencer Campaign,Android,v2.5.3,Control_A,United Kingdom
usr_001598,2026-06-18,2026-06-18 07:51:44,Meta Ads (Instagram),iOS,v2.5.2,Variant_B,India
usr_001599,2026-08-16,2026-08-16 03:08:11,Paid Search (Google),iOS,v2.5.1,Variant_B,Germany
usr_001600,2026-08-20,2026-08-20 23:28:06,Meta Ads (Instagram),iOS,v2.5.2,Control_A,Germany
usr_001601,2026-07-27,2026-07-27 16:13:31,Referral,Web,v3.1.0-web,Control_A,Canada
usr_001602,2026-08-10,2026-08-10 15:51:44,Organic Search,iOS,v2.5.3,Control_A,United States
usr_001603,2026-07-24,2026-07-24 12:04:10,Referral,Android,v2.5.2,Variant_B,United States
usr_001604,2026-06-09,2026-06-09 02:05:59,Meta Ads (Instagram),Android,v2.5.3,Variant_B,Germany
usr_001605,2026-06-12,2026-06-12 00:19:19,Meta Ads (Instagram),iOS,v2.5.3,Variant_B,United Kingdom
usr_001606,2026-08-07,2026-08-07 02:16:21,Paid Search (Google),iOS,v2.5.1,Variant_B,United States
usr_001607,2026-07-07,2026-07-07 18:48:17,Referral,Android,v2.5.3,Variant_B,India
usr_001608,2026-07-26,2026-07-26 19:19:47,Meta Ads (Instagram),iOS,v2.5.3,Variant_B,India
usr_001609,2026-08-04,2026-08-04 06:18:13,Paid Search (Google),iOS,v2.5.3,Variant_B,United Kingdom
usr_001610,2026-08-06,2026-08-06 17:35:11,Organic Search,Android,v2.5.3,Control_A,United States
usr_001611,2026-06-09,2026-06-09 20:07:18,Paid Search (Google),Android,v2.5.2,Control_A,United States
usr_001612,2026-06-20,2026-06-20 23:04:29,Organic Search,iOS,v2.5.3,Variant_B,Canada
usr_001613,2026-08-13,2026-08-13 04:18:59,Paid Search (Google),Android,v2.5.2,Control_A,United States
usr_001614,2026-07-30,2026-07-30 10:03:58,Referral,iOS,v2.5.3,Variant_B,United States
usr_001615,2026-06-07,2026-06-07 09:45:56,Organic Search,Android,v2.5.2,Variant_B,Canada
usr_001616,2026-07-01,2026-07-01 06:06:55,Paid Search (Google),Android,v2.5.3,Control_A,United States
usr_001617,2026-08-08,2026-08-08 02:22:51,Organic Search,Android,v2.5.1,Variant_B,Canada
usr_001618,2026-06-12,2026-06-12 05:08:21,Organic Search,Android,v2.5.2,Variant_B,United States
usr_001619,2026-08-22,2026-08-22 20:33:55,Paid Search (Google),iOS,v2.5.2,Control_A,Germany
usr_001620,2026-08-29,2026-08-29 17:55:52,Meta Ads (Instagram),iOS,v2.5.2,Variant_B,United Kingdom
usr_001621,2026-07-28,2026-07-28 04:41:19,Organic Search,iOS,v2.5.3,Variant_B,India
usr_001622,2026-07-15,2026-07-15 23:28:06,Meta Ads (Instagram),iOS,v2.5.1,Variant_B,India
usr_001623,2026-07-22,2026-07-22 20:45:31,Meta Ads (Instagram),Android,v2.5.2,Control_A,India
usr_001624,2026-08-06,2026-08-06 05:55:25,Organic Search,iOS,v2.5.2,Control_A,United Kingdom
usr_001625,2026-07-11,2026-07-11 13:11:53,Meta Ads (Instagram),iOS,v2.5.2,Control_A,India
usr_001626,2026-07-01,2026-07-01 21:26:03,Referral,iOS,v2.5.2,Control_A,United States
usr_001627,2026-08-09,2026-08-09 02:58:15,Organic Search,Android,v2.5.2,Variant_B,India
usr_001628,2026-07-11,2026-07-11 01:11:40,Organic Search,Android,v2.5.2,Variant_B,United States
usr_001629,2026-06-07,2026-06-07 16:38:54,Meta Ads (Instagram),Android,v2.5.1,Control_A,India
usr_001630,2026-08-09,2026-08-09 16:24:22,Influencer Campaign,iOS,v2.5.3,Variant_B,Germany
usr_001631,2026-07-11,2026-07-11 04:51:46,Paid Search (Google),Android,v2.5.2,Control_A,United States
usr_001632,2026-06-10,2026-06-10 16:16:10,Organic Search,Android,v2.5.2,Control_A,India
usr_001633,2026-07-14,2026-07-14 20:03:52,Meta Ads (Instagram),Android,v2.5.1,Variant_B,India
usr_001634,2026-08-16,2026-08-16 01:04:26,Influencer Campaign,Web,v3.1.0-web,Control_A,United States
usr_001635,2026-07-08,2026-07-08 07:18:14,Paid Search (Google),Android,v2.5.1,Control_A,United States
usr_001636,2026-07-24,2026-07-24 02:35:04,Meta Ads (Instagram),Android,v2.5.2,Control_A,India
usr_001637,2026-08-14,2026-08-14 20:34:04,Paid Search (Google),iOS,v2.5.3,Variant_B,Canada
usr_001638,2026-08-25,2026-08-25 23:39:41,Meta Ads (Instagram),iOS,v2.5.2,Variant_B,United States
usr_001639,2026-06-05,2026-06-05 02:03:32,Meta Ads (Instagram),iOS,v2.5.1,Variant_B,Germany
usr_001640,2026-06-08,2026-06-08 05:40:04,Paid Search (Google),Android,v2.5.3,Control_A,United Kingdom
usr_001641,2026-07-10,2026-07-10 08:53:35,Paid Search (Google),iOS,v2.5.2,Control_A,United States
usr_001642,2026-07-04,2026-07-04 21:45:46,Paid Search (Google),Android,v2.5.3,Variant_B,India
usr_001643,2026-06-14,2026-06-14 06:48:42,Influencer Campaign,iOS,v2.5.3,Variant_B,Canada
usr_001644,2026-06-06,2026-06-06 21:33:38,Referral,Android,v2.5.1,Control_A,United Kingdom
usr_001645,2026-06-15,2026-06-15 11:35:32,Influencer Campaign,Web,v3.1.0-web,Variant_B,Canada
usr_001646,2026-08-24,2026-08-24 04:18:45,Meta Ads (Instagram),Android,v2.5.3,Variant_B,Canada
usr_001647,2026-08-13,2026-08-13 17:43:21,Meta Ads (Instagram),iOS,v2.5.3,Variant_B,United Kingdom
usr_001648,2026-06-19,2026-06-19 11:43:00,Paid Search (Google),Android,v2.5.1,Variant_B,Canada
usr_001649,2026-06-10,2026-06-10 17:36:20,Referral,iOS,v2.5.1,Variant_B,United Kingdom
usr_001650,2026-07-03,2026-07-03 22:44:45,Organic Search,Web,v3.1.0-web,Control_A,United Kingdom
usr_001651,2026-07-23,2026-07-23 10:07:50,Organic Search,iOS,v2.5.3,Control_A,Canada
usr_001652,2026-07-02,2026-07-02 23:55:40,Referral,Android,v2.5.2,Control_A,Canada
usr_001653,2026-08-24,2026-08-24 00:29:51,Referral,Android,v2.5.3,Control_A,United Kingdom
usr_001654,2026-08-19,2026-08-19 19:26:47,Organic Search,iOS,v2.5.1,Variant_B,Germany
usr_001655,2026-08-07,2026-08-07 22:28:57,Referral,Web,v3.1.0-web,Control_A,United Kingdom
usr_001656,2026-06-28,2026-06-28 16:54:31,Paid Search (Google),Android,v2.5.2,Variant_B,United States
usr_001657,2026-06-24,2026-06-24 22:43:37,Meta Ads (Instagram),Android,v2.5.2,Control_A,Germany
usr_001658,2026-07-26,2026-07-26 07:33:12,Meta Ads (Instagram),iOS,v2.5.3,Variant_B,Canada
usr_001659,2026-07-06,2026-07-06 06:58:07,Paid Search (Google),iOS,v2.5.1,Variant_B,Germany
usr_001660,2026-07-02,2026-07-02 22:24:30,Meta Ads (Instagram),iOS,v2.5.3,Control_A,United States
usr_001661,2026-06-15,2026-06-15 05:42:47,Meta Ads (Instagram),iOS,v2.5.1,Control_A,Canada
usr_001662,2026-08-27,2026-08-27 02:29:20,Paid Search (Google),iOS,v2.5.2,Control_A,Canada
usr_001663,2026-06-04,2026-06-04 03:22:57,Meta Ads (Instagram),Android,v2.5.1,Control_A,India
usr_001664,2026-07-09,2026-07-09 02:17:41,Paid Search (Google),iOS,v2.5.2,Variant_B,India
usr_001665,2026-08-28,2026-08-28 14:12:19,Meta Ads (Instagram),Android,v2.5.3,Control_A,Canada
usr_001666,2026-07-14,2026-07-14 00:22:30,Referral,Web,v3.1.0-web,Control_A,Canada
usr_001667,2026-06-30,2026-06-30 19:12:53,Paid Search (Google),iOS,v2.5.1,Control_A,Canada
usr_001668,2026-06-18,2026-06-18 11:16:38,Organic Search,Web,v3.1.0-web,Variant_B,United Kingdom
usr_001669,2026-07-26,2026-07-26 09:25:42,Meta Ads (Instagram),Android,v2.5.3,Control_A,Canada
usr_001670,2026-08-01,2026-08-01 00:00:55,Meta Ads (Instagram),Android,v2.5.2,Variant_B,United Kingdom
usr_001671,2026-07-23,2026-07-23 13:27:33,Influencer Campaign,Android,v2.5.1,Control_A,United States
usr_001672,2026-07-14,2026-07-14 00:02:44,Meta Ads (Instagram),iOS,v2.5.3,Control_A,United Kingdom
usr_001673,2026-08-12,2026-08-12 00:16:41,Meta Ads (Instagram),iOS,v2.5.3,Variant_B,United States
usr_001674,2026-06-25,2026-06-25 16:58:12,Referral,iOS,v2.5.1,Control_A,India
usr_001675,2026-06-06,2026-06-06 01:24:15,Organic Search,iOS,v2.5.1,Control_A,Germany
usr_001676,2026-07-21,2026-07-21 22:57:24,Influencer Campaign,Web,v3.1.0-web,Variant_B,Canada
usr_001677,2026-08-07,2026-08-07 03:53:20,Paid Search (Google),iOS,v2.5.1,Control_A,Canada
usr_001678,2026-08-08,2026-08-08 02:16:13,Meta Ads (Instagram),Android,v2.5.3,Control_A,Germany
usr_001679,2026-06-20,2026-06-20 04:32:21,Organic Search,iOS,v2.5.3,Variant_B,India
usr_001680,2026-08-29,2026-08-29 01:51:46,Meta Ads (Instagram),iOS,v2.5.1,Control_A,United States
usr_001681,2026-07-12,2026-07-12 20:28:20,Meta Ads (Instagram),Android,v2.5.3,Variant_B,Germany
usr_001682,2026-06-20,2026-06-20 18:24:31,Meta Ads (Instagram),Android,v2.5.1,Variant_B,United Kingdom
usr_001683,2026-06-12,2026-06-12 09:28:15,Paid Search (Google),iOS,v2.5.2,Control_A,United States
usr_001684,2026-08-24,2026-08-24 23:03:46,Meta Ads (Instagram),Android,v2.5.1,Control_A,United Kingdom
usr_001685,2026-07-10,2026-07-10 20:49:26,Paid Search (Google),iOS,v2.5.3,Variant_B,United States
usr_001686,2026-08-17,2026-08-17 11:48:49,Organic Search,Android,v2.5.3,Control_A,Canada
usr_001687,2026-08-03,2026-08-03 04:17:47,Referral,Android,v2.5.3,Variant_B,Germany
usr_001688,2026-08-21,2026-08-21 10:39:22,Meta Ads (Instagram),Web,v3.1.0-web,Variant_B,United Kingdom
usr_001689,2026-08-17,2026-08-17 16:40:53,Organic Search,iOS,v2.5.1,Variant_B,United Kingdom
usr_001690,2026-07-25,2026-07-25 06:06:14,Organic Search,iOS,v2.5.1,Control_A,United Kingdom
usr_001691,2026-06-05,2026-06-05 05:39:59,Paid Search (Google),Android,v2.5.2,Control_A,Canada
usr_001692,2026-06-08,2026-06-08 11:29:09,Referral,Android,v2.5.1,Control_A,India
usr_001693,2026-07-01,2026-07-01 20:04:37,Meta Ads (Instagram),Android,v2.5.1,Variant_B,Canada
usr_001694,2026-08-11,2026-08-11 14:09:40,Paid Search (Google),Android,v2.5.3,Variant_B,India
usr_001695,2026-08-22,2026-08-22 20:08:14,Meta Ads (Instagram),iOS,v2.5.3,Variant_B,United States
usr_001696,2026-06-10,2026-06-10 10:27:47,Meta Ads (Instagram),Android,v2.5.2,Variant_B,United Kingdom
usr_001697,2026-07-11,2026-07-11 10:59:24,Organic Search,iOS,v2.5.3,Variant_B,India
usr_001698,2026-07-25,2026-07-25 09:53:24,Paid Search (Google),iOS,v2.5.1,Control_A,United Kingdom
usr_001699,2026-06-15,2026-06-15 02:32:27,Organic Search,Android,v2.5.1,Control_A,India
usr_001700,2026-06-23,2026-06-23 00:33:50,Meta Ads (Instagram),iOS,v2.5.2,Control_A,United Kingdom
usr_001701,2026-06-27,2026-06-27 12:10:15,Paid Search (Google),iOS,v2.5.1,Control_A,United Kingdom
usr_001702,2026-06-17,2026-06-17 16:04:34,Organic Search,iOS,v2.5.3,Control_A,Canada
usr_001703,2026-08-22,2026-08-22 23:37:43,Meta Ads (Instagram),iOS,v2.5.2,Control_A,Canada
usr_001704,2026-08-16,2026-08-16 18:12:02,Organic Search,Android,v2.5.2,Variant_B,Canada
usr_001705,2026-07-06,2026-07-06 21:36:02,Meta Ads (Instagram),iOS,v2.5.3,Variant_B,United Kingdom
usr_001706,2026-06-14,2026-06-14 16:14:46,Meta Ads (Instagram),iOS,v2.5.1,Variant_B,India
usr_001707,2026-08-19,2026-08-19 13:15:39,Paid Search (Google),Android,v2.5.3,Control_A,United Kingdom
usr_001708,2026-07-02,2026-07-02 03:54:00,Meta Ads (Instagram),Android,v2.5.1,Control_A,United Kingdom
usr_001709,2026-06-04,2026-06-04 20:46:03,Meta Ads (Instagram),Android,v2.5.1,Variant_B,Germany
usr_001710,2026-07-21,2026-07-21 01:39:20,Referral,Android,v2.5.3,Control_A,United States
usr_001711,2026-07-17,2026-07-17 17:18:34,Meta Ads (Instagram),iOS,v2.5.1,Control_A,Germany
usr_001712,2026-07-24,2026-07-24 03:26:13,Organic Search,iOS,v2.5.2,Control_A,Germany
usr_001713,2026-07-20,2026-07-20 19:32:59,Organic Search,Android,v2.5.1,Control_A,India
usr_001714,2026-08-12,2026-08-12 00:17:49,Meta Ads (Instagram),iOS,v2.5.3,Control_A,Canada
usr_001715,2026-06-09,2026-06-09 11:31:56,Influencer Campaign,iOS,v2.5.2,Control_A,India
usr_001716,2026-07-03,2026-07-03 07:18:54,Referral,iOS,v2.5.1,Control_A,Canada
usr_001717,2026-07-29,2026-07-29 12:04:13,Paid Search (Google),Android,v2.5.2,Control_A,India
usr_001718,2026-07-22,2026-07-22 18:50:42,Paid Search (Google),Android,v2.5.1,Control_A,Canada
usr_001719,2026-06-30,2026-06-30 14:53:52,Paid Search (Google),Android,v2.5.3,Variant_B,Germany
usr_001720,2026-06-01,2026-06-01 21:08:36,Organic Search,Android,v2.5.1,Control_A,Germany
usr_001721,2026-07-19,2026-07-19 20:05:19,Paid Search (Google),iOS,v2.5.1,Variant_B,Canada
usr_001722,2026-07-17,2026-07-17 15:56:02,Organic Search,Android,v2.5.3,Variant_B,United Kingdom
usr_001723,2026-08-08,2026-08-08 18:55:51,Paid Search (Google),iOS,v2.5.2,Variant_B,United Kingdom
usr_001724,2026-06-19,2026-06-19 23:09:43,Organic Search,Android,v2.5.1,Variant_B,United Kingdom
usr_001725,2026-07-26,2026-07-26 00:11:15,Paid Search (Google),iOS,v2.5.2,Control_A,United States
usr_001726,2026-08-18,2026-08-18 23:08:40,Organic Search,iOS,v2.5.2,Control_A,United Kingdom
usr_001727,2026-06-05,2026-06-05 16:23:34,Influencer Campaign,iOS,v2.5.1,Control_A,Germany
usr_001728,2026-07-16,2026-07-16 18:02:43,Organic Search,Android,v2.5.3,Control_A,Germany
usr_001729,2026-07-03,2026-07-03 11:13:08,Meta Ads (Instagram),Android,v2.5.2,Variant_B,United Kingdom
usr_001730,2026-06-25,2026-06-25 12:18:27,Meta Ads (Instagram),Android,v2.5.3,Control_A,Germany
usr_001731,2026-06-12,2026-06-12 01:04:18,Meta Ads (Instagram),Android,v2.5.3,Control_A,United Kingdom
usr_001732,2026-06-13,2026-06-13 03:13:59,Organic Search,Android,v2.5.3,Control_A,Germany
usr_001733,2026-06-16,2026-06-16 21:23:07,Meta Ads (Instagram),Android,v2.5.2,Variant_B,United Kingdom
usr_001734,2026-07-20,2026-07-20 00:36:45,Influencer Campaign,iOS,v2.5.1,Variant_B,India
usr_001735,2026-08-13,2026-08-13 01:26:47,Meta Ads (Instagram),Android,v2.5.3,Control_A,India
usr_001736,2026-06-30,2026-06-30 06:49:00,Organic Search,Web,v3.1.0-web,Control_A,Canada
usr_001737,2026-07-02,2026-07-02 12:00:49,Organic Search,Web,v3.1.0-web,Control_A,Germany
usr_001738,2026-07-03,2026-07-03 00:49:22,Meta Ads (Instagram),iOS,v2.5.3,Variant_B,United States
usr_001739,2026-08-28,2026-08-28 03:23:22,Organic Search,Android,v2.5.1,Control_A,United States
usr_001740,2026-06-01,2026-06-01 16:45:32,Paid Search (Google),iOS,v2.5.1,Control_A,United States
usr_001741,2026-08-03,2026-08-03 20:28:08,Meta Ads (Instagram),Android,v2.5.3,Variant_B,India
usr_001742,2026-06-01,2026-06-01 19:09:35,Paid Search (Google),Web,v3.1.0-web,Control_A,Canada
usr_001743,2026-08-13,2026-08-13 00:14:40,Paid Search (Google),iOS,v2.5.3,Variant_B,Germany
usr_001744,2026-07-09,2026-07-09 02:49:38,Meta Ads (Instagram),Android,v2.5.3,Variant_B,United States
usr_001745,2026-06-03,2026-06-03 12:50:03,Meta Ads (Instagram),Android,v2.5.3,Variant_B,India
usr_001746,2026-06-21,2026-06-21 20:25:08,Organic Search,iOS,v2.5.3,Variant_B,India
usr_001747,2026-06-06,2026-06-06 11:20:07,Organic Search,iOS,v2.5.1,Variant_B,Germany
usr_001748,2026-06-05,2026-06-05 13:49:45,Meta Ads (Instagram),Web,v3.1.0-web,Control_A,Germany
usr_001749,2026-07-12,2026-07-12 20:45:59,Referral,iOS,v2.5.2,Control_A,United Kingdom
usr_001750,2026-08-10,2026-08-10 12:17:18,Meta Ads (Instagram),Web,v3.1.0-web,Control_A,Canada
usr_001751,2026-08-17,2026-08-17 03:42:53,Referral,Android,v2.5.3,Control_A,United Kingdom
usr_001752,2026-08-07,2026-08-07 09:27:28,Organic Search,Android,v2.5.2,Variant_B,United States
usr_001753,2026-08-15,2026-08-15 01:17:14,Paid Search (Google),Web,v3.1.0-web,Variant_B,United States
usr_001754,2026-08-03,2026-08-03 13:37:33,Organic Search,iOS,v2.5.2,Variant_B,India
usr_001755,2026-08-16,2026-08-16 18:02:37,Paid Search (Google),iOS,v2.5.3,Control_A,United States
usr_001756,2026-06-02,2026-06-02 23:04:10,Meta Ads (Instagram),iOS,v2.5.2,Control_A,United States
usr_001757,2026-06-26,2026-06-26 11:36:33,Organic Search,Android,v2.5.3,Variant_B,India
usr_001758,2026-07-17,2026-07-17 00:59:48,Influencer Campaign,iOS,v2.5.1,Variant_B,Germany
usr_001759,2026-08-13,2026-08-13 10:19:15,Paid Search (Google),Android,v2.5.2,Variant_B,Canada
usr_001760,2026-06-06,2026-06-06 12:28:58,Meta Ads (Instagram),iOS,v2.5.2,Control_A,United Kingdom
usr_001761,2026-08-10,2026-08-10 06:00:50,Referral,iOS,v2.5.2,Control_A,India
usr_001762,2026-06-13,2026-06-13 04:59:34,Influencer Campaign,iOS,v2.5.3,Variant_B,Canada
usr_001763,2026-08-11,2026-08-11 00:02:36,Meta Ads (Instagram),iOS,v2.5.2,Variant_B,United States
usr_001764,2026-08-20,2026-08-20 13:55:28,Meta Ads (Instagram),iOS,v2.5.1,Control_A,India
usr_001765,2026-08-18,2026-08-18 23:32:27,Referral,Android,v2.5.3,Control_A,Canada
usr_001766,2026-08-06,2026-08-06 11:33:57,Meta Ads (Instagram),Android,v2.5.3,Variant_B,United States
usr_001767,2026-07-11,2026-07-11 04:10:08,Paid Search (Google),Android,v2.5.3,Variant_B,Canada
usr_001768,2026-06-27,2026-06-27 15:52:13,Paid Search (Google),iOS,v2.5.1,Variant_B,Canada
usr_001769,2026-06-22,2026-06-22 08:11:56,Referral,iOS,v2.5.1,Variant_B,United States
usr_001770,2026-07-19,2026-07-19 22:20:26,Organic Search,iOS,v2.5.2,Variant_B,India
usr_001771,2026-06-12,2026-06-12 17:35:16,Organic Search,Android,v2.5.1,Control_A,Canada
usr_001772,2026-08-15,2026-08-15 12:55:01,Organic Search,Android,v2.5.3,Variant_B,India
usr_001773,2026-08-29,2026-08-29 11:22:21,Influencer Campaign,iOS,v2.5.1,Control_A,United Kingdom
usr_001774,2026-07-11,2026-07-11 20:55:12,Organic Search,Android,v2.5.1,Control_A,United States
usr_001775,2026-06-07,2026-06-07 23:39:54,Organic Search,Android,v2.5.1,Control_A,India
usr_001776,2026-06-21,2026-06-21 12:12:03,Organic Search,Android,v2.5.2,Variant_B,United States
usr_001777,2026-08-18,2026-08-18 18:45:55,Meta Ads (Instagram),Android,v2.5.3,Variant_B,Canada
usr_001778,2026-08-04,2026-08-04 15:53:55,Organic Search,iOS,v2.5.1,Variant_B,United Kingdom
usr_001779,2026-07-29,2026-07-29 02:51:04,Meta Ads (Instagram),iOS,v2.5.2,Variant_B,Canada
usr_001780,2026-07-05,2026-07-05 09:12:42,Referral,Android,v2.5.3,Control_A,India
usr_001781,2026-07-09,2026-07-09 03:48:12,Meta Ads (Instagram),iOS,v2.5.2,Control_A,Canada
usr_001782,2026-06-29,2026-06-29 07:47:33,Influencer Campaign,Web,v3.1.0-web,Variant_B,Canada
usr_001783,2026-07-15,2026-07-15 04:48:35,Meta Ads (Instagram),Android,v2.5.1,Variant_B,India
usr_001784,2026-07-12,2026-07-12 10:00:46,Referral,Web,v3.1.0-web,Control_A,India
usr_001785,2026-08-01,2026-08-01 13:44:26,Referral,Android,v2.5.2,Variant_B,Germany
usr_001786,2026-06-13,2026-06-13 14:55:50,Paid Search (Google),Android,v2.5.1,Control_A,United Kingdom
usr_001787,2026-08-06,2026-08-06 14:43:20,Organic Search,iOS,v2.5.2,Variant_B,India
usr_001788,2026-06-21,2026-06-21 10:54:27,Meta Ads (Instagram),Android,v2.5.1,Control_A,India
usr_001789,2026-08-24,2026-08-24 06:36:09,Paid Search (Google),iOS,v2.5.1,Control_A,Canada
usr_001790,2026-08-14,2026-08-14 11:01:07,Influencer Campaign,iOS,v2.5.1,Control_A,Canada
usr_001791,2026-07-26,2026-07-26 08:53:11,Influencer Campaign,Web,v3.1.0-web,Variant_B,United States
usr_001792,2026-06-26,2026-06-26 01:40:14,Paid Search (Google),iOS,v2.5.1,Variant_B,United States
usr_001793,2026-08-21,2026-08-21 22:35:13,Referral,Android,v2.5.2,Variant_B,Canada
usr_001794,2026-07-09,2026-07-09 07:05:27,Meta Ads (Instagram),Android,v2.5.1,Variant_B,United Kingdom
usr_001795,2026-08-22,2026-08-22 10:44:16,Organic Search,Android,v2.5.1,Variant_B,United States
usr_001796,2026-07-28,2026-07-28 10:23:50,Referral,Android,v2.5.3,Variant_B,India
usr_001797,2026-07-27,2026-07-27 11:44:07,Paid Search (Google),Android,v2.5.2,Variant_B,United Kingdom
usr_001798,2026-06-09,2026-06-09 19:47:31,Meta Ads (Instagram),iOS,v2.5.1,Control_A,United Kingdom
usr_001799,2026-07-01,2026-07-01 15:18:09,Meta Ads (Instagram),Android,v2.5.1,Variant_B,United Kingdom
usr_001800,2026-06-23,2026-06-23 14:25:56,Paid Search (Google),iOS,v2.5.3,Control_A,India
usr_001801,2026-08-16,2026-08-16 19:54:24,Referral,Android,v2.5.1,Control_A,Canada
usr_001802,2026-06-22,2026-06-22 02:18:43,Referral,iOS,v2.5.2,Variant_B,United States
usr_001803,2026-06-07,2026-06-07 11:26:26,Influencer Campaign,iOS,v2.5.3,Control_A,Germany
usr_001804,2026-08-29,2026-08-29 03:14:13,Organic Search,iOS,v2.5.2,Control_A,United Kingdom
usr_001805,2026-07-27,2026-07-27 22:43:15,Meta Ads (Instagram),Web,v3.1.0-web,Variant_B,Germany
usr_001806,2026-07-25,2026-07-25 03:31:47,Referral,Android,v2.5.1,Control_A,Canada
usr_001807,2026-06-02,2026-06-02 20:24:51,Meta Ads (Instagram),iOS,v2.5.3,Control_A,United States
usr_001808,2026-08-26,2026-08-26 12:01:20,Organic Search,Android,v2.5.2,Control_A,Germany
usr_001809,2026-07-28,2026-07-28 08:48:18,Paid Search (Google),iOS,v2.5.3,Control_A,Canada
usr_001810,2026-07-23,2026-07-23 04:11:50,Meta Ads (Instagram),iOS,v2.5.1,Variant_B,United Kingdom
usr_001811,2026-08-11,2026-08-11 13:31:24,Referral,Android,v2.5.1,Variant_B,United States
usr_001812,2026-08-23,2026-08-23 06:28:09,Meta Ads (Instagram),iOS,v2.5.1,Control_A,United States
usr_001813,2026-08-19,2026-08-19 16:19:30,Referral,iOS,v2.5.3,Control_A,Germany
usr_001814,2026-08-13,2026-08-13 03:15:17,Meta Ads (Instagram),Android,v2.5.3,Variant_B,Canada
usr_001815,2026-07-12,2026-07-12 05:27:36,Meta Ads (Instagram),iOS,v2.5.3,Control_A,Germany
usr_001816,2026-06-27,2026-06-27 10:01:34,Paid Search (Google),iOS,v2.5.2,Control_A,Germany
usr_001817,2026-06-14,2026-06-14 06:42:38,Organic Search,iOS,v2.5.1,Control_A,Germany
usr_001818,2026-08-10,2026-08-10 15:58:27,Meta Ads (Instagram),Android,v2.5.1,Variant_B,United States
usr_001819,2026-08-01,2026-08-01 06:31:43,Organic Search,iOS,v2.5.3,Control_A,Germany
usr_001820,2026-08-17,2026-08-17 05:36:23,Organic Search,Android,v2.5.1,Variant_B,United Kingdom
usr_001821,2026-08-20,2026-08-20 19:34:47,Meta Ads (Instagram),iOS,v2.5.3,Control_A,United Kingdom
usr_001822,2026-08-27,2026-08-27 20:10:39,Paid Search (Google),iOS,v2.5.3,Variant_B,Germany
usr_001823,2026-07-07,2026-07-07 10:37:53,Organic Search,Android,v2.5.3,Control_A,United States
usr_001824,2026-06-19,2026-06-19 09:56:53,Paid Search (Google),iOS,v2.5.3,Control_A,United States
usr_001825,2026-07-21,2026-07-21 21:59:42,Influencer Campaign,iOS,v2.5.2,Variant_B,Canada
usr_001826,2026-07-27,2026-07-27 04:40:57,Organic Search,iOS,v2.5.1,Variant_B,India
usr_001827,2026-08-21,2026-08-21 00:07:22,Referral,iOS,v2.5.3,Variant_B,Canada
usr_001828,2026-07-14,2026-07-14 01:27:39,Referral,Android,v2.5.2,Control_A,United States
usr_001829,2026-08-22,2026-08-22 16:28:01,Paid Search (Google),iOS,v2.5.2,Control_A,India
usr_001830,2026-07-08,2026-07-08 05:45:09,Organic Search,iOS,v2.5.1,Variant_B,United States
usr_001831,2026-08-22,2026-08-22 04:58:10,Influencer Campaign,Android,v2.5.3,Variant_B,Germany
usr_001832,2026-06-15,2026-06-15 23:22:14,Meta Ads (Instagram),Android,v2.5.3,Control_A,Germany
usr_001833,2026-08-16,2026-08-16 21:29:23,Referral,iOS,v2.5.2,Control_A,India
usr_001834,2026-08-21,2026-08-21 07:21:45,Paid Search (Google),iOS,v2.5.1,Variant_B,Germany
usr_001835,2026-06-04,2026-06-04 17:43:05,Meta Ads (Instagram),iOS,v2.5.3,Control_A,India
usr_001836,2026-08-19,2026-08-19 04:53:16,Paid Search (Google),Android,v2.5.3,Control_A,United States
usr_001837,2026-07-26,2026-07-26 12:23:17,Organic Search,iOS,v2.5.1,Control_A,United Kingdom
usr_001838,2026-07-18,2026-07-18 09:29:29,Referral,iOS,v2.5.2,Variant_B,United Kingdom
usr_001839,2026-06-23,2026-06-23 18:48:53,Paid Search (Google),Android,v2.5.2,Variant_B,United States
usr_001840,2026-07-10,2026-07-10 15:56:53,Meta Ads (Instagram),Android,v2.5.3,Variant_B,United States
usr_001841,2026-07-23,2026-07-23 17:06:03,Meta Ads (Instagram),Android,v2.5.1,Control_A,United States
usr_001842,2026-08-11,2026-08-11 09:15:15,Organic Search,iOS,v2.5.3,Control_A,United Kingdom
usr_001843,2026-06-21,2026-06-21 17:59:59,Referral,Web,v3.1.0-web,Variant_B,Canada
usr_001844,2026-07-06,2026-07-06 15:38:21,Meta Ads (Instagram),iOS,v2.5.1,Control_A,Germany
usr_001845,2026-08-27,2026-08-27 09:11:42,Organic Search,iOS,v2.5.1,Control_A,Canada
usr_001846,2026-06-24,2026-06-24 20:10:51,Meta Ads (Instagram),Web,v3.1.0-web,Variant_B,United Kingdom
usr_001847,2026-07-28,2026-07-28 23:11:35,Referral,Android,v2.5.2,Control_A,Canada
usr_001848,2026-07-08,2026-07-08 16:39:27,Organic Search,Android,v2.5.3,Variant_B,Canada
usr_001849,2026-07-19,2026-07-19 06:52:27,Referral,iOS,v2.5.2,Control_A,Canada
usr_001850,2026-07-30,2026-07-30 10:31:21,Organic Search,iOS,v2.5.3,Variant_B,India
usr_001851,2026-06-25,2026-06-25 07:07:16,Organic Search,Android,v2.5.1,Control_A,United Kingdom
usr_001852,2026-08-05,2026-08-05 03:29:48,Paid Search (Google),Android,v2.5.2,Control_A,India
usr_001853,2026-08-03,2026-08-03 04:06:25,Influencer Campaign,iOS,v2.5.2,Variant_B,United States
usr_001854,2026-06-11,2026-06-11 01:58:52,Organic Search,iOS,v2.5.3,Variant_B,United Kingdom
usr_001855,2026-07-21,2026-07-21 06:38:36,Meta Ads (Instagram),Android,v2.5.1,Variant_B,United States
usr_001856,2026-06-21,2026-06-21 20:02:31,Organic Search,Android,v2.5.2,Control_A,Germany
usr_001857,2026-06-10,2026-06-10 20:21:34,Referral,iOS,v2.5.1,Variant_B,India
usr_001858,2026-07-21,2026-07-21 20:28:42,Influencer Campaign,iOS,v2.5.2,Control_A,United States
usr_001859,2026-07-28,2026-07-28 02:49:39,Meta Ads (Instagram),Android,v2.5.2,Control_A,United States
usr_001860,2026-08-27,2026-08-27 14:16:41,Paid Search (Google),iOS,v2.5.3,Variant_B,Canada
usr_001861,2026-06-18,2026-06-18 23:23:50,Paid Search (Google),Android,v2.5.1,Variant_B,United States
usr_001862,2026-07-31,2026-07-31 12:53:10,Meta Ads (Instagram),iOS,v2.5.1,Variant_B,Germany
usr_001863,2026-08-28,2026-08-28 10:38:16,Meta Ads (Instagram),iOS,v2.5.3,Control_A,United Kingdom
usr_001864,2026-06-09,2026-06-09 20:29:50,Organic Search,Android,v2.5.1,Control_A,United States
usr_001865,2026-08-07,2026-08-07 19:43:28,Paid Search (Google),iOS,v2.5.1,Variant_B,Canada
usr_001866,2026-06-10,2026-06-10 18:31:29,Paid Search (Google),iOS,v2.5.2,Variant_B,India
usr_001867,2026-06-03,2026-06-03 22:49:44,Meta Ads (Instagram),Android,v2.5.3,Variant_B,Canada
usr_001868,2026-07-20,2026-07-20 19:47:40,Influencer Campaign,iOS,v2.5.3,Control_A,United States
usr_001869,2026-06-24,2026-06-24 12:51:05,Meta Ads (Instagram),Android,v2.5.3,Variant_B,United Kingdom
usr_001870,2026-08-18,2026-08-18 14:18:59,Meta Ads (Instagram),iOS,v2.5.3,Control_A,India
usr_001871,2026-06-18,2026-06-18 00:44:37,Paid Search (Google),iOS,v2.5.3,Control_A,Germany
usr_001872,2026-08-20,2026-08-20 10:48:43,Organic Search,Android,v2.5.2,Control_A,United Kingdom
usr_001873,2026-07-10,2026-07-10 22:41:25,Organic Search,Android,v2.5.2,Control_A,India
usr_001874,2026-07-14,2026-07-14 13:37:02,Organic Search,iOS,v2.5.2,Variant_B,India
usr_001875,2026-06-29,2026-06-29 15:58:14,Meta Ads (Instagram),iOS,v2.5.2,Control_A,India
usr_001876,2026-07-31,2026-07-31 03:51:07,Paid Search (Google),iOS,v2.5.1,Control_A,India
usr_001877,2026-07-30,2026-07-30 18:14:22,Meta Ads (Instagram),Android,v2.5.1,Control_A,Germany
usr_001878,2026-06-28,2026-06-28 20:41:00,Meta Ads (Instagram),Android,v2.5.3,Control_A,Canada
usr_001879,2026-07-15,2026-07-15 04:37:56,Influencer Campaign,iOS,v2.5.1,Variant_B,Germany
usr_001880,2026-07-18,2026-07-18 08:00:48,Organic Search,Android,v2.5.2,Variant_B,Canada
usr_001881,2026-06-12,2026-06-12 22:38:31,Meta Ads (Instagram),Android,v2.5.3,Control_A,India
usr_001882,2026-07-20,2026-07-20 16:53:40,Meta Ads (Instagram),Android,v2.5.1,Variant_B,India
usr_001883,2026-07-26,2026-07-26 17:50:33,Meta Ads (Instagram),Android,v2.5.2,Variant_B,Germany
usr_001884,2026-08-21,2026-08-21 11:05:25,Paid Search (Google),Android,v2.5.2,Variant_B,United States
usr_001885,2026-06-11,2026-06-11 23:10:34,Meta Ads (Instagram),iOS,v2.5.2,Variant_B,India
usr_001886,2026-06-03,2026-06-03 20:02:35,Organic Search,Web,v3.1.0-web,Variant_B,Germany
usr_001887,2026-06-07,2026-06-07 22:33:42,Paid Search (Google),Web,v3.1.0-web,Control_A,United States
usr_001888,2026-08-21,2026-08-21 16:08:07,Meta Ads (Instagram),Android,v2.5.1,Variant_B,India
usr_001889,2026-08-24,2026-08-24 19:06:01,Organic Search,Android,v2.5.1,Variant_B,Canada
usr_001890,2026-07-16,2026-07-16 20:52:19,Organic Search,Android,v2.5.2,Control_A,United Kingdom
usr_001891,2026-07-09,2026-07-09 02:28:32,Influencer Campaign,iOS,v2.5.2,Control_A,United States
usr_001892,2026-06-29,2026-06-29 10:02:36,Paid Search (Google),Android,v2.5.2,Variant_B,United States
usr_001893,2026-08-17,2026-08-17 22:28:50,Paid Search (Google),Android,v2.5.3,Control_A,United Kingdom
usr_001894,2026-06-23,2026-06-23 14:58:02,Organic Search,iOS,v2.5.1,Variant_B,United Kingdom
usr_001895,2026-08-09,2026-08-09 09:48:16,Paid Search (Google),Android,v2.5.1,Variant_B,India
usr_001896,2026-08-07,2026-08-07 21:17:27,Influencer Campaign,Web,v3.1.0-web,Variant_B,United Kingdom
usr_001897,2026-07-19,2026-07-19 22:34:39,Paid Search (Google),iOS,v2.5.2,Control_A,India
usr_001898,2026-07-26,2026-07-26 01:16:47,Meta Ads (Instagram),iOS,v2.5.3,Variant_B,United Kingdom
usr_001899,2026-07-10,2026-07-10 08:35:21,Meta Ads (Instagram),iOS,v2.5.2,Variant_B,United States
usr_001900,2026-07-23,2026-07-23 04:47:36,Meta Ads (Instagram),Android,v2.5.1,Control_A,United States
usr_001901,2026-06-26,2026-06-26 20:19:38,Meta Ads (Instagram),Web,v3.1.0-web,Control_A,Canada
usr_001902,2026-08-28,2026-08-28 12:25:29,Meta Ads (Instagram),iOS,v2.5.2,Control_A,United Kingdom
usr_001903,2026-07-20,2026-07-20 00:10:51,Organic Search,Android,v2.5.2,Variant_B,Germany
usr_001904,2026-06-15,2026-06-15 10:00:00,Meta Ads (Instagram),iOS,v2.5.1,Variant_B,India
usr_001905,2026-06-04,2026-06-04 05:47:03,Organic Search,Web,v3.1.0-web,Control_A,Germany
usr_001906,2026-06-11,2026-06-11 09:33:18,Paid Search (Google),Android,v2.5.1,Variant_B,United Kingdom
usr_001907,2026-06-07,2026-06-07 01:13:29,Referral,iOS,v2.5.3,Control_A,Canada
usr_001908,2026-08-25,2026-08-25 18:58:21,Organic Search,Android,v2.5.3,Control_A,United Kingdom
usr_001909,2026-06-18,2026-06-18 16:29:20,Meta Ads (Instagram),iOS,v2.5.3,Variant_B,India
usr_001910,2026-06-14,2026-06-14 14:35:11,Referral,Android,v2.5.2,Variant_B,Germany
usr_001911,2026-06-27,2026-06-27 21:11:31,Referral,iOS,v2.5.3,Control_A,United Kingdom
usr_001912,2026-08-14,2026-08-14 18:41:05,Paid Search (Google),Android,v2.5.3,Variant_B,Germany
usr_001913,2026-06-07,2026-06-07 17:52:41,Paid Search (Google),Web,v3.1.0-web,Control_A,Canada
usr_001914,2026-08-09,2026-08-09 04:45:55,Paid Search (Google),iOS,v2.5.1,Variant_B,United Kingdom
usr_001915,2026-07-01,2026-07-01 08:40:49,Referral,Android,v2.5.1,Variant_B,United States
usr_001916,2026-06-13,2026-06-13 12:03:04,Meta Ads (Instagram),iOS,v2.5.3,Control_A,United Kingdom
usr_001917,2026-08-21,2026-08-21 01:36:22,Meta Ads (Instagram),Android,v2.5.1,Variant_B,Canada
usr_001918,2026-06-27,2026-06-27 14:16:59,Organic Search,iOS,v2.5.1,Variant_B,India
usr_001919,2026-06-29,2026-06-29 02:15:17,Organic Search,iOS,v2.5.2,Variant_B,Germany
usr_001920,2026-08-06,2026-08-06 16:56:14,Meta Ads (Instagram),Android,v2.5.1,Control_A,United Kingdom
usr_001921,2026-08-16,2026-08-16 23:04:38,Organic Search,Web,v3.1.0-web,Variant_B,Germany
usr_001922,2026-07-04,2026-07-04 21:09:55,Paid Search (Google),Android,v2.5.1,Control_A,United Kingdom
usr_001923,2026-07-06,2026-07-06 06:36:21,Influencer Campaign,Android,v2.5.2,Control_A,India
usr_001924,2026-06-19,2026-06-19 18:02:32,Meta Ads (Instagram),iOS,v2.5.2,Control_A,India
usr_001925,2026-06-04,2026-06-04 06:40:21,Meta Ads (Instagram),iOS,v2.5.3,Control_A,United Kingdom
usr_001926,2026-07-28,2026-07-28 00:16:41,Organic Search,Android,v2.5.2,Variant_B,Germany
usr_001927,2026-07-21,2026-07-21 01:55:55,Organic Search,iOS,v2.5.2,Variant_B,Germany
usr_001928,2026-08-12,2026-08-12 19:39:24,Paid Search (Google),Android,v2.5.3,Control_A,Germany
usr_001929,2026-08-15,2026-08-15 01:55:04,Paid Search (Google),iOS,v2.5.2,Variant_B,United States
usr_001930,2026-06-05,2026-06-05 12:05:58,Influencer Campaign,iOS,v2.5.3,Variant_B,United States
usr_001931,2026-06-28,2026-06-28 02:39:06,Influencer Campaign,iOS,v2.5.2,Control_A,United Kingdom
usr_001932,2026-08-13,2026-08-13 05:31:58,Referral,Android,v2.5.1,Variant_B,Canada
usr_001933,2026-06-05,2026-06-05 11:36:19,Paid Search (Google),iOS,v2.5.2,Control_A,United States
usr_001934,2026-08-18,2026-08-18 20:51:06,Organic Search,iOS,v2.5.1,Control_A,United States
usr_001935,2026-06-22,2026-06-22 17:07:18,Paid Search (Google),Android,v2.5.1,Variant_B,United Kingdom
usr_001936,2026-07-19,2026-07-19 02:37:36,Organic Search,Android,v2.5.3,Variant_B,India
usr_001937,2026-07-14,2026-07-14 23:43:51,Paid Search (Google),iOS,v2.5.2,Variant_B,India
usr_001938,2026-07-27,2026-07-27 16:33:52,Organic Search,Android,v2.5.2,Variant_B,Germany
usr_001939,2026-07-15,2026-07-15 18:00:12,Meta Ads (Instagram),iOS,v2.5.1,Variant_B,India
usr_001940,2026-07-21,2026-07-21 06:03:37,Meta Ads (Instagram),Web,v3.1.0-web,Control_A,Canada
usr_001941,2026-07-16,2026-07-16 09:23:08,Paid Search (Google),iOS,v2.5.3,Control_A,United Kingdom
usr_001942,2026-06-04,2026-06-04 00:39:20,Meta Ads (Instagram),Android,v2.5.3,Control_A,United Kingdom
usr_001943,2026-08-25,2026-08-25 08:16:44,Meta Ads (Instagram),iOS,v2.5.2,Control_A,Germany
usr_001944,2026-07-12,2026-07-12 04:59:31,Paid Search (Google),iOS,v2.5.1,Variant_B,Germany
usr_001945,2026-07-20,2026-07-20 20:56:53,Meta Ads (Instagram),Android,v2.5.3,Variant_B,United States
usr_001946,2026-06-29,2026-06-29 22:22:00,Meta Ads (Instagram),Android,v2.5.3,Control_A,Germany
usr_001947,2026-07-12,2026-07-12 18:17:44,Paid Search (Google),Android,v2.5.3,Control_A,Germany
usr_001948,2026-07-14,2026-07-14 12:25:02,Meta Ads (Instagram),Android,v2.5.1,Control_A,India
usr_001949,2026-07-15,2026-07-15 01:07:14,Meta Ads (Instagram),Android,v2.5.2,Control_A,India
usr_001950,2026-07-15,2026-07-15 10:57:36,Organic Search,iOS,v2.5.3,Variant_B,United States
usr_001951,2026-08-02,2026-08-02 19:20:40,Referral,Web,v3.1.0-web,Control_A,India
usr_001952,2026-06-09,2026-06-09 17:17:35,Meta Ads (Instagram),iOS,v2.5.3,Variant_B,India
usr_001953,2026-08-26,2026-08-26 18:13:45,Referral,Android,v2.5.1,Variant_B,United Kingdom
usr_001954,2026-08-17,2026-08-17 00:52:43,Referral,Android,v2.5.3,Control_A,United Kingdom
usr_001955,2026-07-13,2026-07-13 01:49:09,Meta Ads (Instagram),Android,v2.5.3,Control_A,Canada
usr_001956,2026-06-02,2026-06-02 18:21:41,Meta Ads (Instagram),iOS,v2.5.2,Variant_B,Germany
usr_001957,2026-06-29,2026-06-29 10:52:32,Meta Ads (Instagram),iOS,v2.5.2,Control_A,United States
usr_001958,2026-07-06,2026-07-06 08:53:58,Organic Search,Android,v2.5.1,Control_A,Germany
usr_001959,2026-07-07,2026-07-07 19:34:01,Meta Ads (Instagram),Android,v2.5.2,Control_A,United States
usr_001960,2026-06-12,2026-06-12 04:59:15,Meta Ads (Instagram),Android,v2.5.2,Control_A,Canada
usr_001961,2026-08-01,2026-08-01 22:55:04,Organic Search,Android,v2.5.1,Control_A,United States
usr_001962,2026-08-15,2026-08-15 00:58:18,Paid Search (Google),iOS,v2.5.3,Control_A,Germany
usr_001963,2026-07-04,2026-07-04 07:23:25,Meta Ads (Instagram),Web,v3.1.0-web,Variant_B,India
usr_001964,2026-08-20,2026-08-20 00:08:11,Organic Search,iOS,v2.5.1,Control_A,United Kingdom
usr_001965,2026-07-18,2026-07-18 00:20:03,Paid Search (Google),iOS,v2.5.3,Control_A,Canada
usr_001966,2026-06-15,2026-06-15 04:48:41,Paid Search (Google),iOS,v2.5.1,Control_A,Germany
usr_001967,2026-06-18,2026-06-18 06:15:54,Meta Ads (Instagram),iOS,v2.5.2,Control_A,United States
usr_001968,2026-06-18,2026-06-18 19:09:24,Organic Search,Web,v3.1.0-web,Variant_B,United States
usr_001969,2026-07-29,2026-07-29 19:45:54,Paid Search (Google),iOS,v2.5.1,Control_A,Canada
usr_001970,2026-07-06,2026-07-06 11:12:37,Paid Search (Google),Android,v2.5.1,Variant_B,United States
usr_001971,2026-06-12,2026-06-12 06:37:00,Referral,iOS,v2.5.1,Variant_B,United Kingdom
usr_001972,2026-07-25,2026-07-25 13:45:31,Referral,iOS,v2.5.2,Variant_B,India
usr_001973,2026-07-27,2026-07-27 01:43:32,Meta Ads (Instagram),iOS,v2.5.1,Control_A,Germany
usr_001974,2026-06-02,2026-06-02 12:37:38,Referral,iOS,v2.5.2,Variant_B,Canada
usr_001975,2026-07-10,2026-07-10 15:57:08,Organic Search,iOS,v2.5.1,Control_A,Canada
usr_001976,2026-08-29,2026-08-29 20:36:28,Meta Ads (Instagram),iOS,v2.5.3,Variant_B,United Kingdom
usr_001977,2026-07-05,2026-07-05 13:00:01,Organic Search,iOS,v2.5.2,Control_A,United States
usr_001978,2026-08-17,2026-08-17 23:41:59,Influencer Campaign,Android,v2.5.1,Variant_B,India
usr_001979,2026-06-23,2026-06-23 11:24:56,Meta Ads (Instagram),iOS,v2.5.3,Control_A,India
usr_001980,2026-07-02,2026-07-02 13:14:00,Organic Search,Android,v2.5.1,Control_A,India
usr_001981,2026-08-03,2026-08-03 09:54:12,Paid Search (Google),Android,v2.5.2,Control_A,United Kingdom
usr_001982,2026-06-08,2026-06-08 00:54:31,Paid Search (Google),Android,v2.5.2,Variant_B,United States
usr_001983,2026-06-15,2026-06-15 10:14:09,Meta Ads (Instagram),Android,v2.5.2,Control_A,Canada
usr_001984,2026-08-21,2026-08-21 20:17:29,Referral,iOS,v2.5.3,Control_A,United Kingdom
usr_001985,2026-07-04,2026-07-04 00:59:58,Meta Ads (Instagram),Web,v3.1.0-web,Control_A,Canada
usr_001986,2026-06-24,2026-06-24 07:49:05,Referral,iOS,v2.5.3,Control_A,United States
usr_001987,2026-08-05,2026-08-05 23:33:12,Paid Search (Google),iOS,v2.5.1,Variant_B,Canada
usr_001988,2026-07-16,2026-07-16 03:35:11,Meta Ads (Instagram),iOS,v2.5.1,Variant_B,Germany
usr_001989,2026-08-01,2026-08-01 04:11:08,Meta Ads (Instagram),iOS,v2.5.2,Control_A,United States
usr_001990,2026-07-15,2026-07-15 14:02:11,Meta Ads (Instagram),iOS,v2.5.3,Control_A,Germany
usr_001991,2026-08-08,2026-08-08 07:55:20,Referral,Android,v2.5.2,Control_A,India
usr_001992,2026-06-14,2026-06-14 01:12:08,Influencer Campaign,Android,v2.5.3,Control_A,Germany
usr_001993,2026-08-15,2026-08-15 14:41:48,Organic Search,Android,v2.5.2,Variant_B,United States
usr_001994,2026-08-02,2026-08-02 07:48:05,Paid Search (Google),Android,v2.5.3,Control_A,United Kingdom
usr_001995,2026-06-05,2026-06-05 08:23:58,Paid Search (Google),iOS,v2.5.2,Control_A,United States
usr_001996,2026-08-27,2026-08-27 08:37:01,Paid Search (Google),Android,v2.5.3,Variant_B,United Kingdom
usr_001997,2026-06-17,2026-06-17 22:34:41,Referral,Android,v2.5.1,Variant_B,United States
usr_001998,2026-07-11,2026-07-11 01:38:09,Paid Search (Google),iOS,v2.5.2,Variant_B,Germany
usr_001999,2026-07-08,2026-07-08 20:02:52,Meta Ads (Instagram),Android,v2.5.1,Variant_B,India
usr_002000,2026-07-20,2026-07-20 15:47:44,Paid Search (Google),iOS,v2.5.2,Variant_B,United Kingdom
usr_002001,2026-06-01,2026-06-01 08:29:15,Influencer Campaign,iOS,v2.5.3,Control_A,India
usr_002002,2026-07-15,2026-07-15 19:59:01,Paid Search (Google),iOS,v2.5.1,Control_A,United States
usr_002003,2026-07-08,2026-07-08 07:37:09,Organic Search,Android,v2.5.3,Control_A,India
usr_002004,2026-07-03,2026-07-03 17:38:09,Paid Search (Google),iOS,v2.5.1,Control_A,India
usr_002005,2026-07-10,2026-07-10 03:56:22,Meta Ads (Instagram),Android,v2.5.1,Variant_B,Canada
usr_002006,2026-07-03,2026-07-03 12:03:53,Paid Search (Google),Android,v2.5.2,Control_A,India
usr_002007,2026-08-10,2026-08-10 20:44:10,Paid Search (Google),Android,v2.5.2,Control_A,India
usr_002008,2026-07-27,2026-07-27 07:16:13,Referral,Android,v2.5.2,Variant_B,United States
usr_002009,2026-06-11,2026-06-11 01:07:18,Meta Ads (Instagram),Android,v2.5.2,Control_A,Germany
usr_002010,2026-06-16,2026-06-16 11:07:30,Organic Search,Android,v2.5.2,Control_A,United Kingdom
usr_002011,2026-07-18,2026-07-18 06:40:31,Influencer Campaign,iOS,v2.5.1,Variant_B,India
usr_002012,2026-07-09,2026-07-09 03:40:54,Meta Ads (Instagram),iOS,v2.5.1,Control_A,United States
usr_002013,2026-06-14,2026-06-14 11:50:44,Paid Search (Google),Android,v2.5.2,Control_A,Germany
usr_002014,2026-06-16,2026-06-16 02:34:55,Organic Search,Android,v2.5.2,Control_A,United Kingdom
usr_002015,2026-07-11,2026-07-11 14:05:15,Meta Ads (Instagram),Android,v2.5.3,Control_A,India
usr_002016,2026-06-27,2026-06-27 06:12:14,Paid Search (Google),Android,v2.5.1,Control_A,Germany
usr_002017,2026-08-06,2026-08-06 18:43:36,Meta Ads (Instagram),iOS,v2.5.1,Variant_B,United Kingdom
usr_002018,2026-08-01,2026-08-01 12:21:13,Meta Ads (Instagram),Android,v2.5.2,Variant_B,Canada
usr_002019,2026-06-05,2026-06-05 21:09:22,Influencer Campaign,Android,v2.5.3,Control_A,Germany
usr_002020,2026-07-27,2026-07-27 22:36:07,Organic Search,Android,v2.5.2,Variant_B,India
usr_002021,2026-08-02,2026-08-02 20:31:24,Meta Ads (Instagram),Android,v2.5.1,Control_A,Canada
usr_002022,2026-08-23,2026-08-23 01:56:03,Organic Search,Web,v3.1.0-web,Variant_B,United States
usr_002023,2026-07-08,2026-07-08 18:22:47,Paid Search (Google),iOS,v2.5.3,Variant_B,United Kingdom
usr_002024,2026-08-20,2026-08-20 19:33:48,Referral,iOS,v2.5.2,Variant_B,Canada
usr_002025,2026-08-04,2026-08-04 04:38:40,Organic Search,Android,v2.5.3,Variant_B,Germany
usr_002026,2026-06-08,2026-06-08 00:34:09,Organic Search,Android,v2.5.2,Control_A,Canada
usr_002027,2026-07-13,2026-07-13 12:19:00,Paid Search (Google),iOS,v2.5.3,Variant_B,India
usr_002028,2026-07-16,2026-07-16 21:00:22,Paid Search (Google),Android,v2.5.1,Control_A,United Kingdom
usr_002029,2026-07-18,2026-07-18 17:04:04,Referral,iOS,v2.5.3,Variant_B,Canada
usr_002030,2026-08-15,2026-08-15 17:06:11,Meta Ads (Instagram),iOS,v2.5.3,Control_A,India
usr_002031,2026-07-10,2026-07-10 17:34:56,Referral,Android,v2.5.1,Control_A,Canada
usr_002032,2026-08-15,2026-08-15 17:34:22,Meta Ads (Instagram),Android,v2.5.3,Control_A,India
usr_002033,2026-08-03,2026-08-03 09:38:36,Meta Ads (Instagram),iOS,v2.5.1,Variant_B,Germany
usr_002034,2026-06-15,2026-06-15 07:36:06,Paid Search (Google),Android,v2.5.3,Variant_B,United Kingdom
usr_002035,2026-06-01,2026-06-01 13:51:58,Meta Ads (Instagram),Android,v2.5.3,Control_A,United States
usr_002036,2026-06-10,2026-06-10 11:34:39,Paid Search (Google),Android,v2.5.2,Control_A,Canada
usr_002037,2026-08-02,2026-08-02 19:41:49,Influencer Campaign,Web,v3.1.0-web,Control_A,Germany
usr_002038,2026-06-09,2026-06-09 04:43:15,Meta Ads (Instagram),iOS,v2.5.2,Variant_B,Canada
usr_002039,2026-07-09,2026-07-09 10:44:21,Meta Ads (Instagram),iOS,v2.5.3,Variant_B,Germany
usr_002040,2026-07-15,2026-07-15 06:30:53,Meta Ads (Instagram),iOS,v2.5.1,Variant_B,United States
usr_002041,2026-08-06,2026-08-06 19:11:38,Influencer Campaign,iOS,v2.5.1,Control_A,Canada
usr_002042,2026-07-09,2026-07-09 20:58:58,Influencer Campaign,iOS,v2.5.2,Variant_B,United States
usr_002043,2026-07-14,2026-07-14 06:30:09,Referral,Android,v2.5.1,Control_A,Germany
usr_002044,2026-07-02,2026-07-02 04:49:13,Meta Ads (Instagram),Android,v2.5.1,Variant_B,United States
usr_002045,2026-07-24,2026-07-24 18:28:01,Meta Ads (Instagram),iOS,v2.5.3,Control_A,Canada
usr_002046,2026-08-24,2026-08-24 12:17:46,Meta Ads (Instagram),iOS,v2.5.1,Variant_B,United Kingdom
usr_002047,2026-07-31,2026-07-31 14:58:00,Organic Search,iOS,v2.5.3,Variant_B,United States
usr_002048,2026-08-23,2026-08-23 04:50:42,Organic Search,Android,v2.5.2,Control_A,United States
usr_002049,2026-08-04,2026-08-04 11:05:42,Meta Ads (Instagram),Android,v2.5.2,Control_A,Germany
usr_002050,2026-08-01,2026-08-01 13:56:20,Referral,Android,v2.5.3,Variant_B,India
usr_002051,2026-06-13,2026-06-13 14:08:55,Meta Ads (Instagram),Android,v2.5.2,Variant_B,India
usr_002052,2026-08-24,2026-08-24 05:50:09,Meta Ads (Instagram),Android,v2.5.2,Variant_B,India
usr_002053,2026-07-15,2026-07-15 23:20:34,Paid Search (Google),iOS,v2.5.2,Control_A,India
usr_002054,2026-06-21,2026-06-21 14:17:34,Meta Ads (Instagram),Android,v2.5.3,Control_A,United Kingdom
usr_002055,2026-08-23,2026-08-23 18:10:46,Meta Ads (Instagram),Android,v2.5.1,Control_A,Germany
usr_002056,2026-06-06,2026-06-06 12:23:43,Influencer Campaign,Android,v2.5.3,Control_A,Canada
usr_002057,2026-08-23,2026-08-23 13:59:34,Meta Ads (Instagram),Android,v2.5.1,Control_A,India
usr_002058,2026-08-23,2026-08-23 08:12:46,Meta Ads (Instagram),iOS,v2.5.3,Control_A,Germany
usr_002059,2026-06-11,2026-06-11 17:54:05,Paid Search (Google),Android,v2.5.3,Variant_B,United Kingdom
usr_002060,2026-08-18,2026-08-18 12:40:58,Paid Search (Google),iOS,v2.5.2,Variant_B,Germany
usr_002061,2026-07-14,2026-07-14 08:29:56,Organic Search,iOS,v2.5.3,Control_A,United States
usr_002062,2026-07-29,2026-07-29 06:12:40,Influencer Campaign,Android,v2.5.2,Variant_B,United Kingdom
usr_002063,2026-08-07,2026-08-07 19:10:51,Referral,iOS,v2.5.3,Control_A,Germany
usr_002064,2026-08-05,2026-08-05 22:46:22,Paid Search (Google),Android,v2.5.3,Control_A,United States
usr_002065,2026-06-29,2026-06-29 04:59:15,Meta Ads (Instagram),Android,v2.5.1,Control_A,India
usr_002066,2026-06-29,2026-06-29 04:30:13,Paid Search (Google),iOS,v2.5.2,Variant_B,United States
usr_002067,2026-08-04,2026-08-04 14:28:45,Meta Ads (Instagram),iOS,v2.5.3,Control_A,India
usr_002068,2026-06-30,2026-06-30 06:53:49,Referral,iOS,v2.5.1,Control_A,Canada
usr_002069,2026-07-13,2026-07-13 11:35:01,Referral,iOS,v2.5.2,Control_A,Germany
usr_002070,2026-07-06,2026-07-06 11:28:02,Meta Ads (Instagram),iOS,v2.5.1,Control_A,Canada
usr_002071,2026-07-30,2026-07-30 13:55:27,Paid Search (Google),Android,v2.5.3,Variant_B,Canada
usr_002072,2026-07-06,2026-07-06 11:20:47,Referral,Android,v2.5.1,Variant_B,United States
usr_002073,2026-07-17,2026-07-17 16:47:39,Meta Ads (Instagram),iOS,v2.5.2,Control_A,Canada
usr_002074,2026-08-13,2026-08-13 06:16:09,Paid Search (Google),iOS,v2.5.1,Variant_B,Canada
usr_002075,2026-08-08,2026-08-08 00:59:28,Meta Ads (Instagram),Android,v2.5.1,Control_A,Germany
usr_002076,2026-07-28,2026-07-28 14:34:12,Influencer Campaign,Android,v2.5.2,Variant_B,United Kingdom
usr_002077,2026-08-16,2026-08-16 00:13:03,Referral,Android,v2.5.2,Control_A,United Kingdom
usr_002078,2026-07-16,2026-07-16 05:56:35,Organic Search,Android,v2.5.2,Control_A,Germany
usr_002079,2026-06-16,2026-06-16 00:29:39,Organic Search,Android,v2.5.3,Variant_B,Canada
usr_002080,2026-06-05,2026-06-05 14:16:10,Paid Search (Google),iOS,v2.5.1,Control_A,Canada
usr_002081,2026-07-09,2026-07-09 16:05:50,Meta Ads (Instagram),Android,v2.5.3,Variant_B,Germany
usr_002082,2026-08-25,2026-08-25 01:53:18,Paid Search (Google),iOS,v2.5.1,Control_A,Canada
usr_002083,2026-08-22,2026-08-22 04:23:55,Meta Ads (Instagram),Android,v2.5.2,Control_A,United Kingdom
usr_002084,2026-06-13,2026-06-13 07:38:10,Meta Ads (Instagram),iOS,v2.5.2,Control_A,United Kingdom
usr_002085,2026-08-11,2026-08-11 07:01:19,Influencer Campaign,Android,v2.5.2,Control_A,Germany
usr_002086,2026-08-18,2026-08-18 17:02:33,Influencer Campaign,Android,v2.5.1,Control_A,United States
usr_002087,2026-06-24,2026-06-24 11:36:05,Paid Search (Google),iOS,v2.5.3,Variant_B,India
usr_002088,2026-06-15,2026-06-15 18:46:23,Organic Search,Android,v2.5.1,Control_A,United States
usr_002089,2026-08-03,2026-08-03 14:13:18,Paid Search (Google),Android,v2.5.1,Variant_B,Canada
usr_002090,2026-07-03,2026-07-03 13:22:28,Meta Ads (Instagram),iOS,v2.5.2,Control_A,Canada
usr_002091,2026-08-26,2026-08-26 16:51:25,Paid Search (Google),Android,v2.5.3,Control_A,India
usr_002092,2026-06-08,2026-06-08 11:02:41,Paid Search (Google),iOS,v2.5.1,Control_A,Germany
usr_002093,2026-08-12,2026-08-12 23:02:32,Influencer Campaign,Web,v3.1.0-web,Variant_B,United Kingdom
usr_002094,2026-08-28,2026-08-28 19:41:39,Influencer Campaign,Web,v3.1.0-web,Control_A,Canada
usr_002095,2026-06-17,2026-06-17 17:13:17,Meta Ads (Instagram),iOS,v2.5.2,Control_A,Germany
usr_002096,2026-06-06,2026-06-06 00:38:40,Meta Ads (Instagram),iOS,v2.5.2,Variant_B,United States
usr_002097,2026-07-29,2026-07-29 09:40:25,Organic Search,iOS,v2.5.2,Control_A,United Kingdom
usr_002098,2026-06-06,2026-06-06 14:34:09,Paid Search (Google),iOS,v2.5.1,Control_A,Canada
usr_002099,2026-08-18,2026-08-18 01:48:59,Paid Search (Google),iOS,v2.5.3,Variant_B,Germany
usr_002100,2026-06-25,2026-06-25 17:49:58,Meta Ads (Instagram),iOS,v2.5.3,Control_A,Germany
usr_002101,2026-08-26,2026-08-26 18:58:19,Organic Search,iOS,v2.5.2,Control_A,United Kingdom
usr_002102,2026-06-23,2026-06-23 21:28:56,Organic Search,Web,v3.1.0-web,Control_A,United Kingdom
usr_002103,2026-08-06,2026-08-06 05:38:51,Organic Search,iOS,v2.5.3,Variant_B,India
usr_002104,2026-07-09,2026-07-09 14:05:17,Organic Search,Android,v2.5.1,Variant_B,United States
usr_002105,2026-07-14,2026-07-14 19:32:16,Influencer Campaign,iOS,v2.5.1,Control_A,United Kingdom
usr_002106,2026-08-29,2026-08-29 11:19:06,Influencer Campaign,Web,v3.1.0-web,Variant_B,United States
usr_002107,2026-07-31,2026-07-31 15:06:10,Meta Ads (Instagram),Android,v2.5.2,Variant_B,United Kingdom
usr_002108,2026-08-10,2026-08-10 06:13:32,Organic Search,Android,v2.5.1,Variant_B,United Kingdom
usr_002109,2026-06-23,2026-06-23 23:27:17,Meta Ads (Instagram),iOS,v2.5.2,Control_A,Germany
usr_002110,2026-07-15,2026-07-15 22:19:40,Meta Ads (Instagram),iOS,v2.5.2,Variant_B,Canada
usr_002111,2026-07-28,2026-07-28 22:26:41,Meta Ads (Instagram),iOS,v2.5.2,Variant_B,Germany
usr_002112,2026-06-14,2026-06-14 21:22:13,Meta Ads (Instagram),iOS,v2.5.2,Variant_B,Germany
usr_002113,2026-08-01,2026-08-01 09:36:25,Organic Search,iOS,v2.5.1,Variant_B,Canada
usr_002114,2026-06-10,2026-06-10 02:05:44,Influencer Campaign,Android,v2.5.2,Variant_B,Canada
usr_002115,2026-08-28,2026-08-28 13:47:42,Organic Search,Android,v2.5.3,Control_A,India
usr_002116,2026-07-15,2026-07-15 06:48:45,Meta Ads (Instagram),iOS,v2.5.2,Variant_B,India
usr_002117,2026-08-29,2026-08-29 05:09:38,Paid Search (Google),Android,v2.5.1,Control_A,Canada
usr_002118,2026-08-12,2026-08-12 09:55:21,Organic Search,iOS,v2.5.3,Variant_B,United States
usr_002119,2026-06-05,2026-06-05 23:36:23,Organic Search,iOS,v2.5.2,Variant_B,Canada
usr_002120,2026-08-13,2026-08-13 08:56:33,Meta Ads (Instagram),Android,v2.5.3,Variant_B,India
usr_002121,2026-07-12,2026-07-12 08:07:30,Paid Search (Google),Android,v2.5.2,Variant_B,Germany
usr_002122,2026-07-09,2026-07-09 03:39:14,Referral,iOS,v2.5.2,Variant_B,Germany
usr_002123,2026-07-26,2026-07-26 14:33:38,Meta Ads (Instagram),iOS,v2.5.3,Control_A,United States
usr_002124,2026-08-09,2026-08-09 05:18:48,Paid Search (Google),Web,v3.1.0-web,Control_A,United Kingdom
usr_002125,2026-06-16,2026-06-16 22:32:24,Meta Ads (Instagram),Web,v3.1.0-web,Variant_B,Canada
usr_002126,2026-06-03,2026-06-03 15:57:33,Paid Search (Google),Android,v2.5.1,Variant_B,India
usr_002127,2026-06-17,2026-06-17 00:47:48,Meta Ads (Instagram),Android,v2.5.3,Control_A,India
usr_002128,2026-08-04,2026-08-04 17:32:36,Paid Search (Google),iOS,v2.5.1,Control_A,United Kingdom
usr_002129,2026-07-15,2026-07-15 00:29:22,Organic Search,iOS,v2.5.3,Control_A,United States
usr_002130,2026-08-03,2026-08-03 18:31:28,Meta Ads (Instagram),iOS,v2.5.2,Control_A,Germany
usr_002131,2026-07-07,2026-07-07 16:01:29,Organic Search,Android,v2.5.3,Control_A,Germany
usr_002132,2026-06-13,2026-06-13 09:04:17,Paid Search (Google),Android,v2.5.3,Variant_B,United Kingdom
usr_002133,2026-08-05,2026-08-05 19:20:55,Referral,Web,v3.1.0-web,Control_A,United States
usr_002134,2026-07-16,2026-07-16 18:14:35,Organic Search,Android,v2.5.1,Variant_B,Canada
usr_002135,2026-07-25,2026-07-25 10:00:20,Meta Ads (Instagram),Android,v2.5.2,Variant_B,Germany
usr_002136,2026-08-07,2026-08-07 22:24:14,Meta Ads (Instagram),iOS,v2.5.2,Control_A,Germany
usr_002137,2026-07-23,2026-07-23 14:28:50,Meta Ads (Instagram),Android,v2.5.2,Variant_B,United States
usr_002138,2026-08-25,2026-08-25 09:22:23,Referral,iOS,v2.5.3,Variant_B,India
usr_002139,2026-07-25,2026-07-25 03:23:22,Referral,Android,v2.5.1,Control_A,United Kingdom
usr_002140,2026-08-05,2026-08-05 06:29:34,Meta Ads (Instagram),iOS,v2.5.1,Variant_B,United States
usr_002141,2026-06-17,2026-06-17 18:25:56,Organic Search,iOS,v2.5.1,Variant_B,United Kingdom
usr_002142,2026-07-11,2026-07-11 08:03:51,Paid Search (Google),iOS,v2.5.1,Variant_B,United States
usr_002143,2026-07-12,2026-07-12 05:47:26,Referral,iOS,v2.5.2,Variant_B,India
usr_002144,2026-08-01,2026-08-01 08:19:52,Meta Ads (Instagram),Android,v2.5.2,Variant_B,Germany
usr_002145,2026-08-24,2026-08-24 16:22:42,Meta Ads (Instagram),Android,v2.5.2,Variant_B,Germany
usr_002146,2026-07-08,2026-07-08 20:52:49,Meta Ads (Instagram),Android,v2.5.2,Variant_B,India
usr_002147,2026-06-30,2026-06-30 17:56:39,Meta Ads (Instagram),Web,v3.1.0-web,Control_A,United Kingdom
usr_002148,2026-06-18,2026-06-18 04:34:09,Organic Search,Android,v2.5.3,Variant_B,India
usr_002149,2026-06-22,2026-06-22 17:44:07,Paid Search (Google),Web,v3.1.0-web,Control_A,Germany
usr_002150,2026-06-16,2026-06-16 23:30:51,Meta Ads (Instagram),Android,v2.5.2,Control_A,Germany
usr_002151,2026-06-11,2026-06-11 22:54:16,Meta Ads (Instagram),Android,v2.5.2,Variant_B,United States
usr_002152,2026-06-30,2026-06-30 23:44:41,Paid Search (Google),Android,v2.5.1,Variant_B,Germany
usr_002153,2026-07-26,2026-07-26 23:14:48,Referral,iOS,v2.5.3,Control_A,Germany
usr_002154,2026-08-10,2026-08-10 17:06:01,Meta Ads (Instagram),iOS,v2.5.3,Control_A,Canada
usr_002155,2026-08-19,2026-08-19 02:55:18,Meta Ads (Instagram),iOS,v2.5.2,Variant_B,India
usr_002156,2026-06-12,2026-06-12 11:30:19,Referral,Android,v2.5.1,Variant_B,United Kingdom
usr_002157,2026-08-03,2026-08-03 07:06:13,Paid Search (Google),Android,v2.5.2,Variant_B,Canada
usr_002158,2026-08-25,2026-08-25 07:55:05,Referral,Android,v2.5.2,Control_A,Germany
usr_002159,2026-08-29,2026-08-29 07:38:37,Meta Ads (Instagram),Android,v2.5.2,Variant_B,Canada
usr_002160,2026-07-13,2026-07-13 10:54:57,Organic Search,Android,v2.5.1,Control_A,Germany
usr_002161,2026-07-30,2026-07-30 15:36:46,Referral,iOS,v2.5.3,Variant_B,India
usr_002162,2026-06-30,2026-06-30 01:34:19,Referral,iOS,v2.5.1,Control_A,United Kingdom
usr_002163,2026-08-19,2026-08-19 01:57:52,Organic Search,iOS,v2.5.2,Variant_B,United States
usr_002164,2026-08-16,2026-08-16 23:30:45,Influencer Campaign,iOS,v2.5.1,Variant_B,United Kingdom
usr_002165,2026-06-21,2026-06-21 05:26:56,Organic Search,iOS,v2.5.3,Control_A,Canada
usr_002166,2026-06-11,2026-06-11 03:32:14,Organic Search,iOS,v2.5.2,Control_A,United States
usr_002167,2026-06-03,2026-06-03 18:52:47,Meta Ads (Instagram),iOS,v2.5.2,Control_A,United Kingdom
usr_002168,2026-08-10,2026-08-10 13:05:45,Meta Ads (Instagram),Android,v2.5.1,Control_A,United States
usr_002169,2026-06-13,2026-06-13 22:18:07,Influencer Campaign,iOS,v2.5.1,Control_A,Germany
usr_002170,2026-07-27,2026-07-27 14:21:59,Meta Ads (Instagram),iOS,v2.5.3,Control_A,Germany
usr_002171,2026-07-25,2026-07-25 10:53:34,Paid Search (Google),iOS,v2.5.1,Control_A,United Kingdom
usr_002172,2026-07-17,2026-07-17 08:00:22,Meta Ads (Instagram),iOS,v2.5.2,Control_A,India
usr_002173,2026-08-02,2026-08-02 21:51:11,Organic Search,Web,v3.1.0-web,Control_A,Germany
usr_002174,2026-07-06,2026-07-06 03:47:23,Paid Search (Google),Web,v3.1.0-web,Variant_B,United States
usr_002175,2026-07-23,2026-07-23 15:09:34,Paid Search (Google),iOS,v2.5.3,Variant_B,United States
usr_002176,2026-07-31,2026-07-31 23:49:15,Paid Search (Google),iOS,v2.5.2,Variant_B,India
usr_002177,2026-06-11,2026-06-11 05:07:24,Referral,iOS,v2.5.2,Control_A,India
usr_002178,2026-06-14,2026-06-14 09:08:07,Paid Search (Google),Android,v2.5.1,Control_A,Germany
usr_002179,2026-06-28,2026-06-28 20:44:09,Meta Ads (Instagram),Android,v2.5.1,Variant_B,United States
usr_002180,2026-06-20,2026-06-20 15:50:21,Meta Ads (Instagram),iOS,v2.5.3,Variant_B,Canada
usr_002181,2026-06-06,2026-06-06 04:49:16,Meta Ads (Instagram),Android,v2.5.1,Variant_B,India
usr_002182,2026-06-02,2026-06-02 13:34:48,Meta Ads (Instagram),Android,v2.5.3,Control_A,Germany
usr_002183,2026-07-29,2026-07-29 23:09:02,Paid Search (Google),iOS,v2.5.3,Control_A,Germany
usr_002184,2026-07-18,2026-07-18 19:07:29,Meta Ads (Instagram),iOS,v2.5.1,Control_A,India
usr_002185,2026-06-05,2026-06-05 00:48:41,Influencer Campaign,Android,v2.5.3,Control_A,India
usr_002186,2026-07-10,2026-07-10 09:35:44,Paid Search (Google),Android,v2.5.3,Control_A,Germany
usr_002187,2026-07-24,2026-07-24 00:47:56,Paid Search (Google),iOS,v2.5.1,Variant_B,Germany
usr_002188,2026-06-25,2026-06-25 12:24:58,Paid Search (Google),Web,v3.1.0-web,Variant_B,Germany
usr_002189,2026-06-17,2026-06-17 01:57:59,Organic Search,Android,v2.5.2,Variant_B,United Kingdom
usr_002190,2026-08-21,2026-08-21 06:46:22,Meta Ads (Instagram),iOS,v2.5.3,Variant_B,Canada
usr_002191,2026-06-09,2026-06-09 12:07:39,Meta Ads (Instagram),Android,v2.5.1,Variant_B,United Kingdom
usr_002192,2026-07-16,2026-07-16 23:27:52,Organic Search,Web,v3.1.0-web,Variant_B,Germany
usr_002193,2026-08-05,2026-08-05 09:52:52,Organic Search,Android,v2.5.2,Variant_B,Germany
usr_002194,2026-08-26,2026-08-26 20:29:11,Referral,iOS,v2.5.1,Variant_B,Germany
usr_002195,2026-06-26,2026-06-26 17:31:58,Paid Search (Google),iOS,v2.5.1,Variant_B,Germany
usr_002196,2026-07-20,2026-07-20 23:02:36,Referral,iOS,v2.5.1,Variant_B,United Kingdom
usr_002197,2026-08-16,2026-08-16 19:24:02,Organic Search,iOS,v2.5.1,Variant_B,United Kingdom
usr_002198,2026-06-06,2026-06-06 05:40:20,Meta Ads (Instagram),Android,v2.5.3,Variant_B,Germany
usr_002199,2026-06-30,2026-06-30 17:52:13,Organic Search,iOS,v2.5.2,Variant_B,Germany
usr_002200,2026-08-11,2026-08-11 08:02:41,Influencer Campaign,iOS,v2.5.1,Control_A,United States
usr_002201,2026-07-10,2026-07-10 05:02:49,Organic Search,Web,v3.1.0-web,Control_A,United States
usr_002202,2026-08-02,2026-08-02 04:12:46,Meta Ads (Instagram),iOS,v2.5.1,Control_A,Germany
usr_002203,2026-06-21,2026-06-21 12:37:06,Organic Search,Android,v2.5.3,Variant_B,United Kingdom
usr_002204,2026-06-14,2026-06-14 10:22:14,Referral,Android,v2.5.3,Control_A,India
usr_002205,2026-07-10,2026-07-10 18:30:00,Referral,Android,v2.5.2,Control_A,United Kingdom
usr_002206,2026-07-30,2026-07-30 04:47:33,Referral,iOS,v2.5.1,Variant_B,Canada
usr_002207,2026-08-09,2026-08-09 22:47:48,Meta Ads (Instagram),Android,v2.5.1,Variant_B,Canada
usr_002208,2026-08-04,2026-08-04 10:21:05,Influencer Campaign,Web,v3.1.0-web,Control_A,Canada
usr_002209,2026-06-22,2026-06-22 08:12:38,Organic Search,iOS,v2.5.2,Variant_B,United States
usr_002210,2026-07-21,2026-07-21 15:35:31,Organic Search,Android,v2.5.1,Control_A,United States
usr_002211,2026-06-09,2026-06-09 13:37:32,Paid Search (Google),iOS,v2.5.1,Control_A,Germany
usr_002212,2026-07-27,2026-07-27 02:34:13,Referral,Android,v2.5.1,Control_A,Canada
usr_002213,2026-07-09,2026-07-09 00:10:26,Meta Ads (Instagram),iOS,v2.5.1,Variant_B,Canada
usr_002214,2026-06-22,2026-06-22 05:00:18,Meta Ads (Instagram),iOS,v2.5.3,Variant_B,Germany
usr_002215,2026-06-08,2026-06-08 16:55:28,Paid Search (Google),Android,v2.5.2,Variant_B,Germany
usr_002216,2026-07-24,2026-07-24 08:51:28,Meta Ads (Instagram),Android,v2.5.2,Variant_B,India
usr_002217,2026-08-18,2026-08-18 15:20:47,Paid Search (Google),Web,v3.1.0-web,Control_A,Germany
usr_002218,2026-06-01,2026-06-01 21:19:55,Influencer Campaign,Android,v2.5.3,Control_A,United States
usr_002219,2026-08-06,2026-08-06 19:56:26,Referral,iOS,v2.5.1,Variant_B,United Kingdom
usr_002220,2026-06-16,2026-06-16 18:46:54,Organic Search,Web,v3.1.0-web,Control_A,India
usr_002221,2026-06-05,2026-06-05 05:30:17,Meta Ads (Instagram),Web,v3.1.0-web,Control_A,Canada
usr_002222,2026-07-03,2026-07-03 16:36:56,Organic Search,Android,v2.5.3,Control_A,India
usr_002223,2026-07-17,2026-07-17 14:49:57,Meta Ads (Instagram),iOS,v2.5.1,Variant_B,United States
usr_002224,2026-08-08,2026-08-08 07:02:05,Meta Ads (Instagram),Android,v2.5.2,Variant_B,India
usr_002225,2026-07-29,2026-07-29 18:48:33,Referral,iOS,v2.5.2,Control_A,United States
usr_002226,2026-08-02,2026-08-02 00:47:08,Referral,iOS,v2.5.2,Control_A,India
usr_002227,2026-07-23,2026-07-23 07:59:27,Paid Search (Google),Android,v2.5.1,Control_A,United States
usr_002228,2026-08-07,2026-08-07 06:32:11,Paid Search (Google),Web,v3.1.0-web,Variant_B,India
usr_002229,2026-07-11,2026-07-11 10:58:48,Meta Ads (Instagram),Android,v2.5.2,Variant_B,India
usr_002230,2026-08-15,2026-08-15 06:37:29,Paid Search (Google),Android,v2.5.3,Control_A,Germany
usr_002231,2026-07-06,2026-07-06 06:11:17,Paid Search (Google),Android,v2.5.2,Variant_B,Germany
usr_002232,2026-06-18,2026-06-18 15:29:35,Referral,Android,v2.5.2,Control_A,India
usr_002233,2026-06-25,2026-06-25 11:19:00,Paid Search (Google),iOS,v2.5.1,Variant_B,Germany
usr_002234,2026-07-26,2026-07-26 13:16:49,Organic Search,Android,v2.5.2,Variant_B,United Kingdom
usr_002235,2026-06-10,2026-06-10 03:03:32,Meta Ads (Instagram),iOS,v2.5.2,Control_A,Germany
usr_002236,2026-08-16,2026-08-16 06:27:15,Influencer Campaign,Android,v2.5.1,Variant_B,Canada
usr_002237,2026-07-26,2026-07-26 09:51:20,Meta Ads (Instagram),iOS,v2.5.2,Variant_B,Germany
usr_002238,2026-07-28,2026-07-28 08:00:26,Meta Ads (Instagram),Android,v2.5.3,Control_A,Germany
usr_002239,2026-06-17,2026-06-17 17:14:34,Organic Search,Web,v3.1.0-web,Variant_B,India
usr_002240,2026-07-02,2026-07-02 09:22:37,Referral,iOS,v2.5.1,Control_A,Germany
usr_002241,2026-06-19,2026-06-19 16:45:59,Meta Ads (Instagram),Web,v3.1.0-web,Control_A,Germany
usr_002242,2026-08-06,2026-08-06 01:56:25,Meta Ads (Instagram),Android,v2.5.2,Variant_B,United Kingdom
usr_002243,2026-06-02,2026-06-02 21:23:02,Organic Search,iOS,v2.5.2,Variant_B,United Kingdom
usr_002244,2026-06-14,2026-06-14 13:18:44,Organic Search,Web,v3.1.0-web,Control_A,India
usr_002245,2026-06-02,2026-06-02 03:39:57,Referral,iOS,v2.5.3,Variant_B,Germany
usr_002246,2026-08-23,2026-08-23 22:50:12,Meta Ads (Instagram),Web,v3.1.0-web,Control_A,United Kingdom
usr_002247,2026-07-26,2026-07-26 02:02:49,Paid Search (Google),iOS,v2.5.1,Control_A,Germany
usr_002248,2026-08-15,2026-08-15 17:31:59,Meta Ads (Instagram),Web,v3.1.0-web,Control_A,Germany
usr_002249,2026-06-21,2026-06-21 06:52:28,Meta Ads (Instagram),Android,v2.5.2,Control_A,Germany
usr_002250,2026-08-26,2026-08-26 11:04:13,Influencer Campaign,iOS,v2.5.1,Control_A,United States
usr_002251,2026-08-19,2026-08-19 23:24:34,Paid Search (Google),Android,v2.5.3,Control_A,Germany
usr_002252,2026-06-21,2026-06-21 05:53:36,Influencer Campaign,Android,v2.5.1,Variant_B,Canada
usr_002253,2026-06-19,2026-06-19 23:30:55,Paid Search (Google),iOS,v2.5.2,Variant_B,Germany
usr_002254,2026-08-29,2026-08-29 15:50:05,Meta Ads (Instagram),iOS,v2.5.1,Control_A,United Kingdom
usr_002255,2026-07-15,2026-07-15 15:52:32,Paid Search (Google),Android,v2.5.1,Control_A,United States
usr_002256,2026-08-29,2026-08-29 08:30:39,Influencer Campaign,Android,v2.5.3,Control_A,India
usr_002257,2026-07-25,2026-07-25 22:22:51,Meta Ads (Instagram),iOS,v2.5.2,Variant_B,India
usr_002258,2026-06-04,2026-06-04 03:55:11,Paid Search (Google),Web,v3.1.0-web,Variant_B,Canada
usr_002259,2026-06-26,2026-06-26 19:40:24,Paid Search (Google),iOS,v2.5.2,Control_A,United Kingdom
usr_002260,2026-07-14,2026-07-14 07:20:42,Organic Search,Android,v2.5.1,Control_A,Canada
usr_002261,2026-06-10,2026-06-10 01:38:37,Meta Ads (Instagram),Android,v2.5.3,Variant_B,India
usr_002262,2026-06-09,2026-06-09 03:48:56,Paid Search (Google),iOS,v2.5.1,Variant_B,United States
usr_002263,2026-07-01,2026-07-01 20:09:19,Meta Ads (Instagram),Android,v2.5.2,Control_A,India
usr_002264,2026-07-19,2026-07-19 16:15:58,Organic Search,iOS,v2.5.3,Variant_B,Germany
usr_002265,2026-06-14,2026-06-14 15:30:39,Organic Search,iOS,v2.5.2,Control_A,India
usr_002266,2026-08-08,2026-08-08 12:43:41,Paid Search (Google),Web,v3.1.0-web,Control_A,Germany
usr_002267,2026-07-20,2026-07-20 10:47:02,Meta Ads (Instagram),Android,v2.5.1,Variant_B,United States
usr_002268,2026-08-29,2026-08-29 23:07:29,Meta Ads (Instagram),Android,v2.5.3,Variant_B,Germany
usr_002269,2026-06-11,2026-06-11 14:41:10,Paid Search (Google),Web,v3.1.0-web,Variant_B,United States
usr_002270,2026-08-03,2026-08-03 12:29:51,Meta Ads (Instagram),Android,v2.5.3,Variant_B,India
usr_002271,2026-07-03,2026-07-03 00:53:52,Paid Search (Google),Android,v2.5.3,Variant_B,Canada
usr_002272,2026-07-04,2026-07-04 03:52:42,Paid Search (Google),Web,v3.1.0-web,Variant_B,United Kingdom
usr_002273,2026-08-18,2026-08-18 10:15:23,Meta Ads (Instagram),iOS,v2.5.1,Control_A,United Kingdom
usr_002274,2026-08-04,2026-08-04 07:18:53,Organic Search,Android,v2.5.3,Variant_B,Canada
usr_002275,2026-08-07,2026-08-07 20:06:36,Paid Search (Google),iOS,v2.5.2,Variant_B,United Kingdom
usr_002276,2026-07-21,2026-07-21 03:59:08,Paid Search (Google),Web,v3.1.0-web,Control_A,India
usr_002277,2026-07-13,2026-07-13 10:48:19,Meta Ads (Instagram),iOS,v2.5.2,Control_A,United Kingdom
usr_002278,2026-07-18,2026-07-18 05:51:38,Influencer Campaign,Android,v2.5.3,Variant_B,India
usr_002279,2026-06-11,2026-06-11 11:16:05,Paid Search (Google),iOS,v2.5.2,Control_A,Canada
usr_002280,2026-06-13,2026-06-13 10:34:46,Paid Search (Google),Android,v2.5.2,Variant_B,India
usr_002281,2026-06-03,2026-06-03 11:33:17,Paid Search (Google),iOS,v2.5.3,Control_A,India
usr_002282,2026-08-09,2026-08-09 22:36:03,Meta Ads (Instagram),iOS,v2.5.2,Variant_B,United States
usr_002283,2026-06-12,2026-06-12 09:01:03,Referral,Web,v3.1.0-web,Variant_B,United Kingdom
usr_002284,2026-07-27,2026-07-27 23:45:49,Paid Search (Google),Android,v2.5.1,Variant_B,Germany
usr_002285,2026-06-12,2026-06-12 15:49:59,Organic Search,Android,v2.5.1,Control_A,Canada
usr_002286,2026-06-30,2026-06-30 03:04:18,Meta Ads (Instagram),Android,v2.5.2,Control_A,India
usr_002287,2026-07-03,2026-07-03 08:58:33,Organic Search,iOS,v2.5.1,Variant_B,Germany
usr_002288,2026-07-21,2026-07-21 13:18:37,Paid Search (Google),Android,v2.5.1,Control_A,Canada
usr_002289,2026-08-26,2026-08-26 00:23:05,Referral,iOS,v2.5.1,Variant_B,Canada
usr_002290,2026-07-05,2026-07-05 07:56:18,Meta Ads (Instagram),Android,v2.5.1,Variant_B,India
usr_002291,2026-08-16,2026-08-16 13:00:20,Influencer Campaign,iOS,v2.5.2,Variant_B,Germany
usr_002292,2026-06-30,2026-06-30 16:45:43,Meta Ads (Instagram),iOS,v2.5.3,Variant_B,India
usr_002293,2026-08-14,2026-08-14 06:26:18,Meta Ads (Instagram),Android,v2.5.3,Variant_B,United Kingdom
usr_002294,2026-08-22,2026-08-22 06:20:13,Paid Search (Google),iOS,v2.5.1,Control_A,Germany
usr_002295,2026-08-02,2026-08-02 14:03:33,Organic Search,Android,v2.5.3,Variant_B,Germany
usr_002296,2026-08-21,2026-08-21 15:18:19,Paid Search (Google),iOS,v2.5.3,Control_A,United Kingdom
usr_002297,2026-08-22,2026-08-22 12:19:57,Paid Search (Google),Android,v2.5.1,Variant_B,India
usr_002298,2026-07-15,2026-07-15 02:09:12,Organic Search,iOS,v2.5.3,Control_A,United States
usr_002299,2026-06-28,2026-06-28 06:35:04,Paid Search (Google),Android,v2.5.1,Variant_B,Germany
usr_002300,2026-06-27,2026-06-27 14:41:46,Paid Search (Google),Android,v2.5.3,Control_A,Germany
usr_002301,2026-07-17,2026-07-17 17:06:46,Meta Ads (Instagram),Android,v2.5.1,Control_A,Germany
usr_002302,2026-08-05,2026-08-05 16:56:44,Paid Search (Google),iOS,v2.5.2,Control_A,Germany
usr_002303,2026-08-29,2026-08-29 20:04:00,Referral,iOS,v2.5.1,Variant_B,Germany
usr_002304,2026-07-25,2026-07-25 17:34:53,Meta Ads (Instagram),iOS,v2.5.2,Control_A,India
usr_002305,2026-08-23,2026-08-23 12:56:26,Meta Ads (Instagram),Android,v2.5.2,Control_A,India
usr_002306,2026-06-05,2026-06-05 13:04:11,Meta Ads (Instagram),Android,v2.5.1,Variant_B,India
usr_002307,2026-08-15,2026-08-15 11:55:31,Paid Search (Google),Android,v2.5.1,Control_A,Canada
usr_002308,2026-06-27,2026-06-27 20:26:19,Meta Ads (Instagram),Android,v2.5.1,Variant_B,Germany
usr_002309,2026-06-06,2026-06-06 13:49:56,Paid Search (Google),Android,v2.5.2,Control_A,India
usr_002310,2026-08-16,2026-08-16 10:28:26,Organic Search,Android,v2.5.2,Variant_B,Canada
usr_002311,2026-07-05,2026-07-05 09:03:32,Meta Ads (Instagram),iOS,v2.5.2,Control_A,United Kingdom
usr_002312,2026-08-12,2026-08-12 17:27:49,Meta Ads (Instagram),iOS,v2.5.1,Control_A,India
usr_002313,2026-07-09,2026-07-09 21:55:33,Meta Ads (Instagram),Android,v2.5.1,Control_A,United States
usr_002314,2026-06-14,2026-06-14 20:14:07,Influencer Campaign,Android,v2.5.2,Variant_B,United States
usr_002315,2026-08-12,2026-08-12 12:20:16,Paid Search (Google),Android,v2.5.3,Variant_B,United Kingdom
usr_002316,2026-08-23,2026-08-23 00:25:48,Meta Ads (Instagram),Android,v2.5.3,Variant_B,Germany
usr_002317,2026-08-17,2026-08-17 19:13:49,Paid Search (Google),iOS,v2.5.2,Control_A,India
usr_002318,2026-07-03,2026-07-03 16:44:10,Meta Ads (Instagram),Android,v2.5.2,Control_A,Canada
usr_002319,2026-06-06,2026-06-06 03:27:29,Organic Search,iOS,v2.5.3,Control_A,India
usr_002320,2026-07-27,2026-07-27 08:41:51,Meta Ads (Instagram),Android,v2.5.2,Variant_B,Germany
usr_002321,2026-08-25,2026-08-25 23:58:29,Organic Search,Android,v2.5.1,Control_A,Germany
usr_002322,2026-08-10,2026-08-10 17:41:13,Meta Ads (Instagram),iOS,v2.5.3,Variant_B,Canada
usr_002323,2026-07-12,2026-07-12 08:01:35,Meta Ads (Instagram),Android,v2.5.2,Variant_B,United States
usr_002324,2026-07-24,2026-07-24 12:27:42,Referral,iOS,v2.5.1,Variant_B,United Kingdom
usr_002325,2026-08-05,2026-08-05 13:23:22,Paid Search (Google),Android,v2.5.3,Variant_B,India
usr_002326,2026-07-29,2026-07-29 09:00:00,Meta Ads (Instagram),Android,v2.5.1,Variant_B,India
usr_002327,2026-08-25,2026-08-25 08:49:32,Influencer Campaign,iOS,v2.5.1,Variant_B,Germany
usr_002328,2026-07-07,2026-07-07 01:55:57,Influencer Campaign,iOS,v2.5.1,Variant_B,India
usr_002329,2026-07-05,2026-07-05 02:01:37,Referral,Android,v2.5.1,Variant_B,United Kingdom
usr_002330,2026-06-01,2026-06-01 14:19:04,Paid Search (Google),Web,v3.1.0-web,Control_A,India
usr_002331,2026-06-16,2026-06-16 16:11:34,Paid Search (Google),Android,v2.5.3,Variant_B,India
usr_002332,2026-08-14,2026-08-14 10:41:24,Meta Ads (Instagram),iOS,v2.5.1,Control_A,Germany
usr_002333,2026-08-12,2026-08-12 05:19:33,Paid Search (Google),Android,v2.5.1,Control_A,United States
usr_002334,2026-08-25,2026-08-25 13:19:37,Influencer Campaign,Android,v2.5.3,Variant_B,United Kingdom
usr_002335,2026-08-07,2026-08-07 16:51:47,Meta Ads (Instagram),Android,v2.5.2,Control_A,Canada
usr_002336,2026-06-15,2026-06-15 01:48:46,Meta Ads (Instagram),Web,v3.1.0-web,Variant_B,United States
usr_002337,2026-06-25,2026-06-25 22:37:04,Organic Search,Android,v2.5.1,Control_A,Germany
usr_002338,2026-08-23,2026-08-23 01:12:26,Meta Ads (Instagram),iOS,v2.5.2,Control_A,United Kingdom
usr_002339,2026-07-05,2026-07-05 00:00:00,Meta Ads (Instagram),Android,v2.5.1,Variant_B,Germany
usr_002340,2026-06-29,2026-06-29 06:11:29,Meta Ads (Instagram),Android,v2.5.3,Control_A,Canada
usr_002341,2026-06-01,2026-06-01 10:59:16,Organic Search,iOS,v2.5.2,Control_A,India
usr_002342,2026-06-19,2026-06-19 05:55:23,Meta Ads (Instagram),Android,v2.5.2,Variant_B,United Kingdom
usr_002343,2026-06-11,2026-06-11 06:44:29,Referral,Web,v3.1.0-web,Control_A,Germany
usr_002344,2026-08-28,2026-08-28 15:26:43,Meta Ads (Instagram),iOS,v2.5.1,Variant_B,United Kingdom
usr_002345,2026-08-18,2026-08-18 11:07:16,Paid Search (Google),iOS,v2.5.3,Variant_B,Germany
usr_002346,2026-07-17,2026-07-17 01:55:02,Organic Search,iOS,v2.5.3,Control_A,Canada
usr_002347,2026-08-23,2026-08-23 00:31:31,Influencer Campaign,iOS,v2.5.3,Variant_B,Canada
usr_002348,2026-08-07,2026-08-07 15:02:40,Referral,iOS,v2.5.2,Variant_B,United States
usr_002349,2026-07-14,2026-07-14 06:39:36,Organic Search,iOS,v2.5.3,Control_A,United Kingdom
usr_002350,2026-08-18,2026-08-18 22:56:33,Influencer Campaign,iOS,v2.5.3,Control_A,Germany
usr_002351,2026-06-06,2026-06-06 08:29:18,Meta Ads (Instagram),iOS,v2.5.3,Control_A,United States
usr_002352,2026-08-24,2026-08-24 20:10:26,Paid Search (Google),Android,v2.5.3,Control_A,United States
usr_002353,2026-06-08,2026-06-08 07:17:47,Organic Search,iOS,v2.5.2,Control_A,Canada
usr_002354,2026-08-07,2026-08-07 04:39:22,Referral,iOS,v2.5.2,Variant_B,India
usr_002355,2026-07-26,2026-07-26 04:56:46,Organic Search,iOS,v2.5.2,Variant_B,Canada
usr_002356,2026-06-22,2026-06-22 10:32:48,Organic Search,iOS,v2.5.2,Variant_B,Germany
usr_002357,2026-07-23,2026-07-23 06:43:58,Referral,Android,v2.5.1,Control_A,United States
usr_002358,2026-07-13,2026-07-13 13:00:25,Referral,iOS,v2.5.3,Control_A,United States
usr_002359,2026-06-23,2026-06-23 07:40:47,Meta Ads (Instagram),iOS,v2.5.3,Control_A,Canada
usr_002360,2026-06-07,2026-06-07 22:24:54,Referral,Android,v2.5.3,Control_A,India
usr_002361,2026-07-17,2026-07-17 15:15:39,Paid Search (Google),Android,v2.5.2,Control_A,United Kingdom
usr_002362,2026-07-27,2026-07-27 19:36:43,Referral,iOS,v2.5.2,Control_A,United Kingdom
usr_002363,2026-06-13,2026-06-13 19:05:06,Meta Ads (Instagram),iOS,v2.5.2,Control_A,India
usr_002364,2026-07-30,2026-07-30 13:39:53,Paid Search (Google),iOS,v2.5.2,Control_A,United Kingdom
usr_002365,2026-08-13,2026-08-13 14:48:14,Paid Search (Google),Android,v2.5.1,Control_A,India
usr_002366,2026-06-03,2026-06-03 08:01:46,Meta Ads (Instagram),iOS,v2.5.3,Variant_B,India
usr_002367,2026-06-19,2026-06-19 09:33:29,Meta Ads (Instagram),Android,v2.5.1,Variant_B,United Kingdom
usr_002368,2026-08-08,2026-08-08 17:18:48,Meta Ads (Instagram),iOS,v2.5.1,Variant_B,Canada
usr_002369,2026-07-25,2026-07-25 21:26:03,Referral,iOS,v2.5.2,Variant_B,Germany
usr_002370,2026-06-23,2026-06-23 21:18:59,Meta Ads (Instagram),iOS,v2.5.2,Control_A,Germany
usr_002371,2026-08-26,2026-08-26 07:34:30,Meta Ads (Instagram),iOS,v2.5.2,Control_A,United Kingdom
usr_002372,2026-06-04,2026-06-04 05:09:29,Organic Search,Android,v2.5.1,Control_A,Germany
usr_002373,2026-08-11,2026-08-11 03:30:42,Meta Ads (Instagram),Android,v2.5.2,Variant_B,Germany
usr_002374,2026-06-26,2026-06-26 18:32:36,Meta Ads (Instagram),iOS,v2.5.2,Control_A,United Kingdom
usr_002375,2026-06-07,2026-06-07 02:47:51,Organic Search,Android,v2.5.2,Control_A,United Kingdom
usr_002376,2026-08-01,2026-08-01 18:13:53,Influencer Campaign,Android,v2.5.3,Variant_B,United States
usr_002377,2026-07-12,2026-07-12 06:14:10,Meta Ads (Instagram),Android,v2.5.3,Control_A,Canada
usr_002378,2026-08-27,2026-08-27 10:57:15,Influencer Campaign,iOS,v2.5.3,Variant_B,Germany
usr_002379,2026-06-12,2026-06-12 22:31:03,Paid Search (Google),iOS,v2.5.3,Variant_B,United States
usr_002380,2026-07-31,2026-07-31 09:48:24,Referral,iOS,v2.5.3,Control_A,Germany
usr_002381,2026-06-24,2026-06-24 21:02:36,Meta Ads (Instagram),Android,v2.5.3,Control_A,Germany
usr_002382,2026-07-11,2026-07-11 10:49:41,Influencer Campaign,Web,v3.1.0-web,Control_A,Canada
usr_002383,2026-08-13,2026-08-13 15:24:53,Paid Search (Google),Android,v2.5.1,Control_A,United States
usr_002384,2026-08-09,2026-08-09 20:34:35,Paid Search (Google),iOS,v2.5.3,Variant_B,Canada
usr_002385,2026-06-08,2026-06-08 22:31:45,Meta Ads (Instagram),Android,v2.5.1,Variant_B,United Kingdom
usr_002386,2026-07-04,2026-07-04 07:58:23,Referral,Android,v2.5.1,Variant_B,United States
usr_002387,2026-08-03,2026-08-03 00:43:41,Organic Search,iOS,v2.5.1,Variant_B,Germany
usr_002388,2026-08-11,2026-08-11 08:00:53,Meta Ads (Instagram),Android,v2.5.2,Variant_B,India
usr_002389,2026-06-13,2026-06-13 01:33:08,Referral,iOS,v2.5.3,Variant_B,Canada
usr_002390,2026-06-05,2026-06-05 08:02:19,Paid Search (Google),iOS,v2.5.2,Control_A,Canada
usr_002391,2026-08-21,2026-08-21 09:08:57,Organic Search,Android,v2.5.2,Control_A,India
usr_002392,2026-07-18,2026-07-18 11:18:54,Meta Ads (Instagram),Web,v3.1.0-web,Control_A,United States
usr_002393,2026-07-27,2026-07-27 12:34:07,Influencer Campaign,Android,v2.5.3,Variant_B,United States
usr_002394,2026-06-30,2026-06-30 21:28:56,Meta Ads (Instagram),Android,v2.5.3,Control_A,United Kingdom
usr_002395,2026-07-17,2026-07-17 01:10:26,Meta Ads (Instagram),iOS,v2.5.3,Control_A,United States
usr_002396,2026-07-08,2026-07-08 09:08:19,Meta Ads (Instagram),Android,v2.5.2,Control_A,Germany
usr_002397,2026-07-19,2026-07-19 12:58:22,Meta Ads (Instagram),Android,v2.5.2,Control_A,United Kingdom
usr_002398,2026-08-06,2026-08-06 10:17:01,Paid Search (Google),Android,v2.5.2,Control_A,Germany
usr_002399,2026-08-17,2026-08-17 04:21:46,Paid Search (Google),iOS,v2.5.3,Control_A,United Kingdom
usr_002400,2026-08-26,2026-08-26 23:46:10,Paid Search (Google),Android,v2.5.2,Control_A,Germany
usr_002401,2026-07-13,2026-07-13 03:48:04,Influencer Campaign,Android,v2.5.2,Variant_B,Germany
usr_002402,2026-08-15,2026-08-15 09:59:40,Organic Search,iOS,v2.5.2,Variant_B,Germany
usr_002403,2026-07-18,2026-07-18 18:03:27,Paid Search (Google),iOS,v2.5.2,Variant_B,United States
usr_002404,2026-08-01,2026-08-01 13:53:12,Paid Search (Google),Android,v2.5.2,Control_A,India
usr_002405,2026-06-13,2026-06-13 18:16:13,Paid Search (Google),iOS,v2.5.2,Control_A,United States
usr_002406,2026-07-12,2026-07-12 06:14:02,Referral,Android,v2.5.1,Control_A,Canada
usr_002407,2026-08-19,2026-08-19 00:38:01,Paid Search (Google),Android,v2.5.1,Variant_B,India
usr_002408,2026-06-06,2026-06-06 15:57:58,Meta Ads (Instagram),iOS,v2.5.2,Control_A,Canada
usr_002409,2026-07-31,2026-07-31 07:20:31,Referral,Android,v2.5.3,Control_A,India
usr_002410,2026-08-13,2026-08-13 15:44:51,Meta Ads (Instagram),Android,v2.5.2,Variant_B,United States
usr_002411,2026-07-25,2026-07-25 02:21:54,Meta Ads (Instagram),iOS,v2.5.1,Control_A,India
usr_002412,2026-06-12,2026-06-12 11:08:36,Paid Search (Google),iOS,v2.5.1,Control_A,Canada
usr_002413,2026-06-25,2026-06-25 08:06:11,Meta Ads (Instagram),Android,v2.5.1,Control_A,United States
usr_002414,2026-07-25,2026-07-25 04:35:32,Paid Search (Google),iOS,v2.5.2,Variant_B,United States
usr_002415,2026-07-03,2026-07-03 18:08:34,Paid Search (Google),Android,v2.5.1,Variant_B,Canada
usr_002416,2026-06-13,2026-06-13 04:04:07,Paid Search (Google),iOS,v2.5.2,Control_A,India
usr_002417,2026-06-01,2026-06-01 09:49:07,Referral,Web,v3.1.0-web,Variant_B,United Kingdom
usr_002418,2026-06-27,2026-06-27 19:34:56,Organic Search,Android,v2.5.3,Variant_B,Germany
usr_002419,2026-08-03,2026-08-03 14:41:59,Organic Search,Android,v2.5.3,Variant_B,Germany
usr_002420,2026-06-04,2026-06-04 22:28:38,Meta Ads (Instagram),iOS,v2.5.2,Control_A,United Kingdom
usr_002421,2026-07-12,2026-07-12 06:13:57,Meta Ads (Instagram),iOS,v2.5.3,Control_A,India
usr_002422,2026-06-03,2026-06-03 18:30:06,Paid Search (Google),iOS,v2.5.2,Variant_B,United States
usr_002423,2026-07-12,2026-07-12 07:18:16,Meta Ads (Instagram),iOS,v2.5.3,Variant_B,Canada
usr_002424,2026-06-08,2026-06-08 15:48:41,Paid Search (Google),Android,v2.5.2,Control_A,India
usr_002425,2026-08-03,2026-08-03 17:21:51,Meta Ads (Instagram),iOS,v2.5.3,Variant_B,Canada
usr_002426,2026-07-11,2026-07-11 22:33:54,Meta Ads (Instagram),Android,v2.5.3,Variant_B,Germany
usr_002427,2026-06-18,2026-06-18 04:07:38,Meta Ads (Instagram),Android,v2.5.1,Variant_B,United Kingdom
usr_002428,2026-07-10,2026-07-10 08:11:04,Paid Search (Google),Android,v2.5.1,Variant_B,United States
usr_002429,2026-08-03,2026-08-03 14:05:43,Paid Search (Google),Android,v2.5.3,Control_A,Germany
usr_002430,2026-06-21,2026-06-21 04:37:40,Referral,iOS,v2.5.2,Control_A,United States
usr_002431,2026-06-16,2026-06-16 01:37:59,Referral,iOS,v2.5.1,Control_A,India
usr_002432,2026-07-24,2026-07-24 08:23:23,Organic Search,Android,v2.5.3,Control_A,India
usr_002433,2026-08-12,2026-08-12 11:48:39,Referral,iOS,v2.5.2,Variant_B,United Kingdom
usr_002434,2026-08-14,2026-08-14 18:28:33,Paid Search (Google),Android,v2.5.1,Control_A,Germany
usr_002435,2026-07-17,2026-07-17 17:48:36,Organic Search,Web,v3.1.0-web,Control_A,India
usr_002436,2026-06-03,2026-06-03 12:50:34,Paid Search (Google),iOS,v2.5.3,Control_A,Canada
usr_002437,2026-08-23,2026-08-23 05:30:14,Referral,iOS,v2.5.3,Variant_B,India
usr_002438,2026-07-31,2026-07-31 20:02:49,Meta Ads (Instagram),Android,v2.5.2,Control_A,United Kingdom
usr_002439,2026-07-06,2026-07-06 12:12:51,Referral,iOS,v2.5.2,Variant_B,Germany
usr_002440,2026-08-27,2026-08-27 22:18:04,Organic Search,Android,v2.5.3,Control_A,Germany
usr_002441,2026-07-26,2026-07-26 14:36:09,Referral,iOS,v2.5.1,Control_A,India
usr_002442,2026-06-17,2026-06-17 04:16:34,Meta Ads (Instagram),Android,v2.5.1,Control_A,Germany
usr_002443,2026-07-17,2026-07-17 01:22:57,Organic Search,Android,v2.5.3,Control_A,United States
usr_002444,2026-08-28,2026-08-28 14:09:48,Influencer Campaign,Android,v2.5.2,Variant_B,Canada
usr_002445,2026-08-17,2026-08-17 05:42:34,Paid Search (Google),iOS,v2.5.1,Control_A,United Kingdom
usr_002446,2026-07-25,2026-07-25 09:52:03,Referral,Android,v2.5.2,Control_A,United States
usr_002447,2026-07-18,2026-07-18 15:56:23,Paid Search (Google),iOS,v2.5.2,Control_A,Canada
usr_002448,2026-06-09,2026-06-09 08:13:14,Meta Ads (Instagram),Android,v2.5.2,Control_A,United States
usr_002449,2026-06-11,2026-06-11 22:30:47,Organic Search,Android,v2.5.3,Control_A,Canada
usr_002450,2026-06-14,2026-06-14 22:45:47,Paid Search (Google),iOS,v2.5.3,Variant_B,India
usr_002451,2026-08-05,2026-08-05 11:45:54,Influencer Campaign,Android,v2.5.3,Control_A,United States
usr_002452,2026-06-24,2026-06-24 08:10:40,Paid Search (Google),iOS,v2.5.1,Control_A,India
usr_002453,2026-07-27,2026-07-27 17:00:41,Organic Search,Android,v2.5.1,Control_A,United Kingdom
usr_002454,2026-08-22,2026-08-22 07:57:34,Meta Ads (Instagram),Android,v2.5.3,Variant_B,Germany
usr_002455,2026-07-03,2026-07-03 04:57:17,Referral,Android,v2.5.1,Control_A,Canada
usr_002456,2026-07-10,2026-07-10 11:25:15,Paid Search (Google),Android,v2.5.1,Control_A,United States
usr_002457,2026-06-20,2026-06-20 00:48:20,Organic Search,iOS,v2.5.3,Variant_B,Germany
usr_002458,2026-06-07,2026-06-07 16:01:48,Organic Search,iOS,v2.5.2,Variant_B,United States
usr_002459,2026-07-10,2026-07-10 08:50:32,Paid Search (Google),Android,v2.5.3,Variant_B,Germany
usr_002460,2026-08-27,2026-08-27 15:43:49,Meta Ads (Instagram),Android,v2.5.1,Variant_B,Germany
usr_002461,2026-06-07,2026-06-07 00:26:26,Paid Search (Google),iOS,v2.5.2,Control_A,Germany
usr_002462,2026-07-31,2026-07-31 15:47:47,Organic Search,iOS,v2.5.1,Variant_B,Germany
usr_002463,2026-06-24,2026-06-24 16:32:38,Organic Search,Android,v2.5.2,Variant_B,India
usr_002464,2026-06-16,2026-06-16 05:20:57,Paid Search (Google),Web,v3.1.0-web,Variant_B,United Kingdom
usr_002465,2026-08-16,2026-08-16 15:00:52,Influencer Campaign,Web,v3.1.0-web,Control_A,India
usr_002466,2026-06-03,2026-06-03 02:11:10,Influencer Campaign,Android,v2.5.3,Variant_B,United States
usr_002467,2026-08-29,2026-08-29 02:15:26,Paid Search (Google),Android,v2.5.3,Variant_B,United Kingdom
usr_002468,2026-07-04,2026-07-04 21:27:43,Meta Ads (Instagram),iOS,v2.5.3,Control_A,Germany
usr_002469,2026-07-08,2026-07-08 19:02:18,Organic Search,Android,v2.5.1,Variant_B,Germany
usr_002470,2026-07-02,2026-07-02 16:21:08,Paid Search (Google),iOS,v2.5.3,Variant_B,Germany
usr_002471,2026-07-22,2026-07-22 01:28:13,Meta Ads (Instagram),Android,v2.5.2,Variant_B,United Kingdom
usr_002472,2026-08-22,2026-08-22 07:59:19,Meta Ads (Instagram),iOS,v2.5.1,Control_A,Canada
usr_002473,2026-06-09,2026-06-09 16:25:04,Meta Ads (Instagram),iOS,v2.5.2,Variant_B,Germany
usr_002474,2026-06-18,2026-06-18 05:25:38,Referral,iOS,v2.5.1,Control_A,United States
usr_002475,2026-07-03,2026-07-03 04:42:46,Referral,Android,v2.5.3,Control_A,India
usr_002476,2026-08-26,2026-08-26 00:26:31,Influencer Campaign,Android,v2.5.1,Variant_B,Germany
usr_002477,2026-07-06,2026-07-06 12:53:43,Organic Search,iOS,v2.5.2,Control_A,India
usr_002478,2026-06-04,2026-06-04 06:24:26,Meta Ads (Instagram),iOS,v2.5.3,Variant_B,United States
usr_002479,2026-06-01,2026-06-01 07:47:22,Meta Ads (Instagram),iOS,v2.5.2,Variant_B,United Kingdom
usr_002480,2026-07-14,2026-07-14 16:17:20,Paid Search (Google),Android,v2.5.3,Variant_B,Germany
usr_002481,2026-06-17,2026-06-17 15:26:08,Paid Search (Google),iOS,v2.5.3,Variant_B,United States
usr_002482,2026-08-21,2026-08-21 12:43:35,Organic Search,Android,v2.5.3,Control_A,India
usr_002483,2026-06-07,2026-06-07 00:10:02,Meta Ads (Instagram),Android,v2.5.1,Variant_B,United Kingdom
usr_002484,2026-06-09,2026-06-09 16:44:13,Organic Search,iOS,v2.5.3,Variant_B,United States
usr_002485,2026-08-05,2026-08-05 20:54:05,Organic Search,iOS,v2.5.3,Variant_B,United States
usr_002486,2026-08-11,2026-08-11 21:53:09,Paid Search (Google),Android,v2.5.3,Variant_B,Canada
usr_002487,2026-08-03,2026-08-03 03:20:12,Meta Ads (Instagram),iOS,v2.5.1,Variant_B,Germany
usr_002488,2026-06-29,2026-06-29 16:45:04,Organic Search,Android,v2.5.3,Control_A,India
usr_002489,2026-07-14,2026-07-14 23:19:30,Meta Ads (Instagram),iOS,v2.5.1,Control_A,Germany
usr_002490,2026-07-28,2026-07-28 22:16:19,Paid Search (Google),Android,v2.5.1,Control_A,United Kingdom
usr_002491,2026-08-16,2026-08-16 12:45:20,Influencer Campaign,Android,v2.5.3,Control_A,Germany
usr_002492,2026-06-22,2026-06-22 17:16:41,Meta Ads (Instagram),Android,v2.5.1,Control_A,Canada
usr_002493,2026-06-27,2026-06-27 04:52:36,Influencer Campaign,iOS,v2.5.2,Variant_B,Canada
usr_002494,2026-08-03,2026-08-03 23:15:38,Meta Ads (Instagram),Android,v2.5.3,Control_A,Canada
usr_002495,2026-07-14,2026-07-14 03:01:11,Referral,iOS,v2.5.3,Variant_B,United Kingdom
usr_002496,2026-08-01,2026-08-01 22:41:02,Meta Ads (Instagram),Android,v2.5.2,Variant_B,United States
usr_002497,2026-07-19,2026-07-19 05:32:54,Organic Search,Android,v2.5.2,Variant_B,United Kingdom
usr_002498,2026-07-25,2026-07-25 14:41:56,Referral,Android,v2.5.2,Variant_B,United States
usr_002499,2026-07-27,2026-07-27 02:21:04,Organic Search,Web,v3.1.0-web,Control_A,Germany
usr_002500,2026-07-21,2026-07-21 22:40:49,Meta Ads (Instagram),Android,v2.5.1,Control_A,India
usr_002501,2026-08-14,2026-08-14 03:34:23,Paid Search (Google),iOS,v2.5.3,Control_A,India
usr_002502,2026-07-07,2026-07-07 19:44:02,Paid Search (Google),Android,v2.5.2,Variant_B,Germany
usr_002503,2026-07-29,2026-07-29 17:28:31,Paid Search (Google),iOS,v2.5.3,Variant_B,United Kingdom
usr_002504,2026-06-27,2026-06-27 15:27:25,Paid Search (Google),iOS,v2.5.2,Control_A,United Kingdom
usr_002505,2026-06-11,2026-06-11 18:02:24,Paid Search (Google),iOS,v2.5.2,Variant_B,United Kingdom
usr_002506,2026-06-16,2026-06-16 12:25:12,Paid Search (Google),Android,v2.5.1,Variant_B,United Kingdom
usr_002507,2026-08-09,2026-08-09 07:34:59,Paid Search (Google),iOS,v2.5.1,Variant_B,Canada
usr_002508,2026-08-14,2026-08-14 23:25:01,Paid Search (Google),Android,v2.5.1,Control_A,United States
usr_002509,2026-08-11,2026-08-11 05:15:44,Meta Ads (Instagram),Web,v3.1.0-web,Control_A,Canada
usr_002510,2026-07-04,2026-07-04 02:05:17,Meta Ads (Instagram),Android,v2.5.3,Control_A,Germany
usr_002511,2026-06-05,2026-06-05 21:07:13,Meta Ads (Instagram),Android,v2.5.3,Control_A,Canada
usr_002512,2026-07-24,2026-07-24 01:08:07,Meta Ads (Instagram),Android,v2.5.3,Control_A,United Kingdom
usr_002513,2026-07-06,2026-07-06 05:02:11,Paid Search (Google),Web,v3.1.0-web,Variant_B,India
usr_002514,2026-06-03,2026-06-03 11:24:33,Referral,iOS,v2.5.3,Control_A,United States
usr_002515,2026-06-12,2026-06-12 05:56:27,Influencer Campaign,Android,v2.5.3,Control_A,India
usr_002516,2026-08-29,2026-08-29 12:14:52,Referral,Android,v2.5.1,Variant_B,India
usr_002517,2026-08-26,2026-08-26 20:51:17,Meta Ads (Instagram),Android,v2.5.1,Control_A,United Kingdom
usr_002518,2026-07-28,2026-07-28 01:42:25,Meta Ads (Instagram),iOS,v2.5.1,Control_A,Canada
usr_002519,2026-06-10,2026-06-10 01:24:52,Paid Search (Google),iOS,v2.5.1,Variant_B,India
usr_002520,2026-06-09,2026-06-09 03:36:06,Meta Ads (Instagram),Android,v2.5.1,Variant_B,Canada
usr_002521,2026-06-25,2026-06-25 20:01:35,Paid Search (Google),iOS,v2.5.3,Control_A,United Kingdom
usr_002522,2026-08-01,2026-08-01 13:12:36,Organic Search,iOS,v2.5.2,Control_A,United Kingdom
usr_002523,2026-08-26,2026-08-26 02:29:08,Meta Ads (Instagram),Android,v2.5.3,Variant_B,United States
usr_002524,2026-08-12,2026-08-12 12:42:23,Meta Ads (Instagram),Android,v2.5.3,Variant_B,India
usr_002525,2026-08-05,2026-08-05 12:37:37,Influencer Campaign,Android,v2.5.1,Variant_B,India
usr_002526,2026-06-15,2026-06-15 11:22:47,Paid Search (Google),Android,v2.5.3,Control_A,Canada
usr_002527,2026-06-15,2026-06-15 03:44:45,Organic Search,iOS,v2.5.3,Control_A,United Kingdom
usr_002528,2026-08-04,2026-08-04 07:27:45,Organic Search,Web,v3.1.0-web,Variant_B,Germany
usr_002529,2026-07-25,2026-07-25 20:20:09,Meta Ads (Instagram),iOS,v2.5.2,Variant_B,Germany
usr_002530,2026-07-09,2026-07-09 16:00:57,Paid Search (Google),iOS,v2.5.3,Variant_B,Germany
usr_002531,2026-08-04,2026-08-04 12:58:53,Meta Ads (Instagram),Web,v3.1.0-web,Variant_B,Canada
usr_002532,2026-07-21,2026-07-21 05:53:24,Referral,Android,v2.5.1,Variant_B,Canada
usr_002533,2026-08-26,2026-08-26 23:37:58,Meta Ads (Instagram),Android,v2.5.3,Variant_B,United States
usr_002534,2026-06-02,2026-06-02 03:32:13,Organic Search,iOS,v2.5.1,Variant_B,India
usr_002535,2026-06-07,2026-06-07 20:43:45,Paid Search (Google),Android,v2.5.2,Control_A,India
usr_002536,2026-06-03,2026-06-03 09:33:14,Organic Search,Android,v2.5.3,Variant_B,Canada
usr_002537,2026-06-06,2026-06-06 19:26:21,Meta Ads (Instagram),Android,v2.5.1,Variant_B,Canada
usr_002538,2026-06-24,2026-06-24 08:28:13,Meta Ads (Instagram),Android,v2.5.1,Control_A,Germany
usr_002539,2026-08-19,2026-08-19 05:35:15,Paid Search (Google),Web,v3.1.0-web,Variant_B,Germany
usr_002540,2026-07-06,2026-07-06 12:46:20,Meta Ads (Instagram),Android,v2.5.1,Variant_B,United States
usr_002541,2026-08-28,2026-08-28 18:42:42,Organic Search,iOS,v2.5.2,Variant_B,United States
usr_002542,2026-08-26,2026-08-26 21:47:04,Paid Search (Google),Web,v3.1.0-web,Variant_B,India
usr_002543,2026-06-01,2026-06-01 09:12:48,Meta Ads (Instagram),iOS,v2.5.2,Control_A,Canada
usr_002544,2026-07-14,2026-07-14 03:18:54,Meta Ads (Instagram),Android,v2.5.2,Control_A,United States
usr_002545,2026-07-13,2026-07-13 10:13:14,Paid Search (Google),Android,v2.5.2,Control_A,Germany
usr_002546,2026-08-17,2026-08-17 00:18:00,Organic Search,iOS,v2.5.1,Control_A,Canada
usr_002547,2026-07-31,2026-07-31 05:44:16,Meta Ads (Instagram),Android,v2.5.3,Control_A,India
usr_002548,2026-07-06,2026-07-06 05:57:35,Paid Search (Google),iOS,v2.5.2,Variant_B,United States
usr_002549,2026-06-04,2026-06-04 18:54:07,Meta Ads (Instagram),iOS,v2.5.2,Variant_B,India
usr_002550,2026-07-05,2026-07-05 11:20:36,Referral,iOS,v2.5.2,Variant_B,United States
usr_002551,2026-06-29,2026-06-29 04:18:49,Meta Ads (Instagram),Android,v2.5.3,Control_A,India
usr_002552,2026-06-04,2026-06-04 06:35:32,Paid Search (Google),Android,v2.5.2,Control_A,United Kingdom
usr_002553,2026-08-18,2026-08-18 13:57:59,Organic Search,Android,v2.5.1,Variant_B,Canada
usr_002554,2026-06-04,2026-06-04 18:22:16,Meta Ads (Instagram),iOS,v2.5.2,Control_A,India
usr_002555,2026-08-19,2026-08-19 04:27:40,Paid Search (Google),Android,v2.5.2,Control_A,United Kingdom
usr_002556,2026-08-02,2026-08-02 20:53:04,Meta Ads (Instagram),iOS,v2.5.1,Variant_B,United States
usr_002557,2026-06-14,2026-06-14 07:24:53,Organic Search,iOS,v2.5.2,Variant_B,India
usr_002558,2026-08-19,2026-08-19 18:13:49,Referral,Android,v2.5.3,Variant_B,Germany
usr_002559,2026-06-09,2026-06-09 04:07:51,Paid Search (Google),Android,v2.5.3,Control_A,Canada
usr_002560,2026-08-19,2026-08-19 23:41:34,Meta Ads (Instagram),Android,v2.5.2,Control_A,Canada
usr_002561,2026-08-22,2026-08-22 23:29:43,Meta Ads (Instagram),iOS,v2.5.3,Variant_B,Canada
usr_002562,2026-06-22,2026-06-22 21:56:27,Meta Ads (Instagram),Android,v2.5.3,Control_A,United Kingdom
usr_002563,2026-06-01,2026-06-01 06:50:04,Influencer Campaign,Android,v2.5.1,Variant_B,Canada
usr_002564,2026-08-01,2026-08-01 07:37:50,Meta Ads (Instagram),Android,v2.5.2,Control_A,Canada
usr_002565,2026-07-02,2026-07-02 09:57:20,Meta Ads (Instagram),iOS,v2.5.2,Variant_B,United Kingdom
usr_002566,2026-08-10,2026-08-10 10:50:14,Organic Search,Android,v2.5.3,Variant_B,India
usr_002567,2026-08-25,2026-08-25 20:02:10,Organic Search,iOS,v2.5.1,Control_A,India
usr_002568,2026-06-05,2026-06-05 09:41:31,Organic Search,Android,v2.5.3,Variant_B,Canada
usr_002569,2026-07-18,2026-07-18 16:08:58,Paid Search (Google),Android,v2.5.3,Control_A,United States
usr_002570,2026-08-15,2026-08-15 10:41:30,Influencer Campaign,iOS,v2.5.1,Variant_B,United States
usr_002571,2026-07-24,2026-07-24 04:40:15,Meta Ads (Instagram),Android,v2.5.2,Variant_B,India
usr_002572,2026-08-15,2026-08-15 06:38:44,Paid Search (Google),Web,v3.1.0-web,Control_A,India
usr_002573,2026-08-25,2026-08-25 01:58:25,Referral,Android,v2.5.2,Variant_B,India
usr_002574,2026-07-24,2026-07-24 15:32:27,Meta Ads (Instagram),Android,v2.5.1,Variant_B,India
usr_002575,2026-07-11,2026-07-11 23:15:26,Meta Ads (Instagram),Android,v2.5.3,Variant_B,Germany
usr_002576,2026-08-27,2026-08-27 11:05:01,Organic Search,Android,v2.5.2,Variant_B,United States
usr_002577,2026-08-05,2026-08-05 18:46:47,Meta Ads (Instagram),iOS,v2.5.3,Variant_B,Germany
usr_002578,2026-06-06,2026-06-06 20:42:57,Paid Search (Google),iOS,v2.5.1,Variant_B,United Kingdom
usr_002579,2026-06-11,2026-06-11 12:01:33,Organic Search,Web,v3.1.0-web,Control_A,United Kingdom
usr_002580,2026-06-08,2026-06-08 04:33:56,Paid Search (Google),iOS,v2.5.2,Control_A,India
usr_002581,2026-06-15,2026-06-15 10:39:44,Paid Search (Google),Android,v2.5.2,Variant_B,Canada
usr_002582,2026-06-02,2026-06-02 05:01:56,Meta Ads (Instagram),iOS,v2.5.1,Variant_B,United Kingdom
usr_002583,2026-06-09,2026-06-09 02:10:08,Referral,Android,v2.5.3,Variant_B,Germany
usr_002584,2026-08-26,2026-08-26 23:34:58,Meta Ads (Instagram),iOS,v2.5.1,Variant_B,Canada
usr_002585,2026-08-20,2026-08-20 17:32:02,Paid Search (Google),Android,v2.5.3,Variant_B,India
usr_002586,2026-07-13,2026-07-13 03:54:44,Organic Search,Web,v3.1.0-web,Control_A,United Kingdom
usr_002587,2026-06-04,2026-06-04 04:00:36,Meta Ads (Instagram),Android,v2.5.3,Variant_B,United Kingdom
usr_002588,2026-07-18,2026-07-18 04:02:03,Meta Ads (Instagram),iOS,v2.5.2,Control_A,India
usr_002589,2026-08-13,2026-08-13 21:02:36,Meta Ads (Instagram),Android,v2.5.3,Control_A,India
usr_002590,2026-07-13,2026-07-13 21:13:11,Organic Search,iOS,v2.5.3,Variant_B,Germany
usr_002591,2026-07-30,2026-07-30 03:34:43,Paid Search (Google),Android,v2.5.3,Variant_B,Canada
usr_002592,2026-08-19,2026-08-19 03:14:21,Meta Ads (Instagram),iOS,v2.5.2,Control_A,United Kingdom
usr_002593,2026-07-06,2026-07-06 10:04:42,Organic Search,Android,v2.5.3,Control_A,Canada
usr_002594,2026-06-30,2026-06-30 08:31:30,Meta Ads (Instagram),iOS,v2.5.3,Variant_B,Germany
usr_002595,2026-07-31,2026-07-31 02:19:40,Organic Search,iOS,v2.5.2,Control_A,United States
usr_002596,2026-06-02,2026-06-02 02:35:33,Organic Search,iOS,v2.5.1,Control_A,India
usr_002597,2026-08-20,2026-08-20 22:27:24,Influencer Campaign,Android,v2.5.2,Variant_B,United States
usr_002598,2026-06-15,2026-06-15 09:48:44,Paid Search (Google),Android,v2.5.3,Variant_B,United States
usr_002599,2026-06-19,2026-06-19 17:47:28,Meta Ads (Instagram),iOS,v2.5.1,Variant_B,India
usr_002600,2026-06-16,2026-06-16 18:41:57,Paid Search (Google),Web,v3.1.0-web,Control_A,Germany
usr_002601,2026-08-28,2026-08-28 11:15:08,Meta Ads (Instagram),Android,v2.5.1,Control_A,United Kingdom
usr_002602,2026-07-30,2026-07-30 04:16:33,Meta Ads (Instagram),iOS,v2.5.3,Variant_B,Canada
usr_002603,2026-07-26,2026-07-26 12:24:50,Referral,Android,v2.5.1,Variant_B,United Kingdom
usr_002604,2026-08-18,2026-08-18 11:11:52,Referral,iOS,v2.5.2,Control_A,India
usr_002605,2026-07-25,2026-07-25 20:58:38,Organic Search,Android,v2.5.2,Variant_B,Germany
usr_002606,2026-07-13,2026-07-13 19:56:57,Referral,Android,v2.5.3,Control_A,Canada
usr_002607,2026-07-17,2026-07-17 03:39:00,Influencer Campaign,iOS,v2.5.2,Control_A,Germany
usr_002608,2026-06-23,2026-06-23 18:23:43,Influencer Campaign,iOS,v2.5.2,Control_A,Canada
usr_002609,2026-08-13,2026-08-13 23:42:20,Meta Ads (Instagram),iOS,v2.5.1,Variant_B,Germany
usr_002610,2026-07-14,2026-07-14 21:34:46,Meta Ads (Instagram),Android,v2.5.3,Control_A,India
usr_002611,2026-07-28,2026-07-28 14:55:27,Meta Ads (Instagram),iOS,v2.5.1,Control_A,India
usr_002612,2026-07-20,2026-07-20 18:53:05,Paid Search (Google),iOS,v2.5.3,Variant_B,United Kingdom
usr_002613,2026-08-28,2026-08-28 04:57:49,Organic Search,Android,v2.5.2,Control_A,India
usr_002614,2026-07-01,2026-07-01 11:36:57,Referral,iOS,v2.5.2,Variant_B,United Kingdom
usr_002615,2026-08-08,2026-08-08 08:58:02,Meta Ads (Instagram),iOS,v2.5.2,Variant_B,Germany
usr_002616,2026-08-29,2026-08-29 09:28:51,Meta Ads (Instagram),Android,v2.5.1,Variant_B,Germany
usr_002617,2026-06-25,2026-06-25 19:54:43,Referral,iOS,v2.5.2,Variant_B,Germany
usr_002618,2026-07-24,2026-07-24 14:53:04,Paid Search (Google),iOS,v2.5.1,Variant_B,United Kingdom
usr_002619,2026-07-09,2026-07-09 22:58:11,Meta Ads (Instagram),Web,v3.1.0-web,Control_A,Canada
usr_002620,2026-08-08,2026-08-08 17:29:24,Meta Ads (Instagram),Web,v3.1.0-web,Variant_B,Germany
usr_002621,2026-07-01,2026-07-01 01:39:02,Paid Search (Google),Android,v2.5.2,Control_A,Germany
usr_002622,2026-06-01,2026-06-01 03:05:55,Influencer Campaign,Web,v3.1.0-web,Variant_B,United States
usr_002623,2026-08-06,2026-08-06 14:55:58,Meta Ads (Instagram),iOS,v2.5.3,Control_A,United States
usr_002624,2026-06-08,2026-06-08 16:18:32,Meta Ads (Instagram),iOS,v2.5.3,Control_A,United States
usr_002625,2026-07-13,2026-07-13 11:55:00,Meta Ads (Instagram),Android,v2.5.2,Control_A,India
usr_002626,2026-08-10,2026-08-10 03:42:50,Referral,iOS,v2.5.1,Variant_B,India
usr_002627,2026-06-06,2026-06-06 21:15:29,Organic Search,iOS,v2.5.2,Control_A,Germany
usr_002628,2026-06-09,2026-06-09 06:44:28,Meta Ads (Instagram),iOS,v2.5.3,Control_A,India
usr_002629,2026-06-16,2026-06-16 17:18:34,Paid Search (Google),iOS,v2.5.2,Control_A,India
usr_002630,2026-07-14,2026-07-14 05:53:31,Meta Ads (Instagram),iOS,v2.5.2,Variant_B,India
usr_002631,2026-08-18,2026-08-18 23:47:21,Organic Search,Android,v2.5.2,Control_A,United States
usr_002632,2026-07-13,2026-07-13 07:56:58,Meta Ads (Instagram),Android,v2.5.2,Control_A,Germany
usr_002633,2026-06-01,2026-06-01 11:31:34,Meta Ads (Instagram),iOS,v2.5.1,Variant_B,Canada
usr_002634,2026-08-29,2026-08-29 13:03:03,Meta Ads (Instagram),Android,v2.5.2,Variant_B,United Kingdom
usr_002635,2026-07-08,2026-07-08 19:03:02,Meta Ads (Instagram),Web,v3.1.0-web,Variant_B,Germany
usr_002636,2026-08-20,2026-08-20 10:29:11,Paid Search (Google),Web,v3.1.0-web,Control_A,Germany
usr_002637,2026-07-02,2026-07-02 08:45:17,Referral,Android,v2.5.1,Variant_B,United Kingdom
usr_002638,2026-07-14,2026-07-14 21:03:24,Meta Ads (Instagram),iOS,v2.5.2,Control_A,Germany
usr_002639,2026-06-14,2026-06-14 08:48:57,Paid Search (Google),iOS,v2.5.3,Control_A,United Kingdom
usr_002640,2026-08-08,2026-08-08 08:35:27,Organic Search,Web,v3.1.0-web,Control_A,Canada
usr_002641,2026-08-29,2026-08-29 16:37:38,Meta Ads (Instagram),iOS,v2.5.1,Variant_B,Canada
usr_002642,2026-08-29,2026-08-29 12:28:43,Referral,Web,v3.1.0-web,Control_A,Canada
usr_002643,2026-08-11,2026-08-11 17:59:23,Influencer Campaign,Android,v2.5.1,Variant_B,Canada
usr_002644,2026-07-09,2026-07-09 11:52:01,Meta Ads (Instagram),Android,v2.5.1,Control_A,United Kingdom
usr_002645,2026-08-16,2026-08-16 12:13:02,Organic Search,iOS,v2.5.2,Variant_B,Canada
usr_002646,2026-07-11,2026-07-11 18:52:54,Paid Search (Google),iOS,v2.5.3,Variant_B,India
usr_002647,2026-06-23,2026-06-23 08:02:31,Meta Ads (Instagram),Android,v2.5.2,Control_A,Canada
usr_002648,2026-08-02,2026-08-02 14:42:28,Meta Ads (Instagram),Android,v2.5.1,Control_A,United Kingdom
usr_002649,2026-07-09,2026-07-09 18:59:25,Influencer Campaign,Android,v2.5.2,Variant_B,Germany
usr_002650,2026-08-15,2026-08-15 12:04:20,Meta Ads (Instagram),Android,v2.5.3,Variant_B,United States
usr_002651,2026-07-21,2026-07-21 07:12:10,Organic Search,iOS,v2.5.3,Variant_B,United States
usr_002652,2026-08-21,2026-08-21 23:26:34,Organic Search,Android,v2.5.3,Control_A,United States
usr_002653,2026-06-27,2026-06-27 19:22:51,Influencer Campaign,Android,v2.5.1,Variant_B,Canada
usr_002654,2026-08-02,2026-08-02 08:21:15,Organic Search,Android,v2.5.1,Variant_B,Canada
usr_002655,2026-07-01,2026-07-01 06:07:27,Organic Search,Android,v2.5.3,Variant_B,Germany
usr_002656,2026-07-07,2026-07-07 06:50:47,Paid Search (Google),iOS,v2.5.2,Control_A,United States
usr_002657,2026-07-31,2026-07-31 16:21:46,Influencer Campaign,Android,v2.5.3,Control_A,India
usr_002658,2026-08-15,2026-08-15 15:17:01,Meta Ads (Instagram),Web,v3.1.0-web,Control_A,Canada
usr_002659,2026-06-11,2026-06-11 23:50:13,Meta Ads (Instagram),iOS,v2.5.2,Variant_B,Germany
usr_002660,2026-06-29,2026-06-29 20:54:59,Paid Search (Google),Web,v3.1.0-web,Control_A,India
usr_002661,2026-07-23,2026-07-23 23:25:34,Meta Ads (Instagram),Android,v2.5.2,Control_A,Germany
usr_002662,2026-06-14,2026-06-14 00:36:22,Influencer Campaign,iOS,v2.5.1,Variant_B,Canada
usr_002663,2026-07-06,2026-07-06 15:50:35,Referral,Android,v2.5.1,Control_A,Canada
usr_002664,2026-08-29,2026-08-29 05:20:20,Organic Search,Android,v2.5.3,Variant_B,Germany
usr_002665,2026-06-07,2026-06-07 01:49:54,Meta Ads (Instagram),iOS,v2.5.1,Variant_B,India
usr_002666,2026-08-24,2026-08-24 10:22:57,Organic Search,Android,v2.5.3,Variant_B,United Kingdom
usr_002667,2026-07-14,2026-07-14 23:09:24,Meta Ads (Instagram),Android,v2.5.1,Variant_B,India
usr_002668,2026-07-26,2026-07-26 19:16:30,Organic Search,Android,v2.5.3,Control_A,Canada
usr_002669,2026-08-22,2026-08-22 11:26:06,Paid Search (Google),Android,v2.5.3,Control_A,Canada
usr_002670,2026-07-03,2026-07-03 00:36:05,Paid Search (Google),Android,v2.5.2,Control_A,Canada
usr_002671,2026-08-13,2026-08-13 15:43:42,Paid Search (Google),iOS,v2.5.2,Control_A,Germany
usr_002672,2026-06-05,2026-06-05 10:44:11,Meta Ads (Instagram),Android,v2.5.2,Variant_B,United States
usr_002673,2026-06-11,2026-06-11 09:30:02,Organic Search,Android,v2.5.2,Variant_B,Canada
usr_002674,2026-07-30,2026-07-30 12:12:03,Influencer Campaign,Android,v2.5.2,Control_A,United Kingdom
usr_002675,2026-08-23,2026-08-23 04:53:51,Organic Search,Web,v3.1.0-web,Control_A,Canada
usr_002676,2026-08-16,2026-08-16 23:10:58,Meta Ads (Instagram),iOS,v2.5.3,Control_A,United Kingdom
usr_002677,2026-08-15,2026-08-15 05:46:56,Organic Search,Android,v2.5.2,Variant_B,Germany
usr_002678,2026-08-27,2026-08-27 16:59:26,Meta Ads (Instagram),iOS,v2.5.3,Variant_B,Canada
usr_002679,2026-07-27,2026-07-27 03:16:44,Paid Search (Google),iOS,v2.5.1,Control_A,India
usr_002680,2026-08-09,2026-08-09 14:25:02,Paid Search (Google),iOS,v2.5.2,Variant_B,India
usr_002681,2026-06-29,2026-06-29 14:15:52,Meta Ads (Instagram),iOS,v2.5.3,Control_A,United Kingdom
usr_002682,2026-07-30,2026-07-30 09:42:26,Meta Ads (Instagram),Android,v2.5.3,Control_A,United States
usr_002683,2026-06-14,2026-06-14 02:42:55,Referral,Android,v2.5.3,Variant_B,India
usr_002684,2026-07-06,2026-07-06 22:14:07,Referral,iOS,v2.5.2,Variant_B,United States
usr_002685,2026-07-08,2026-07-08 17:52:23,Influencer Campaign,iOS,v2.5.2,Control_A,Canada
usr_002686,2026-08-02,2026-08-02 07:36:59,Meta Ads (Instagram),Android,v2.5.3,Control_A,United Kingdom
usr_002687,2026-07-17,2026-07-17 09:44:47,Influencer Campaign,Android,v2.5.2,Control_A,United States
usr_002688,2026-06-23,2026-06-23 12:31:03,Influencer Campaign,Android,v2.5.1,Control_A,India
usr_002689,2026-06-18,2026-06-18 18:08:12,Paid Search (Google),iOS,v2.5.3,Control_A,United Kingdom
usr_002690,2026-08-07,2026-08-07 09:41:54,Meta Ads (Instagram),Android,v2.5.1,Variant_B,India
usr_002691,2026-07-12,2026-07-12 15:47:28,Referral,iOS,v2.5.2,Control_A,Germany
usr_002692,2026-06-25,2026-06-25 15:23:13,Organic Search,iOS,v2.5.3,Variant_B,Canada
usr_002693,2026-07-06,2026-07-06 07:48:15,Meta Ads (Instagram),iOS,v2.5.3,Variant_B,United States
usr_002694,2026-07-07,2026-07-07 08:12:03,Influencer Campaign,Web,v3.1.0-web,Control_A,Canada
usr_002695,2026-08-08,2026-08-08 14:42:51,Organic Search,iOS,v2.5.2,Variant_B,United Kingdom
usr_002696,2026-07-24,2026-07-24 03:31:37,Referral,Web,v3.1.0-web,Variant_B,Canada
usr_002697,2026-08-04,2026-08-04 16:25:12,Paid Search (Google),Android,v2.5.2,Control_A,United Kingdom
usr_002698,2026-06-02,2026-06-02 18:39:12,Organic Search,Android,v2.5.1,Variant_B,United States
usr_002699,2026-07-03,2026-07-03 21:48:46,Paid Search (Google),Android,v2.5.2,Variant_B,United States
usr_002700,2026-08-03,2026-08-03 05:23:33,Paid Search (Google),iOS,v2.5.1,Control_A,India
usr_002701,2026-08-02,2026-08-02 13:15:31,Meta Ads (Instagram),iOS,v2.5.1,Variant_B,Canada
usr_002702,2026-08-26,2026-08-26 04:53:43,Paid Search (Google),iOS,v2.5.3,Variant_B,Germany
usr_002703,2026-08-29,2026-08-29 22:08:05,Paid Search (Google),iOS,v2.5.3,Variant_B,Germany
usr_002704,2026-06-11,2026-06-11 10:22:09,Influencer Campaign,Android,v2.5.1,Control_A,United Kingdom
usr_002705,2026-08-15,2026-08-15 20:48:04,Organic Search,iOS,v2.5.2,Variant_B,United Kingdom
usr_002706,2026-06-22,2026-06-22 23:46:45,Referral,iOS,v2.5.3,Control_A,India
usr_002707,2026-06-12,2026-06-12 14:59:27,Paid Search (Google),Android,v2.5.3,Control_A,India
usr_002708,2026-07-02,2026-07-02 19:14:24,Paid Search (Google),Android,v2.5.1,Variant_B,Canada
usr_002709,2026-06-03,2026-06-03 22:17:22,Paid Search (Google),iOS,v2.5.1,Variant_B,Germany
usr_002710,2026-06-12,2026-06-12 08:38:35,Paid Search (Google),iOS,v2.5.1,Control_A,Canada
usr_002711,2026-07-09,2026-07-09 08:16:36,Meta Ads (Instagram),iOS,v2.5.2,Control_A,Germany
usr_002712,2026-06-26,2026-06-26 19:26:43,Paid Search (Google),iOS,v2.5.1,Variant_B,India
usr_002713,2026-06-01,2026-06-01 18:07:05,Meta Ads (Instagram),iOS,v2.5.1,Variant_B,Canada
usr_002714,2026-07-30,2026-07-30 18:18:33,Meta Ads (Instagram),iOS,v2.5.1,Variant_B,United Kingdom
usr_002715,2026-07-15,2026-07-15 09:40:37,Referral,Android,v2.5.1,Variant_B,Germany
usr_002716,2026-07-13,2026-07-13 09:49:44,Paid Search (Google),iOS,v2.5.2,Control_A,India
usr_002717,2026-07-30,2026-07-30 07:10:24,Meta Ads (Instagram),iOS,v2.5.1,Variant_B,United Kingdom
usr_002718,2026-07-20,2026-07-20 17:35:54,Paid Search (Google),iOS,v2.5.2,Variant_B,India
usr_002719,2026-07-29,2026-07-29 08:51:54,Meta Ads (Instagram),Android,v2.5.3,Variant_B,India
usr_002720,2026-08-14,2026-08-14 22:11:28,Meta Ads (Instagram),Android,v2.5.1,Variant_B,United Kingdom
usr_002721,2026-07-03,2026-07-03 02:03:08,Organic Search,Android,v2.5.3,Control_A,India
usr_002722,2026-06-26,2026-06-26 13:56:02,Paid Search (Google),Android,v2.5.2,Variant_B,Germany
usr_002723,2026-07-08,2026-07-08 18:16:58,Paid Search (Google),iOS,v2.5.1,Control_A,Germany
usr_002724,2026-06-30,2026-06-30 01:31:33,Organic Search,iOS,v2.5.1,Variant_B,United Kingdom
usr_002725,2026-06-16,2026-06-16 12:45:46,Meta Ads (Instagram),iOS,v2.5.3,Variant_B,India
usr_002726,2026-07-02,2026-07-02 18:31:08,Referral,iOS,v2.5.1,Variant_B,Germany
usr_002727,2026-06-17,2026-06-17 09:39:30,Referral,Android,v2.5.1,Control_A,United Kingdom
usr_002728,2026-08-05,2026-08-05 17:53:05,Organic Search,Android,v2.5.2,Control_A,United States
usr_002729,2026-06-05,2026-06-05 15:33:41,Meta Ads (Instagram),iOS,v2.5.1,Variant_B,United Kingdom
usr_002730,2026-07-04,2026-07-04 04:12:01,Meta Ads (Instagram),iOS,v2.5.1,Control_A,Canada
usr_002731,2026-08-10,2026-08-10 15:37:19,Paid Search (Google),iOS,v2.5.1,Control_A,Germany
usr_002732,2026-07-02,2026-07-02 06:02:08,Paid Search (Google),Android,v2.5.1,Control_A,United States
usr_002733,2026-06-25,2026-06-25 11:21:56,Meta Ads (Instagram),Web,v3.1.0-web,Control_A,Germany
usr_002734,2026-06-19,2026-06-19 04:41:25,Meta Ads (Instagram),Android,v2.5.2,Variant_B,Germany
usr_002735,2026-08-09,2026-08-09 13:43:02,Organic Search,iOS,v2.5.3,Variant_B,Germany
usr_002736,2026-07-29,2026-07-29 08:13:37,Organic Search,iOS,v2.5.1,Variant_B,Canada
usr_002737,2026-07-29,2026-07-29 05:50:27,Organic Search,Android,v2.5.3,Variant_B,Germany
usr_002738,2026-07-18,2026-07-18 13:19:09,Paid Search (Google),Android,v2.5.3,Variant_B,Canada
usr_002739,2026-07-12,2026-07-12 03:31:59,Paid Search (Google),Android,v2.5.1,Control_A,Canada
usr_002740,2026-07-23,2026-07-23 13:26:59,Meta Ads (Instagram),Android,v2.5.2,Variant_B,United Kingdom
usr_002741,2026-08-27,2026-08-27 07:53:25,Meta Ads (Instagram),Android,v2.5.2,Control_A,United States
usr_002742,2026-07-28,2026-07-28 11:54:52,Referral,Android,v2.5.3,Variant_B,United Kingdom
usr_002743,2026-06-20,2026-06-20 15:40:38,Meta Ads (Instagram),Android,v2.5.2,Control_A,United States
usr_002744,2026-07-19,2026-07-19 13:15:58,Referral,iOS,v2.5.3,Variant_B,India
usr_002745,2026-08-19,2026-08-19 01:51:21,Paid Search (Google),Android,v2.5.3,Variant_B,Germany
usr_002746,2026-08-07,2026-08-07 17:41:20,Meta Ads (Instagram),iOS,v2.5.3,Control_A,India
usr_002747,2026-08-17,2026-08-17 07:04:34,Organic Search,Android,v2.5.1,Variant_B,Canada
usr_002748,2026-08-24,2026-08-24 15:40:22,Meta Ads (Instagram),Android,v2.5.3,Control_A,Canada
usr_002749,2026-08-03,2026-08-03 20:12:22,Organic Search,iOS,v2.5.2,Variant_B,United Kingdom
usr_002750,2026-06-30,2026-06-30 04:29:38,Meta Ads (Instagram),iOS,v2.5.1,Variant_B,United Kingdom
usr_002751,2026-06-27,2026-06-27 07:17:46,Meta Ads (Instagram),Android,v2.5.2,Control_A,Germany
usr_002752,2026-06-15,2026-06-15 08:38:34,Organic Search,Android,v2.5.1,Control_A,India
usr_002753,2026-06-07,2026-06-07 11:40:25,Meta Ads (Instagram),iOS,v2.5.2,Variant_B,Germany
usr_002754,2026-06-22,2026-06-22 07:27:01,Meta Ads (Instagram),Android,v2.5.3,Control_A,Canada
usr_002755,2026-07-01,2026-07-01 22:37:44,Referral,iOS,v2.5.3,Control_A,United Kingdom
usr_002756,2026-08-14,2026-08-14 18:33:28,Organic Search,Android,v2.5.2,Control_A,United Kingdom
usr_002757,2026-08-07,2026-08-07 20:12:26,Meta Ads (Instagram),Android,v2.5.2,Control_A,Canada
usr_002758,2026-07-13,2026-07-13 03:14:31,Referral,Android,v2.5.1,Variant_B,United States
usr_002759,2026-07-30,2026-07-30 07:40:05,Organic Search,iOS,v2.5.1,Variant_B,United States
usr_002760,2026-06-23,2026-06-23 18:40:20,Organic Search,Web,v3.1.0-web,Variant_B,Germany
usr_002761,2026-07-20,2026-07-20 12:53:44,Meta Ads (Instagram),Android,v2.5.2,Variant_B,India
usr_002762,2026-06-17,2026-06-17 07:17:52,Meta Ads (Instagram),Android,v2.5.3,Variant_B,Canada
usr_002763,2026-08-16,2026-08-16 18:40:09,Paid Search (Google),Android,v2.5.2,Control_A,United Kingdom
usr_002764,2026-07-22,2026-07-22 01:07:29,Meta Ads (Instagram),iOS,v2.5.3,Variant_B,Canada
usr_002765,2026-08-09,2026-08-09 09:26:14,Meta Ads (Instagram),Android,v2.5.2,Variant_B,Germany
usr_002766,2026-07-14,2026-07-14 04:54:33,Organic Search,Android,v2.5.3,Control_A,Germany
usr_002767,2026-06-24,2026-06-24 09:04:45,Meta Ads (Instagram),iOS,v2.5.3,Variant_B,Canada
usr_002768,2026-06-11,2026-06-11 16:00:24,Influencer Campaign,iOS,v2.5.2,Control_A,United Kingdom
usr_002769,2026-06-24,2026-06-24 14:34:25,Organic Search,iOS,v2.5.1,Variant_B,United States
usr_002770,2026-07-16,2026-07-16 00:21:44,Paid Search (Google),Android,v2.5.1,Variant_B,India
usr_002771,2026-07-31,2026-07-31 00:04:35,Paid Search (Google),Android,v2.5.2,Control_A,Germany
usr_002772,2026-08-29,2026-08-29 01:15:12,Meta Ads (Instagram),iOS,v2.5.3,Variant_B,United Kingdom
usr_002773,2026-06-26,2026-06-26 20:42:13,Organic Search,Android,v2.5.3,Control_A,Germany
usr_002774,2026-07-07,2026-07-07 09:09:47,Paid Search (Google),Android,v2.5.2,Variant_B,United States
usr_002775,2026-07-13,2026-07-13 16:01:15,Influencer Campaign,Android,v2.5.3,Control_A,Germany
usr_002776,2026-08-23,2026-08-23 07:53:50,Referral,iOS,v2.5.3,Variant_B,Germany
usr_002777,2026-07-21,2026-07-21 10:23:38,Referral,Android,v2.5.2,Control_A,Germany
usr_002778,2026-08-05,2026-08-05 04:40:00,Organic Search,Android,v2.5.1,Control_A,United States
usr_002779,2026-07-12,2026-07-12 00:52:21,Meta Ads (Instagram),Android,v2.5.2,Variant_B,Germany
usr_002780,2026-08-29,2026-08-29 13:29:17,Meta Ads (Instagram),iOS,v2.5.2,Variant_B,India
usr_002781,2026-08-10,2026-08-10 19:45:36,Referral,Web,v3.1.0-web,Control_A,India
usr_002782,2026-08-25,2026-08-25 04:55:29,Paid Search (Google),iOS,v2.5.2,Variant_B,India
usr_002783,2026-08-04,2026-08-04 23:12:12,Influencer Campaign,Android,v2.5.1,Variant_B,United Kingdom
usr_002784,2026-07-15,2026-07-15 11:26:07,Meta Ads (Instagram),iOS,v2.5.3,Control_A,United Kingdom
usr_002785,2026-07-19,2026-07-19 06:50:12,Influencer Campaign,Web,v3.1.0-web,Variant_B,United Kingdom
usr_002786,2026-07-06,2026-07-06 19:22:26,Meta Ads (Instagram),Web,v3.1.0-web,Control_A,Germany
usr_002787,2026-08-23,2026-08-23 10:38:06,Referral,iOS,v2.5.2,Control_A,India
usr_002788,2026-07-08,2026-07-08 22:48:50,Meta Ads (Instagram),Android,v2.5.2,Variant_B,Germany
usr_002789,2026-08-29,2026-08-29 13:24:30,Meta Ads (Instagram),Android,v2.5.1,Control_A,Canada
usr_002790,2026-07-01,2026-07-01 03:00:26,Paid Search (Google),Web,v3.1.0-web,Control_A,United States
usr_002791,2026-06-17,2026-06-17 06:55:41,Organic Search,iOS,v2.5.3,Variant_B,United Kingdom
usr_002792,2026-06-05,2026-06-05 04:40:15,Paid Search (Google),iOS,v2.5.3,Control_A,Germany
usr_002793,2026-08-18,2026-08-18 10:25:24,Paid Search (Google),iOS,v2.5.2,Control_A,India
usr_002794,2026-08-22,2026-08-22 08:58:24,Referral,iOS,v2.5.1,Control_A,India
usr_002795,2026-07-23,2026-07-23 06:12:53,Organic Search,iOS,v2.5.2,Control_A,United States
usr_002796,2026-08-07,2026-08-07 09:50:20,Meta Ads (Instagram),Android,v2.5.2,Control_A,Germany
usr_002797,2026-08-01,2026-08-01 18:52:02,Meta Ads (Instagram),iOS,v2.5.2,Variant_B,United Kingdom
usr_002798,2026-07-22,2026-07-22 15:22:07,Meta Ads (Instagram),Android,v2.5.2,Control_A,Germany
usr_002799,2026-08-08,2026-08-08 23:47:44,Influencer Campaign,Android,v2.5.3,Variant_B,Canada
usr_002800,2026-07-07,2026-07-07 13:17:37,Referral,iOS,v2.5.3,Control_A,India
usr_002801,2026-07-05,2026-07-05 12:00:31,Paid Search (Google),iOS,v2.5.1,Variant_B,United Kingdom
usr_002802,2026-07-30,2026-07-30 15:11:27,Organic Search,iOS,v2.5.2,Variant_B,United States
usr_002803,2026-06-07,2026-06-07 22:49:39,Meta Ads (Instagram),iOS,v2.5.1,Control_A,India
usr_002804,2026-06-16,2026-06-16 22:45:39,Paid Search (Google),iOS,v2.5.1,Control_A,Germany
usr_002805,2026-08-11,2026-08-11 05:31:00,Paid Search (Google),Android,v2.5.3,Control_A,United States
usr_002806,2026-07-14,2026-07-14 22:47:35,Meta Ads (Instagram),Android,v2.5.2,Variant_B,United Kingdom
usr_002807,2026-07-18,2026-07-18 17:20:24,Paid Search (Google),Android,v2.5.2,Control_A,Germany
usr_002808,2026-08-10,2026-08-10 00:10:19,Paid Search (Google),iOS,v2.5.3,Variant_B,United Kingdom
usr_002809,2026-07-25,2026-07-25 01:22:46,Influencer Campaign,Web,v3.1.0-web,Variant_B,United Kingdom
usr_002810,2026-06-09,2026-06-09 11:35:52,Organic Search,Android,v2.5.3,Control_A,United Kingdom
usr_002811,2026-07-09,2026-07-09 11:23:42,Meta Ads (Instagram),iOS,v2.5.2,Control_A,Germany
usr_002812,2026-06-18,2026-06-18 20:09:29,Meta Ads (Instagram),iOS,v2.5.1,Variant_B,Germany
usr_002813,2026-07-19,2026-07-19 01:44:45,Paid Search (Google),iOS,v2.5.3,Control_A,United States
usr_002814,2026-07-09,2026-07-09 01:07:56,Meta Ads (Instagram),iOS,v2.5.3,Control_A,United Kingdom
usr_002815,2026-07-04,2026-07-04 20:31:32,Referral,iOS,v2.5.1,Variant_B,Canada
usr_002816,2026-07-04,2026-07-04 14:19:53,Paid Search (Google),Android,v2.5.1,Control_A,India
usr_002817,2026-08-07,2026-08-07 16:06:31,Organic Search,iOS,v2.5.2,Control_A,United States
usr_002818,2026-08-09,2026-08-09 06:32:15,Paid Search (Google),Web,v3.1.0-web,Control_A,Germany
usr_002819,2026-08-03,2026-08-03 11:59:11,Meta Ads (Instagram),iOS,v2.5.2,Control_A,Canada
usr_002820,2026-08-06,2026-08-06 16:31:29,Meta Ads (Instagram),iOS,v2.5.1,Control_A,India
usr_002821,2026-07-18,2026-07-18 07:50:08,Organic Search,Android,v2.5.3,Variant_B,India
usr_002822,2026-07-18,2026-07-18 03:06:04,Paid Search (Google),iOS,v2.5.2,Control_A,Canada
usr_002823,2026-06-28,2026-06-28 04:40:59,Paid Search (Google),Android,v2.5.1,Control_A,Germany
usr_002824,2026-07-22,2026-07-22 13:44:23,Paid Search (Google),iOS,v2.5.1,Control_A,Germany
usr_002825,2026-06-10,2026-06-10 13:41:56,Paid Search (Google),Android,v2.5.2,Control_A,United States
usr_002826,2026-07-17,2026-07-17 15:18:54,Referral,iOS,v2.5.1,Variant_B,India
usr_002827,2026-07-19,2026-07-19 13:47:28,Meta Ads (Instagram),iOS,v2.5.1,Control_A,United States
usr_002828,2026-07-22,2026-07-22 03:37:20,Organic Search,Web,v3.1.0-web,Variant_B,United Kingdom
usr_002829,2026-08-15,2026-08-15 22:22:45,Meta Ads (Instagram),iOS,v2.5.2,Control_A,United Kingdom
usr_002830,2026-07-03,2026-07-03 12:40:40,Meta Ads (Instagram),Android,v2.5.3,Control_A,Canada
usr_002831,2026-08-20,2026-08-20 04:37:29,Influencer Campaign,iOS,v2.5.1,Control_A,Germany
usr_002832,2026-08-23,2026-08-23 09:10:53,Paid Search (Google),Android,v2.5.2,Variant_B,India
usr_002833,2026-07-01,2026-07-01 12:17:55,Meta Ads (Instagram),Android,v2.5.2,Control_A,Canada
usr_002834,2026-07-16,2026-07-16 09:27:58,Referral,iOS,v2.5.3,Control_A,United Kingdom
usr_002835,2026-08-18,2026-08-18 08:58:39,Paid Search (Google),iOS,v2.5.3,Variant_B,Germany
usr_002836,2026-07-06,2026-07-06 11:07:25,Meta Ads (Instagram),Android,v2.5.3,Control_A,Germany
usr_002837,2026-07-14,2026-07-14 22:51:30,Meta Ads (Instagram),iOS,v2.5.3,Variant_B,Germany
usr_002838,2026-07-01,2026-07-01 22:33:19,Referral,Android,v2.5.3,Control_A,United Kingdom
usr_002839,2026-06-30,2026-06-30 16:03:26,Meta Ads (Instagram),iOS,v2.5.1,Control_A,Germany
usr_002840,2026-07-24,2026-07-24 01:05:08,Meta Ads (Instagram),Android,v2.5.3,Variant_B,United States
usr_002841,2026-07-27,2026-07-27 08:19:25,Organic Search,iOS,v2.5.3,Control_A,United Kingdom
usr_002842,2026-07-07,2026-07-07 01:32:47,Organic Search,iOS,v2.5.3,Variant_B,Canada
usr_002843,2026-08-19,2026-08-19 01:49:04,Meta Ads (Instagram),Web,v3.1.0-web,Variant_B,India
usr_002844,2026-08-03,2026-08-03 21:11:49,Meta Ads (Instagram),Android,v2.5.2,Control_A,United States
usr_002845,2026-06-11,2026-06-11 03:54:01,Paid Search (Google),iOS,v2.5.2,Control_A,Canada
usr_002846,2026-06-03,2026-06-03 09:48:24,Meta Ads (Instagram),Android,v2.5.2,Variant_B,United States
usr_002847,2026-07-12,2026-07-12 06:33:01,Paid Search (Google),iOS,v2.5.1,Variant_B,Germany
usr_002848,2026-06-25,2026-06-25 17:12:40,Meta Ads (Instagram),iOS,v2.5.2,Variant_B,Canada
usr_002849,2026-07-25,2026-07-25 17:30:29,Meta Ads (Instagram),iOS,v2.5.2,Variant_B,India
usr_002850,2026-07-24,2026-07-24 07:36:54,Meta Ads (Instagram),iOS,v2.5.2,Variant_B,Germany
usr_002851,2026-07-21,2026-07-21 02:42:05,Organic Search,Android,v2.5.2,Control_A,United Kingdom
usr_002852,2026-07-20,2026-07-20 08:14:15,Referral,iOS,v2.5.2,Control_A,Germany
usr_002853,2026-07-17,2026-07-17 23:04:42,Paid Search (Google),iOS,v2.5.2,Variant_B,Canada
usr_002854,2026-07-05,2026-07-05 08:32:36,Meta Ads (Instagram),Android,v2.5.2,Variant_B,Canada
usr_002855,2026-06-03,2026-06-03 12:58:07,Influencer Campaign,iOS,v2.5.2,Control_A,United Kingdom
usr_002856,2026-08-29,2026-08-29 08:25:01,Paid Search (Google),Android,v2.5.3,Variant_B,Germany
usr_002857,2026-08-22,2026-08-22 20:38:09,Paid Search (Google),Android,v2.5.3,Control_A,United States
usr_002858,2026-08-22,2026-08-22 22:04:03,Organic Search,iOS,v2.5.3,Variant_B,United Kingdom
usr_002859,2026-08-18,2026-08-18 09:01:17,Meta Ads (Instagram),Android,v2.5.1,Variant_B,India
usr_002860,2026-06-24,2026-06-24 08:59:20,Referral,Android,v2.5.1,Variant_B,United States
usr_002861,2026-08-26,2026-08-26 20:58:53,Paid Search (Google),iOS,v2.5.3,Control_A,United States
usr_002862,2026-07-12,2026-07-12 22:37:33,Meta Ads (Instagram),iOS,v2.5.3,Variant_B,United Kingdom
usr_002863,2026-08-27,2026-08-27 14:32:13,Meta Ads (Instagram),Web,v3.1.0-web,Variant_B,United Kingdom
usr_002864,2026-08-12,2026-08-12 00:34:03,Organic Search,iOS,v2.5.1,Variant_B,United States
usr_002865,2026-07-30,2026-07-30 12:58:57,Meta Ads (Instagram),iOS,v2.5.3,Control_A,United Kingdom
usr_002866,2026-07-28,2026-07-28 17:42:19,Meta Ads (Instagram),iOS,v2.5.3,Variant_B,India
usr_002867,2026-06-02,2026-06-02 14:44:43,Meta Ads (Instagram),Android,v2.5.3,Variant_B,Canada
usr_002868,2026-08-21,2026-08-21 01:48:03,Paid Search (Google),iOS,v2.5.1,Control_A,United States
usr_002869,2026-08-20,2026-08-20 12:43:03,Organic Search,Web,v3.1.0-web,Variant_B,India
usr_002870,2026-06-03,2026-06-03 17:28:52,Influencer Campaign,Android,v2.5.3,Variant_B,United States
usr_002871,2026-06-15,2026-06-15 06:56:30,Referral,Web,v3.1.0-web,Control_A,Germany
usr_002872,2026-08-22,2026-08-22 06:44:34,Meta Ads (Instagram),iOS,v2.5.1,Variant_B,United Kingdom
usr_002873,2026-06-10,2026-06-10 10:28:56,Referral,iOS,v2.5.1,Variant_B,United States
usr_002874,2026-06-25,2026-06-25 11:49:58,Influencer Campaign,Android,v2.5.2,Control_A,Canada
usr_002875,2026-08-06,2026-08-06 05:40:03,Paid Search (Google),Android,v2.5.1,Variant_B,Canada
usr_002876,2026-08-16,2026-08-16 17:50:49,Meta Ads (Instagram),iOS,v2.5.2,Variant_B,India
usr_002877,2026-06-17,2026-06-17 03:17:26,Referral,iOS,v2.5.3,Variant_B,Canada
usr_002878,2026-06-02,2026-06-02 22:16:39,Meta Ads (Instagram),iOS,v2.5.1,Variant_B,Canada
usr_002879,2026-08-12,2026-08-12 01:51:01,Organic Search,Android,v2.5.1,Control_A,Germany
usr_002880,2026-06-24,2026-06-24 10:18:56,Paid Search (Google),Android,v2.5.3,Control_A,India
usr_002881,2026-07-03,2026-07-03 07:24:51,Meta Ads (Instagram),iOS,v2.5.2,Control_A,Germany
usr_002882,2026-07-03,2026-07-03 04:33:06,Paid Search (Google),iOS,v2.5.1,Variant_B,Germany
usr_002883,2026-07-09,2026-07-09 03:23:13,Meta Ads (Instagram),iOS,v2.5.3,Control_A,India
usr_002884,2026-07-14,2026-07-14 01:24:15,Referral,Web,v3.1.0-web,Control_A,Germany
usr_002885,2026-06-24,2026-06-24 08:56:42,Influencer Campaign,Android,v2.5.2,Control_A,Germany
usr_002886,2026-06-08,2026-06-08 09:09:51,Organic Search,iOS,v2.5.3,Control_A,India
usr_002887,2026-06-05,2026-06-05 22:07:03,Referral,Android,v2.5.3,Variant_B,United States
usr_002888,2026-06-11,2026-06-11 10:06:19,Paid Search (Google),iOS,v2.5.3,Control_A,Canada
usr_002889,2026-08-03,2026-08-03 04:26:46,Referral,Android,v2.5.2,Control_A,United Kingdom
usr_002890,2026-06-28,2026-06-28 09:46:15,Paid Search (Google),Android,v2.5.2,Variant_B,United Kingdom
usr_002891,2026-08-08,2026-08-08 04:27:55,Referral,Android,v2.5.1,Control_A,Canada
usr_002892,2026-08-05,2026-08-05 18:49:25,Meta Ads (Instagram),Android,v2.5.1,Control_A,Germany
usr_002893,2026-08-23,2026-08-23 06:04:07,Organic Search,Android,v2.5.2,Variant_B,India
usr_002894,2026-07-05,2026-07-05 20:54:57,Referral,iOS,v2.5.1,Variant_B,United States
usr_002895,2026-06-30,2026-06-30 18:21:03,Paid Search (Google),Android,v2.5.1,Variant_B,Canada
usr_002896,2026-07-24,2026-07-24 21:14:25,Meta Ads (Instagram),Android,v2.5.1,Variant_B,Canada
usr_002897,2026-07-05,2026-07-05 15:32:02,Meta Ads (Instagram),Android,v2.5.1,Variant_B,United Kingdom
usr_002898,2026-08-15,2026-08-15 18:55:10,Meta Ads (Instagram),Android,v2.5.1,Variant_B,India
usr_002899,2026-07-19,2026-07-19 21:41:38,Referral,Web,v3.1.0-web,Variant_B,Germany
usr_002900,2026-08-01,2026-08-01 23:57:37,Paid Search (Google),iOS,v2.5.1,Control_A,Germany
usr_002901,2026-06-26,2026-06-26 14:16:26,Meta Ads (Instagram),iOS,v2.5.3,Variant_B,United Kingdom
usr_002902,2026-08-23,2026-08-23 18:25:42,Meta Ads (Instagram),Android,v2.5.2,Variant_B,Canada
usr_002903,2026-08-02,2026-08-02 22:43:46,Paid Search (Google),Android,v2.5.2,Variant_B,India
usr_002904,2026-08-17,2026-08-17 22:17:02,Organic Search,Android,v2.5.1,Variant_B,United Kingdom
usr_002905,2026-07-09,2026-07-09 22:26:00,Influencer Campaign,iOS,v2.5.2,Control_A,Germany
usr_002906,2026-07-22,2026-07-22 23:56:45,Meta Ads (Instagram),iOS,v2.5.1,Variant_B,United States
usr_002907,2026-06-14,2026-06-14 12:03:57,Meta Ads (Instagram),iOS,v2.5.2,Variant_B,Germany
usr_002908,2026-06-12,2026-06-12 21:06:14,Paid Search (Google),Android,v2.5.2,Control_A,United States
usr_002909,2026-06-24,2026-06-24 16:00:56,Meta Ads (Instagram),iOS,v2.5.2,Variant_B,Canada
usr_002910,2026-06-25,2026-06-25 02:51:40,Meta Ads (Instagram),Android,v2.5.1,Control_A,United Kingdom
usr_002911,2026-07-19,2026-07-19 11:50:57,Paid Search (Google),Android,v2.5.3,Control_A,United States
usr_002912,2026-08-17,2026-08-17 07:34:53,Meta Ads (Instagram),Web,v3.1.0-web,Variant_B,Canada
usr_002913,2026-08-19,2026-08-19 00:12:10,Paid Search (Google),iOS,v2.5.1,Variant_B,India
usr_002914,2026-08-10,2026-08-10 01:26:50,Meta Ads (Instagram),Android,v2.5.1,Variant_B,United States
usr_002915,2026-07-28,2026-07-28 03:18:19,Influencer Campaign,Android,v2.5.1,Control_A,United Kingdom
usr_002916,2026-07-12,2026-07-12 01:23:58,Referral,Android,v2.5.1,Control_A,United States
usr_002917,2026-08-24,2026-08-24 06:58:51,Paid Search (Google),Android,v2.5.3,Control_A,Germany
usr_002918,2026-08-18,2026-08-18 07:51:12,Meta Ads (Instagram),Android,v2.5.1,Control_A,United Kingdom
usr_002919,2026-07-10,2026-07-10 13:04:07,Meta Ads (Instagram),Android,v2.5.1,Variant_B,Germany
usr_002920,2026-08-28,2026-08-28 19:10:21,Paid Search (Google),iOS,v2.5.1,Control_A,India
usr_002921,2026-06-10,2026-06-10 18:37:13,Meta Ads (Instagram),iOS,v2.5.1,Control_A,United States
usr_002922,2026-07-28,2026-07-28 06:44:07,Influencer Campaign,iOS,v2.5.2,Variant_B,Canada
usr_002923,2026-06-02,2026-06-02 19:07:45,Organic Search,iOS,v2.5.1,Variant_B,United Kingdom
usr_002924,2026-07-27,2026-07-27 12:45:02,Meta Ads (Instagram),Web,v3.1.0-web,Variant_B,Germany
usr_002925,2026-07-22,2026-07-22 19:13:12,Paid Search (Google),iOS,v2.5.1,Control_A,United Kingdom
usr_002926,2026-07-25,2026-07-25 02:51:52,Organic Search,iOS,v2.5.3,Control_A,United States
usr_002927,2026-07-16,2026-07-16 05:20:01,Influencer Campaign,Web,v3.1.0-web,Control_A,India
usr_002928,2026-07-29,2026-07-29 15:14:35,Meta Ads (Instagram),iOS,v2.5.1,Variant_B,Germany
usr_002929,2026-08-16,2026-08-16 14:25:38,Influencer Campaign,Android,v2.5.2,Control_A,United States
usr_002930,2026-06-16,2026-06-16 03:34:59,Referral,Android,v2.5.3,Control_A,United Kingdom
usr_002931,2026-07-31,2026-07-31 14:32:49,Meta Ads (Instagram),iOS,v2.5.1,Control_A,India
usr_002932,2026-08-26,2026-08-26 21:31:19,Organic Search,iOS,v2.5.3,Variant_B,United States
usr_002933,2026-08-05,2026-08-05 09:30:06,Organic Search,iOS,v2.5.3,Variant_B,India
usr_002934,2026-07-30,2026-07-30 15:49:11,Organic Search,Web,v3.1.0-web,Control_A,United Kingdom
usr_002935,2026-07-04,2026-07-04 10:01:21,Paid Search (Google),iOS,v2.5.3,Variant_B,United Kingdom
usr_002936,2026-07-04,2026-07-04 12:50:30,Organic Search,Android,v2.5.3,Variant_B,United States
usr_002937,2026-08-10,2026-08-10 23:33:50,Organic Search,Web,v3.1.0-web,Control_A,Canada
usr_002938,2026-07-13,2026-07-13 12:32:45,Meta Ads (Instagram),iOS,v2.5.1,Control_A,United Kingdom
usr_002939,2026-06-22,2026-06-22 20:43:09,Referral,iOS,v2.5.2,Control_A,India
usr_002940,2026-07-07,2026-07-07 22:42:59,Meta Ads (Instagram),iOS,v2.5.1,Variant_B,United States
usr_002941,2026-06-28,2026-06-28 23:32:39,Meta Ads (Instagram),iOS,v2.5.3,Control_A,India
usr_002942,2026-06-19,2026-06-19 20:11:54,Organic Search,Android,v2.5.1,Control_A,United States
usr_002943,2026-06-22,2026-06-22 23:53:14,Meta Ads (Instagram),iOS,v2.5.2,Variant_B,United Kingdom
usr_002944,2026-08-24,2026-08-24 11:10:39,Paid Search (Google),iOS,v2.5.2,Variant_B,United States
usr_002945,2026-08-29,2026-08-29 14:43:51,Meta Ads (Instagram),iOS,v2.5.2,Control_A,India
usr_002946,2026-06-18,2026-06-18 11:09:17,Referral,Android,v2.5.3,Variant_B,United Kingdom
usr_002947,2026-06-23,2026-06-23 01:47:52,Meta Ads (Instagram),iOS,v2.5.2,Variant_B,United Kingdom
usr_002948,2026-06-09,2026-06-09 13:18:31,Paid Search (Google),Android,v2.5.1,Control_A,United Kingdom
usr_002949,2026-07-04,2026-07-04 09:45:02,Referral,Android,v2.5.1,Control_A,United States
usr_002950,2026-07-05,2026-07-05 15:39:54,Referral,iOS,v2.5.1,Control_A,Canada
usr_002951,2026-06-27,2026-06-27 02:20:07,Paid Search (Google),Android,v2.5.1,Control_A,Canada
usr_002952,2026-06-03,2026-06-03 16:02:06,Influencer Campaign,iOS,v2.5.3,Control_A,Canada
usr_002953,2026-08-10,2026-08-10 04:15:46,Paid Search (Google),Android,v2.5.2,Variant_B,India
usr_002954,2026-08-18,2026-08-18 04:39:46,Paid Search (Google),Android,v2.5.2,Control_A,United States
usr_002955,2026-06-13,2026-06-13 05:52:30,Organic Search,Android,v2.5.2,Control_A,United Kingdom
usr_002956,2026-08-28,2026-08-28 06:41:58,Meta Ads (Instagram),Android,v2.5.3,Control_A,United States
usr_002957,2026-07-09,2026-07-09 12:33:16,Paid Search (Google),iOS,v2.5.3,Control_A,United States
usr_002958,2026-08-25,2026-08-25 06:14:48,Organic Search,Web,v3.1.0-web,Variant_B,Canada
usr_002959,2026-06-15,2026-06-15 17:16:30,Organic Search,Android,v2.5.1,Variant_B,United Kingdom
usr_002960,2026-08-03,2026-08-03 15:54:05,Meta Ads (Instagram),iOS,v2.5.1,Control_A,Germany
usr_002961,2026-07-17,2026-07-17 11:51:41,Meta Ads (Instagram),iOS,v2.5.1,Control_A,United Kingdom
usr_002962,2026-06-03,2026-06-03 06:10:30,Organic Search,Android,v2.5.2,Control_A,United States
usr_002963,2026-06-05,2026-06-05 12:37:09,Meta Ads (Instagram),iOS,v2.5.3,Variant_B,India
usr_002964,2026-07-20,2026-07-20 01:45:24,Meta Ads (Instagram),iOS,v2.5.3,Control_A,United States
usr_002965,2026-08-10,2026-08-10 10:23:40,Meta Ads (Instagram),iOS,v2.5.3,Control_A,India
usr_002966,2026-07-08,2026-07-08 04:53:35,Organic Search,iOS,v2.5.2,Control_A,Canada
usr_002967,2026-06-27,2026-06-27 08:13:07,Organic Search,iOS,v2.5.2,Variant_B,India
usr_002968,2026-08-02,2026-08-02 14:08:35,Organic Search,Android,v2.5.1,Variant_B,Germany
usr_002969,2026-08-12,2026-08-12 08:15:08,Meta Ads (Instagram),Android,v2.5.2,Variant_B,Canada
usr_002970,2026-07-03,2026-07-03 23:25:53,Organic Search,Android,v2.5.3,Variant_B,United States
usr_002971,2026-08-25,2026-08-25 15:42:53,Meta Ads (Instagram),iOS,v2.5.1,Control_A,Canada
usr_002972,2026-06-09,2026-06-09 19:32:30,Paid Search (Google),Web,v3.1.0-web,Control_A,Germany
usr_002973,2026-08-01,2026-08-01 10:09:05,Meta Ads (Instagram),iOS,v2.5.1,Variant_B,United States
usr_002974,2026-08-04,2026-08-04 19:48:52,Meta Ads (Instagram),iOS,v2.5.1,Control_A,India
usr_002975,2026-06-01,2026-06-01 03:54:03,Organic Search,iOS,v2.5.1,Control_A,United Kingdom
usr_002976,2026-08-03,2026-08-03 02:51:32,Paid Search (Google),iOS,v2.5.3,Control_A,United Kingdom
usr_002977,2026-07-06,2026-07-06 22:44:02,Paid Search (Google),Android,v2.5.1,Variant_B,United Kingdom
usr_002978,2026-07-06,2026-07-06 18:02:06,Paid Search (Google),Android,v2.5.1,Variant_B,Germany
usr_002979,2026-08-25,2026-08-25 14:45:16,Meta Ads (Instagram),iOS,v2.5.1,Variant_B,Canada
usr_002980,2026-06-14,2026-06-14 04:20:54,Influencer Campaign,iOS,v2.5.1,Variant_B,United Kingdom
usr_002981,2026-07-13,2026-07-13 22:39:53,Organic Search,iOS,v2.5.2,Variant_B,United Kingdom
usr_002982,2026-07-03,2026-07-03 14:40:41,Meta Ads (Instagram),iOS,v2.5.1,Variant_B,Canada
usr_002983,2026-07-30,2026-07-30 02:54:52,Referral,Web,v3.1.0-web,Control_A,United States
usr_002984,2026-07-30,2026-07-30 02:29:47,Paid Search (Google),iOS,v2.5.3,Variant_B,Canada
usr_002985,2026-06-01,2026-06-01 04:03:51,Referral,iOS,v2.5.2,Control_A,Germany
usr_002986,2026-08-23,2026-08-23 02:27:52,Referral,iOS,v2.5.1,Variant_B,Canada
usr_002987,2026-07-25,2026-07-25 11:35:07,Organic Search,iOS,v2.5.2,Control_A,India
usr_002988,2026-06-17,2026-06-17 18:59:46,Influencer Campaign,Web,v3.1.0-web,Variant_B,United Kingdom
usr_002989,2026-08-16,2026-08-16 21:54:45,Meta Ads (Instagram),iOS,v2.5.2,Variant_B,United States
usr_002990,2026-06-13,2026-06-13 16:47:16,Organic Search,iOS,v2.5.2,Control_A,United States
usr_002991,2026-06-24,2026-06-24 04:53:29,Paid Search (Google),Android,v2.5.3,Variant_B,United States
usr_002992,2026-07-14,2026-07-14 20:08:08,Paid Search (Google),Android,v2.5.2,Control_A,United States
usr_002993,2026-08-27,2026-08-27 20:20:56,Influencer Campaign,Android,v2.5.2,Variant_B,Germany
usr_002994,2026-07-07,2026-07-07 01:34:01,Paid Search (Google),iOS,v2.5.3,Variant_B,India
usr_002995,2026-07-26,2026-07-26 08:27:38,Meta Ads (Instagram),iOS,v2.5.2,Control_A,United States
usr_002996,2026-08-20,2026-08-20 00:10:27,Influencer Campaign,iOS,v2.5.2,Variant_B,India
usr_002997,2026-08-07,2026-08-07 07:11:45,Referral,Web,v3.1.0-web,Control_A,India
usr_002998,2026-07-12,2026-07-12 14:27:21,Paid Search (Google),Android,v2.5.3,Variant_B,Canada
usr_002999,2026-07-29,2026-07-29 16:19:48,Paid Search (Google),iOS,v2.5.3,Variant_B,Canada
usr_003000,2026-07-16,2026-07-16 17:56:07,Influencer Campaign,Android,v2.5.3,Control_A,United States
usr_003001,2026-07-02,2026-07-02 04:51:31,Paid Search (Google),Android,v2.5.3,Control_A,Canada
usr_003002,2026-07-31,2026-07-31 18:20:44,Meta Ads (Instagram),iOS,v2.5.1,Variant_B,Germany
usr_003003,2026-06-17,2026-06-17 11:09:45,Meta Ads (Instagram),iOS,v2.5.1,Control_A,Canada
usr_003004,2026-07-02,2026-07-02 08:37:01,Paid Search (Google),Android,v2.5.1,Control_A,Canada
usr_003005,2026-08-17,2026-08-17 02:08:03,Meta Ads (Instagram),Android,v2.5.3,Control_A,India
usr_003006,2026-07-07,2026-07-07 18:23:25,Referral,Android,v2.5.2,Variant_B,Canada
usr_003007,2026-08-27,2026-08-27 14:51:05,Paid Search (Google),Android,v2.5.2,Control_A,Germany
usr_003008,2026-06-14,2026-06-14 15:24:05,Organic Search,iOS,v2.5.3,Control_A,Germany
usr_003009,2026-08-09,2026-08-09 02:27:50,Influencer Campaign,Android,v2.5.2,Variant_B,Canada
usr_003010,2026-06-24,2026-06-24 22:25:35,Paid Search (Google),iOS,v2.5.2,Control_A,Germany
usr_003011,2026-08-20,2026-08-20 18:40:00,Paid Search (Google),iOS,v2.5.2,Variant_B,United Kingdom
usr_003012,2026-08-12,2026-08-12 07:09:32,Organic Search,iOS,v2.5.1,Variant_B,Canada
usr_003013,2026-07-01,2026-07-01 03:37:44,Paid Search (Google),iOS,v2.5.2,Control_A,United Kingdom
usr_003014,2026-07-17,2026-07-17 13:07:50,Organic Search,Android,v2.5.3,Variant_B,United Kingdom
usr_003015,2026-06-14,2026-06-14 18:39:49,Paid Search (Google),Android,v2.5.2,Variant_B,India
usr_003016,2026-07-15,2026-07-15 17:15:50,Paid Search (Google),iOS,v2.5.3,Control_A,United States
usr_003017,2026-06-25,2026-06-25 03:12:52,Paid Search (Google),Android,v2.5.1,Variant_B,United States
usr_003018,2026-07-10,2026-07-10 23:42:42,Organic Search,iOS,v2.5.1,Control_A,Germany
usr_003019,2026-06-02,2026-06-02 12:39:18,Meta Ads (Instagram),iOS,v2.5.2,Variant_B,Canada
usr_003020,2026-06-21,2026-06-21 16:11:20,Influencer Campaign,iOS,v2.5.2,Variant_B,Canada
usr_003021,2026-07-03,2026-07-03 06:15:33,Organic Search,iOS,v2.5.1,Control_A,Canada
usr_003022,2026-07-28,2026-07-28 19:06:26,Referral,Android,v2.5.3,Variant_B,Canada
usr_003023,2026-07-02,2026-07-02 23:59:23,Paid Search (Google),iOS,v2.5.2,Variant_B,United States
usr_003024,2026-08-20,2026-08-20 02:59:12,Meta Ads (Instagram),Web,v3.1.0-web,Control_A,Canada
usr_003025,2026-08-12,2026-08-12 16:27:51,Meta Ads (Instagram),Android,v2.5.1,Control_A,Germany
usr_003026,2026-06-18,2026-06-18 12:46:50,Referral,iOS,v2.5.1,Variant_B,United States
usr_003027,2026-08-03,2026-08-03 16:58:50,Organic Search,Android,v2.5.3,Control_A,India
usr_003028,2026-06-04,2026-06-04 18:25:31,Meta Ads (Instagram),Android,v2.5.1,Control_A,United States
usr_003029,2026-07-06,2026-07-06 18:18:53,Influencer Campaign,Android,v2.5.2,Control_A,Germany
usr_003030,2026-06-14,2026-06-14 08:58:34,Referral,Android,v2.5.1,Control_A,United Kingdom
usr_003031,2026-07-31,2026-07-31 23:58:22,Meta Ads (Instagram),iOS,v2.5.3,Variant_B,India
usr_003032,2026-07-04,2026-07-04 16:20:26,Organic Search,Android,v2.5.2,Variant_B,United States
usr_003033,2026-08-09,2026-08-09 19:43:38,Meta Ads (Instagram),Android,v2.5.1,Variant_B,United States
usr_003034,2026-07-03,2026-07-03 11:53:06,Meta Ads (Instagram),Web,v3.1.0-web,Variant_B,United Kingdom
usr_003035,2026-07-16,2026-07-16 03:01:38,Organic Search,Android,v2.5.3,Control_A,India
usr_003036,2026-07-31,2026-07-31 14:42:42,Paid Search (Google),Android,v2.5.1,Control_A,United Kingdom
usr_003037,2026-07-08,2026-07-08 16:01:44,Paid Search (Google),Android,v2.5.2,Control_A,India
usr_003038,2026-07-18,2026-07-18 09:16:19,Paid Search (Google),iOS,v2.5.1,Variant_B,India
usr_003039,2026-08-01,2026-08-01 11:03:38,Organic Search,iOS,v2.5.3,Variant_B,United Kingdom
usr_003040,2026-08-20,2026-08-20 09:49:17,Organic Search,iOS,v2.5.3,Variant_B,India
usr_003041,2026-07-17,2026-07-17 18:33:47,Meta Ads (Instagram),Android,v2.5.3,Control_A,Canada
usr_003042,2026-08-27,2026-08-27 08:11:10,Organic Search,iOS,v2.5.3,Control_A,Canada
usr_003043,2026-07-03,2026-07-03 18:56:24,Organic Search,iOS,v2.5.3,Variant_B,United States
usr_003044,2026-07-19,2026-07-19 05:38:22,Paid Search (Google),iOS,v2.5.1,Variant_B,United States
usr_003045,2026-08-03,2026-08-03 21:20:49,Referral,Android,v2.5.3,Control_A,India
usr_003046,2026-06-30,2026-06-30 17:48:14,Paid Search (Google),Android,v2.5.1,Variant_B,Canada
usr_003047,2026-06-26,2026-06-26 02:58:42,Meta Ads (Instagram),iOS,v2.5.1,Control_A,India
usr_003048,2026-06-01,2026-06-01 14:55:19,Referral,Android,v2.5.2,Control_A,United Kingdom
usr_003049,2026-07-06,2026-07-06 12:55:39,Paid Search (Google),iOS,v2.5.2,Control_A,Germany
usr_003050,2026-06-25,2026-06-25 07:49:23,Meta Ads (Instagram),iOS,v2.5.1,Control_A,United Kingdom
usr_003051,2026-06-20,2026-06-20 23:48:48,Organic Search,iOS,v2.5.1,Variant_B,United Kingdom
usr_003052,2026-07-12,2026-07-12 00:50:47,Referral,Android,v2.5.3,Variant_B,United States
usr_003053,2026-08-15,2026-08-15 15:38:12,Meta Ads (Instagram),iOS,v2.5.2,Variant_B,Germany
usr_003054,2026-07-06,2026-07-06 14:21:04,Meta Ads (Instagram),iOS,v2.5.2,Control_A,India
usr_003055,2026-08-08,2026-08-08 14:50:20,Paid Search (Google),iOS,v2.5.2,Control_A,India
usr_003056,2026-06-04,2026-06-04 11:28:38,Organic Search,Android,v2.5.3,Control_A,India
usr_003057,2026-08-16,2026-08-16 00:45:05,Meta Ads (Instagram),iOS,v2.5.2,Variant_B,India
usr_003058,2026-06-05,2026-06-05 09:47:59,Meta Ads (Instagram),iOS,v2.5.3,Variant_B,United States
usr_003059,2026-06-17,2026-06-17 12:01:06,Referral,Android,v2.5.2,Variant_B,United Kingdom
usr_003060,2026-07-15,2026-07-15 18:55:54,Meta Ads (Instagram),Web,v3.1.0-web,Control_A,Canada
usr_003061,2026-06-17,2026-06-17 11:39:25,Meta Ads (Instagram),iOS,v2.5.3,Control_A,India
usr_003062,2026-07-25,2026-07-25 13:03:11,Referral,iOS,v2.5.3,Control_A,Canada
usr_003063,2026-08-08,2026-08-08 08:44:10,Paid Search (Google),iOS,v2.5.2,Control_A,United States
usr_003064,2026-08-21,2026-08-21 09:08:09,Referral,iOS,v2.5.2,Control_A,United Kingdom
usr_003065,2026-06-24,2026-06-24 18:07:47,Meta Ads (Instagram),Web,v3.1.0-web,Variant_B,Canada
usr_003066,2026-08-09,2026-08-09 12:12:39,Meta Ads (Instagram),Android,v2.5.2,Variant_B,United States
usr_003067,2026-06-10,2026-06-10 22:00:57,Referral,iOS,v2.5.2,Variant_B,United States
usr_003068,2026-08-13,2026-08-13 04:27:43,Paid Search (Google),iOS,v2.5.2,Control_A,United Kingdom
usr_003069,2026-07-18,2026-07-18 12:58:16,Referral,iOS,v2.5.3,Variant_B,United States
usr_003070,2026-06-16,2026-06-16 11:48:15,Paid Search (Google),iOS,v2.5.2,Control_A,Canada
usr_003071,2026-07-11,2026-07-11 13:20:54,Paid Search (Google),Android,v2.5.1,Control_A,India
usr_003072,2026-06-17,2026-06-17 01:59:36,Meta Ads (Instagram),Web,v3.1.0-web,Variant_B,United States
usr_003073,2026-06-08,2026-06-08 04:50:05,Paid Search (Google),Android,v2.5.3,Variant_B,United Kingdom
usr_003074,2026-06-12,2026-06-12 05:33:39,Referral,Android,v2.5.1,Variant_B,Germany
usr_003075,2026-07-22,2026-07-22 04:37:02,Organic Search,Android,v2.5.3,Control_A,Canada
usr_003076,2026-08-22,2026-08-22 01:33:10,Referral,iOS,v2.5.2,Control_A,United Kingdom
usr_003077,2026-07-22,2026-07-22 13:05:29,Paid Search (Google),Android,v2.5.3,Control_A,Germany
usr_003078,2026-07-19,2026-07-19 16:17:59,Referral,iOS,v2.5.2,Control_A,United Kingdom
usr_003079,2026-07-13,2026-07-13 00:26:37,Meta Ads (Instagram),Android,v2.5.2,Control_A,Canada
usr_003080,2026-08-23,2026-08-23 22:21:54,Meta Ads (Instagram),Android,v2.5.2,Variant_B,India
usr_003081,2026-08-15,2026-08-15 02:46:30,Meta Ads (Instagram),iOS,v2.5.2,Control_A,Canada
usr_003082,2026-07-06,2026-07-06 22:11:52,Organic Search,iOS,v2.5.1,Variant_B,United Kingdom
usr_003083,2026-06-03,2026-06-03 22:14:00,Meta Ads (Instagram),Android,v2.5.2,Control_A,United States
usr_003084,2026-07-13,2026-07-13 14:28:52,Paid Search (Google),Android,v2.5.2,Variant_B,India
usr_003085,2026-07-30,2026-07-30 23:57:44,Meta Ads (Instagram),Android,v2.5.2,Control_A,United States
usr_003086,2026-07-21,2026-07-21 01:09:52,Organic Search,Android,v2.5.3,Variant_B,Canada
usr_003087,2026-06-10,2026-06-10 19:59:23,Meta Ads (Instagram),Android,v2.5.2,Variant_B,United Kingdom
usr_003088,2026-06-13,2026-06-13 12:32:54,Paid Search (Google),Android,v2.5.1,Variant_B,Germany
usr_003089,2026-07-14,2026-07-14 06:41:06,Paid Search (Google),Android,v2.5.1,Variant_B,Germany
usr_003090,2026-08-26,2026-08-26 14:54:12,Referral,iOS,v2.5.2,Control_A,Canada
usr_003091,2026-06-28,2026-06-28 06:49:56,Meta Ads (Instagram),Android,v2.5.2,Control_A,United Kingdom
usr_003092,2026-07-19,2026-07-19 15:32:55,Organic Search,Android,v2.5.1,Variant_B,India
usr_003093,2026-08-23,2026-08-23 00:16:54,Meta Ads (Instagram),Android,v2.5.1,Variant_B,India
usr_003094,2026-08-01,2026-08-01 22:38:44,Meta Ads (Instagram),Android,v2.5.2,Variant_B,India
usr_003095,2026-06-16,2026-06-16 12:06:21,Paid Search (Google),Android,v2.5.2,Variant_B,United States
usr_003096,2026-07-12,2026-07-12 01:53:43,Influencer Campaign,Android,v2.5.2,Variant_B,India
usr_003097,2026-07-11,2026-07-11 09:10:28,Influencer Campaign,iOS,v2.5.1,Variant_B,United Kingdom
usr_003098,2026-08-15,2026-08-15 19:23:15,Paid Search (Google),iOS,v2.5.3,Control_A,Germany
usr_003099,2026-06-17,2026-06-17 13:26:03,Meta Ads (Instagram),Android,v2.5.1,Variant_B,United Kingdom
usr_003100,2026-07-09,2026-07-09 23:59:15,Meta Ads (Instagram),iOS,v2.5.1,Control_A,United Kingdom
usr_003101,2026-06-07,2026-06-07 16:36:32,Meta Ads (Instagram),iOS,v2.5.3,Variant_B,Germany
usr_003102,2026-08-08,2026-08-08 04:39:04,Referral,iOS,v2.5.2,Control_A,United States
usr_003103,2026-08-11,2026-08-11 09:04:50,Meta Ads (Instagram),Android,v2.5.1,Variant_B,Germany
usr_003104,2026-07-07,2026-07-07 13:33:52,Meta Ads (Instagram),Android,v2.5.1,Variant_B,United Kingdom
usr_003105,2026-07-03,2026-07-03 15:13:43,Meta Ads (Instagram),iOS,v2.5.2,Control_A,India
usr_003106,2026-08-21,2026-08-21 08:09:09,Referral,Web,v3.1.0-web,Control_A,India
usr_003107,2026-07-31,2026-07-31 10:13:23,Meta Ads (Instagram),iOS,v2.5.3,Variant_B,United Kingdom
usr_003108,2026-06-17,2026-06-17 09:53:00,Meta Ads (Instagram),iOS,v2.5.3,Control_A,United States
usr_003109,2026-08-01,2026-08-01 22:04:09,Paid Search (Google),iOS,v2.5.3,Variant_B,United States
usr_003110,2026-06-23,2026-06-23 17:14:43,Organic Search,iOS,v2.5.3,Variant_B,Germany
usr_003111,2026-07-26,2026-07-26 00:06:06,Paid Search (Google),iOS,v2.5.3,Control_A,Germany
usr_003112,2026-07-18,2026-07-18 08:34:34,Meta Ads (Instagram),iOS,v2.5.3,Control_A,United Kingdom
usr_003113,2026-06-17,2026-06-17 12:54:44,Paid Search (Google),Android,v2.5.2,Control_A,United States
usr_003114,2026-06-15,2026-06-15 10:45:21,Meta Ads (Instagram),iOS,v2.5.3,Control_A,United Kingdom
usr_003115,2026-08-24,2026-08-24 13:27:11,Meta Ads (Instagram),Android,v2.5.2,Control_A,Canada
usr_003116,2026-07-17,2026-07-17 16:31:30,Influencer Campaign,Android,v2.5.1,Variant_B,United States
usr_003117,2026-08-27,2026-08-27 20:31:50,Organic Search,Android,v2.5.3,Variant_B,Germany
usr_003118,2026-06-18,2026-06-18 03:16:53,Organic Search,iOS,v2.5.1,Variant_B,Canada
usr_003119,2026-08-26,2026-08-26 23:11:46,Meta Ads (Instagram),Android,v2.5.2,Variant_B,Germany
usr_003120,2026-07-22,2026-07-22 15:31:20,Meta Ads (Instagram),Android,v2.5.2,Variant_B,United Kingdom
usr_003121,2026-08-19,2026-08-19 02:55:26,Paid Search (Google),iOS,v2.5.1,Control_A,India
usr_003122,2026-07-05,2026-07-05 15:57:40,Meta Ads (Instagram),Android,v2.5.3,Control_A,Canada
usr_003123,2026-08-22,2026-08-22 04:38:23,Meta Ads (Instagram),iOS,v2.5.1,Control_A,United States
usr_003124,2026-07-07,2026-07-07 20:54:56,Meta Ads (Instagram),iOS,v2.5.2,Control_A,Canada
usr_003125,2026-08-05,2026-08-05 12:35:32,Paid Search (Google),iOS,v2.5.3,Control_A,India
usr_003126,2026-08-16,2026-08-16 21:27:26,Paid Search (Google),Android,v2.5.2,Variant_B,Canada
usr_003127,2026-08-14,2026-08-14 11:51:11,Meta Ads (Instagram),Android,v2.5.2,Variant_B,United Kingdom
usr_003128,2026-06-28,2026-06-28 10:19:08,Meta Ads (Instagram),iOS,v2.5.1,Control_A,Canada
usr_003129,2026-06-14,2026-06-14 09:39:45,Paid Search (Google),Android,v2.5.2,Control_A,India
usr_003130,2026-07-20,2026-07-20 22:16:47,Meta Ads (Instagram),iOS,v2.5.1,Variant_B,Germany
usr_003131,2026-08-21,2026-08-21 12:15:23,Referral,iOS,v2.5.2,Variant_B,Canada
usr_003132,2026-08-27,2026-08-27 16:35:42,Meta Ads (Instagram),iOS,v2.5.2,Control_A,India
usr_003133,2026-06-04,2026-06-04 01:01:51,Organic Search,Web,v3.1.0-web,Variant_B,United States
usr_003134,2026-08-18,2026-08-18 04:30:06,Organic Search,Android,v2.5.3,Variant_B,United Kingdom
usr_003135,2026-07-17,2026-07-17 09:45:28,Referral,Android,v2.5.3,Control_A,United Kingdom
usr_003136,2026-07-28,2026-07-28 17:50:48,Organic Search,Android,v2.5.3,Control_A,United States
usr_003137,2026-07-13,2026-07-13 21:02:46,Meta Ads (Instagram),iOS,v2.5.3,Variant_B,India
usr_003138,2026-06-10,2026-06-10 16:18:40,Referral,iOS,v2.5.3,Control_A,United States
usr_003139,2026-08-01,2026-08-01 19:07:44,Meta Ads (Instagram),iOS,v2.5.1,Control_A,United States
usr_003140,2026-06-23,2026-06-23 01:27:11,Meta Ads (Instagram),Android,v2.5.3,Control_A,Germany
usr_003141,2026-07-03,2026-07-03 17:02:15,Organic Search,Android,v2.5.1,Variant_B,United Kingdom
usr_003142,2026-06-15,2026-06-15 22:52:57,Meta Ads (Instagram),iOS,v2.5.1,Control_A,United Kingdom
usr_003143,2026-08-26,2026-08-26 17:44:24,Paid Search (Google),Android,v2.5.1,Variant_B,Germany
usr_003144,2026-08-09,2026-08-09 21:29:01,Organic Search,iOS,v2.5.3,Control_A,India
usr_003145,2026-06-05,2026-06-05 10:07:04,Organic Search,Android,v2.5.1,Control_A,India
usr_003146,2026-06-28,2026-06-28 06:57:43,Influencer Campaign,Web,v3.1.0-web,Variant_B,Germany
usr_003147,2026-07-19,2026-07-19 04:57:15,Influencer Campaign,Web,v3.1.0-web,Control_A,India
usr_003148,2026-07-01,2026-07-01 20:02:07,Meta Ads (Instagram),Android,v2.5.3,Variant_B,United Kingdom
usr_003149,2026-06-17,2026-06-17 19:27:53,Meta Ads (Instagram),Android,v2.5.1,Control_A,Canada
usr_003150,2026-06-02,2026-06-02 06:51:02,Influencer Campaign,iOS,v2.5.2,Variant_B,United States
usr_003151,2026-08-13,2026-08-13 09:01:03,Paid Search (Google),Android,v2.5.3,Control_A,United Kingdom
usr_003152,2026-06-06,2026-06-06 23:07:00,Meta Ads (Instagram),Android,v2.5.1,Variant_B,United States
usr_003153,2026-06-22,2026-06-22 02:26:50,Organic Search,iOS,v2.5.1,Variant_B,Germany
usr_003154,2026-07-04,2026-07-04 07:53:32,Organic Search,Android,v2.5.1,Control_A,India
usr_003155,2026-07-07,2026-07-07 02:17:25,Meta Ads (Instagram),iOS,v2.5.3,Control_A,India
usr_003156,2026-07-24,2026-07-24 00:57:38,Organic Search,Android,v2.5.1,Control_A,Canada
usr_003157,2026-07-23,2026-07-23 23:44:07,Organic Search,iOS,v2.5.1,Control_A,Germany
usr_003158,2026-07-31,2026-07-31 12:12:40,Organic Search,Android,v2.5.3,Variant_B,Canada
usr_003159,2026-08-19,2026-08-19 19:01:37,Meta Ads (Instagram),Android,v2.5.2,Variant_B,Germany
usr_003160,2026-08-18,2026-08-18 17:33:42,Meta Ads (Instagram),iOS,v2.5.3,Variant_B,United States
usr_003161,2026-07-24,2026-07-24 06:19:42,Meta Ads (Instagram),iOS,v2.5.3,Control_A,Canada
usr_003162,2026-06-14,2026-06-14 22:16:47,Organic Search,iOS,v2.5.2,Control_A,India
usr_003163,2026-07-29,2026-07-29 23:53:19,Paid Search (Google),Android,v2.5.3,Control_A,Canada
usr_003164,2026-07-08,2026-07-08 23:18:30,Referral,Android,v2.5.3,Control_A,Canada
usr_003165,2026-06-29,2026-06-29 04:35:26,Organic Search,Web,v3.1.0-web,Variant_B,India
usr_003166,2026-08-07,2026-08-07 14:04:58,Organic Search,Android,v2.5.3,Control_A,United States
usr_003167,2026-08-04,2026-08-04 06:16:41,Meta Ads (Instagram),Android,v2.5.3,Variant_B,United Kingdom
usr_003168,2026-06-12,2026-06-12 09:38:01,Meta Ads (Instagram),iOS,v2.5.2,Control_A,India
usr_003169,2026-06-23,2026-06-23 16:12:10,Referral,iOS,v2.5.1,Control_A,United States
usr_003170,2026-06-23,2026-06-23 18:42:46,Paid Search (Google),Android,v2.5.3,Control_A,Canada
usr_003171,2026-06-01,2026-06-01 22:06:09,Organic Search,iOS,v2.5.2,Variant_B,India
usr_003172,2026-08-07,2026-08-07 17:23:15,Paid Search (Google),Android,v2.5.3,Variant_B,Canada
usr_003173,2026-08-21,2026-08-21 12:23:39,Paid Search (Google),iOS,v2.5.3,Variant_B,United States
usr_003174,2026-08-04,2026-08-04 08:53:32,Meta Ads (Instagram),Web,v3.1.0-web,Control_A,United Kingdom
usr_003175,2026-06-29,2026-06-29 02:05:59,Organic Search,iOS,v2.5.1,Control_A,United Kingdom
usr_003176,2026-07-29,2026-07-29 16:59:15,Meta Ads (Instagram),iOS,v2.5.3,Control_A,Germany
usr_003177,2026-08-11,2026-08-11 07:20:26,Meta Ads (Instagram),Android,v2.5.1,Control_A,Canada
usr_003178,2026-07-17,2026-07-17 09:12:29,Paid Search (Google),Android,v2.5.1,Control_A,Germany
usr_003179,2026-07-10,2026-07-10 17:16:43,Paid Search (Google),Android,v2.5.1,Control_A,India
usr_003180,2026-07-28,2026-07-28 20:28:34,Referral,Android,v2.5.2,Control_A,Germany
usr_003181,2026-06-12,2026-06-12 21:49:52,Referral,Android,v2.5.1,Variant_B,Germany
usr_003182,2026-06-22,2026-06-22 03:12:50,Meta Ads (Instagram),Android,v2.5.3,Variant_B,Canada
usr_003183,2026-07-24,2026-07-24 01:56:00,Paid Search (Google),Android,v2.5.3,Control_A,Canada
usr_003184,2026-06-16,2026-06-16 22:30:04,Meta Ads (Instagram),Android,v2.5.2,Variant_B,India
usr_003185,2026-06-07,2026-06-07 13:49:06,Paid Search (Google),iOS,v2.5.2,Variant_B,United States
usr_003186,2026-06-03,2026-06-03 19:37:24,Organic Search,Android,v2.5.2,Variant_B,United States
usr_003187,2026-08-18,2026-08-18 02:28:44,Referral,Android,v2.5.2,Variant_B,United Kingdom
usr_003188,2026-07-06,2026-07-06 03:02:50,Paid Search (Google),Android,v2.5.3,Variant_B,Germany
usr_003189,2026-08-15,2026-08-15 11:30:05,Paid Search (Google),iOS,v2.5.1,Variant_B,Canada
usr_003190,2026-08-29,2026-08-29 18:15:09,Organic Search,Android,v2.5.1,Control_A,Canada
usr_003191,2026-08-12,2026-08-12 07:41:21,Paid Search (Google),iOS,v2.5.1,Control_A,Canada
usr_003192,2026-08-28,2026-08-28 04:18:17,Organic Search,iOS,v2.5.2,Variant_B,India
usr_003193,2026-07-19,2026-07-19 18:33:53,Organic Search,Web,v3.1.0-web,Variant_B,United Kingdom
usr_003194,2026-06-20,2026-06-20 06:14:33,Organic Search,iOS,v2.5.1,Variant_B,Germany
usr_003195,2026-07-16,2026-07-16 06:29:56,Influencer Campaign,iOS,v2.5.2,Variant_B,United States
usr_003196,2026-08-09,2026-08-09 08:42:10,Paid Search (Google),iOS,v2.5.3,Control_A,Canada
usr_003197,2026-08-01,2026-08-01 05:54:37,Organic Search,iOS,v2.5.3,Control_A,United States
usr_003198,2026-08-13,2026-08-13 02:17:39,Meta Ads (Instagram),iOS,v2.5.2,Control_A,United States
usr_003199,2026-06-13,2026-06-13 08:35:00,Meta Ads (Instagram),Web,v3.1.0-web,Variant_B,United States
usr_003200,2026-07-15,2026-07-15 20:03:52,Paid Search (Google),iOS,v2.5.2,Variant_B,India
usr_003201,2026-07-01,2026-07-01 02:52:31,Influencer Campaign,Web,v3.1.0-web,Variant_B,Canada
usr_003202,2026-08-02,2026-08-02 20:47:06,Meta Ads (Instagram),Web,v3.1.0-web,Variant_B,United States
usr_003203,2026-07-29,2026-07-29 20:44:11,Organic Search,Android,v2.5.3,Control_A,United Kingdom
usr_003204,2026-06-03,2026-06-03 03:17:07,Meta Ads (Instagram),iOS,v2.5.2,Variant_B,Germany
usr_003205,2026-07-07,2026-07-07 12:29:35,Meta Ads (Instagram),Android,v2.5.3,Control_A,India
usr_003206,2026-06-10,2026-06-10 19:03:26,Referral,iOS,v2.5.3,Variant_B,Canada
usr_003207,2026-08-19,2026-08-19 13:39:10,Meta Ads (Instagram),iOS,v2.5.3,Variant_B,Germany
usr_003208,2026-06-28,2026-06-28 15:21:19,Meta Ads (Instagram),Android,v2.5.1,Variant_B,United States
usr_003209,2026-07-21,2026-07-21 01:38:20,Meta Ads (Instagram),Android,v2.5.3,Variant_B,India
usr_003210,2026-07-18,2026-07-18 14:15:48,Meta Ads (Instagram),iOS,v2.5.3,Variant_B,India
usr_003211,2026-06-25,2026-06-25 05:23:38,Organic Search,Android,v2.5.2,Variant_B,Canada
usr_003212,2026-06-02,2026-06-02 18:41:51,Meta Ads (Instagram),Android,v2.5.2,Control_A,Canada
usr_003213,2026-06-09,2026-06-09 13:22:12,Paid Search (Google),Android,v2.5.2,Control_A,India
usr_003214,2026-07-20,2026-07-20 11:20:50,Paid Search (Google),Android,v2.5.3,Variant_B,India
usr_003215,2026-07-29,2026-07-29 22:25:23,Organic Search,iOS,v2.5.3,Variant_B,United States
usr_003216,2026-07-16,2026-07-16 16:17:56,Paid Search (Google),Android,v2.5.3,Variant_B,India
usr_003217,2026-08-28,2026-08-28 01:50:06,Influencer Campaign,Android,v2.5.3,Control_A,India
usr_003218,2026-06-25,2026-06-25 04:13:20,Meta Ads (Instagram),Android,v2.5.3,Variant_B,India
usr_003219,2026-07-01,2026-07-01 16:47:53,Paid Search (Google),iOS,v2.5.1,Control_A,Canada
usr_003220,2026-06-03,2026-06-03 14:08:19,Meta Ads (Instagram),iOS,v2.5.1,Variant_B,Canada
usr_003221,2026-07-15,2026-07-15 12:55:11,Paid Search (Google),iOS,v2.5.1,Variant_B,United Kingdom
usr_003222,2026-08-17,2026-08-17 04:39:50,Influencer Campaign,iOS,v2.5.2,Control_A,Germany
usr_003223,2026-07-11,2026-07-11 02:40:13,Referral,iOS,v2.5.2,Variant_B,United Kingdom
usr_003224,2026-06-07,2026-06-07 22:05:20,Meta Ads (Instagram),Android,v2.5.2,Control_A,India
usr_003225,2026-07-09,2026-07-09 03:14:04,Paid Search (Google),iOS,v2.5.1,Control_A,Germany
usr_003226,2026-06-08,2026-06-08 04:37:33,Organic Search,iOS,v2.5.3,Variant_B,Canada
usr_003227,2026-06-11,2026-06-11 06:37:04,Organic Search,iOS,v2.5.1,Control_A,Canada
usr_003228,2026-07-16,2026-07-16 12:56:30,Meta Ads (Instagram),iOS,v2.5.1,Control_A,India
usr_003229,2026-08-05,2026-08-05 08:29:51,Meta Ads (Instagram),iOS,v2.5.3,Control_A,Canada
usr_003230,2026-08-13,2026-08-13 12:17:23,Paid Search (Google),iOS,v2.5.2,Variant_B,India
usr_003231,2026-07-27,2026-07-27 08:28:41,Referral,Android,v2.5.1,Variant_B,Germany
usr_003232,2026-06-03,2026-06-03 13:00:08,Meta Ads (Instagram),Android,v2.5.2,Control_A,India
usr_003233,2026-06-26,2026-06-26 06:04:03,Meta Ads (Instagram),Android,v2.5.3,Control_A,Canada
usr_003234,2026-06-30,2026-06-30 02:05:22,Meta Ads (Instagram),iOS,v2.5.1,Variant_B,Germany
usr_003235,2026-08-10,2026-08-10 00:33:06,Organic Search,iOS,v2.5.3,Variant_B,Germany
usr_003236,2026-08-03,2026-08-03 16:15:50,Influencer Campaign,Android,v2.5.1,Control_A,India
usr_003237,2026-06-12,2026-06-12 13:08:11,Referral,Android,v2.5.3,Variant_B,United Kingdom
usr_003238,2026-08-06,2026-08-06 15:25:21,Referral,iOS,v2.5.2,Variant_B,United States
usr_003239,2026-08-05,2026-08-05 04:36:23,Meta Ads (Instagram),Android,v2.5.2,Control_A,Canada
usr_003240,2026-07-12,2026-07-12 11:09:50,Meta Ads (Instagram),Android,v2.5.2,Control_A,United States
usr_003241,2026-08-05,2026-08-05 14:11:12,Paid Search (Google),iOS,v2.5.1,Control_A,United States
usr_003242,2026-07-09,2026-07-09 08:49:41,Meta Ads (Instagram),Android,v2.5.1,Variant_B,Germany
usr_003243,2026-08-01,2026-08-01 17:16:47,Organic Search,iOS,v2.5.2,Control_A,United Kingdom
usr_003244,2026-06-24,2026-06-24 21:34:21,Influencer Campaign,iOS,v2.5.2,Variant_B,United States
usr_003245,2026-08-25,2026-08-25 12:43:50,Meta Ads (Instagram),Android,v2.5.1,Variant_B,Canada
usr_003246,2026-08-26,2026-08-26 18:12:51,Organic Search,iOS,v2.5.1,Variant_B,United Kingdom
usr_003247,2026-08-15,2026-08-15 22:49:29,Organic Search,Android,v2.5.2,Control_A,United States
usr_003248,2026-07-26,2026-07-26 01:21:07,Meta Ads (Instagram),Android,v2.5.1,Control_A,United States
usr_003249,2026-06-18,2026-06-18 20:35:59,Organic Search,iOS,v2.5.3,Variant_B,United Kingdom
usr_003250,2026-06-18,2026-06-18 09:08:01,Meta Ads (Instagram),Android,v2.5.1,Variant_B,Germany
usr_003251,2026-06-22,2026-06-22 10:52:29,Paid Search (Google),Android,v2.5.1,Variant_B,Germany
usr_003252,2026-07-08,2026-07-08 20:32:46,Organic Search,iOS,v2.5.2,Variant_B,Germany
usr_003253,2026-08-14,2026-08-14 20:20:03,Paid Search (Google),Android,v2.5.3,Control_A,Canada
usr_003254,2026-08-27,2026-08-27 14:51:02,Referral,iOS,v2.5.2,Variant_B,Canada
usr_003255,2026-06-15,2026-06-15 16:22:28,Referral,Android,v2.5.3,Control_A,Canada
usr_003256,2026-08-20,2026-08-20 09:47:32,Paid Search (Google),Android,v2.5.2,Control_A,Canada
usr_003257,2026-07-21,2026-07-21 04:51:51,Organic Search,Android,v2.5.2,Control_A,Germany
usr_003258,2026-06-07,2026-06-07 09:58:55,Meta Ads (Instagram),iOS,v2.5.3,Control_A,India
usr_003259,2026-07-11,2026-07-11 08:02:16,Meta Ads (Instagram),Android,v2.5.1,Variant_B,Canada
usr_003260,2026-08-13,2026-08-13 10:03:35,Paid Search (Google),Android,v2.5.3,Variant_B,Germany
usr_003261,2026-08-14,2026-08-14 07:59:04,Influencer Campaign,iOS,v2.5.1,Variant_B,United States
usr_003262,2026-08-12,2026-08-12 23:10:09,Organic Search,Android,v2.5.1,Control_A,United States
usr_003263,2026-08-05,2026-08-05 06:56:46,Organic Search,iOS,v2.5.2,Variant_B,Canada
usr_003264,2026-08-21,2026-08-21 11:50:34,Meta Ads (Instagram),Android,v2.5.3,Control_A,United States
usr_003265,2026-06-25,2026-06-25 09:23:24,Meta Ads (Instagram),Android,v2.5.3,Control_A,Germany
usr_003266,2026-07-24,2026-07-24 15:48:51,Paid Search (Google),iOS,v2.5.1,Control_A,Canada
usr_003267,2026-08-18,2026-08-18 01:41:10,Paid Search (Google),Android,v2.5.3,Control_A,India
usr_003268,2026-06-25,2026-06-25 05:53:54,Paid Search (Google),iOS,v2.5.1,Variant_B,Canada
usr_003269,2026-08-01,2026-08-01 07:05:28,Organic Search,Android,v2.5.3,Variant_B,United States
usr_003270,2026-08-26,2026-08-26 01:54:21,Meta Ads (Instagram),Web,v3.1.0-web,Variant_B,Germany
usr_003271,2026-06-03,2026-06-03 08:06:51,Meta Ads (Instagram),iOS,v2.5.1,Control_A,Canada
usr_003272,2026-06-18,2026-06-18 01:41:17,Meta Ads (Instagram),iOS,v2.5.3,Variant_B,Canada
usr_003273,2026-08-12,2026-08-12 14:23:16,Paid Search (Google),Android,v2.5.2,Control_A,Germany
usr_003274,2026-06-13,2026-06-13 08:54:58,Influencer Campaign,Android,v2.5.2,Variant_B,Germany
usr_003275,2026-07-27,2026-07-27 19:32:45,Meta Ads (Instagram),Android,v2.5.1,Variant_B,Germany
usr_003276,2026-06-25,2026-06-25 18:42:20,Meta Ads (Instagram),iOS,v2.5.2,Control_A,Germany
usr_003277,2026-07-20,2026-07-20 18:50:48,Meta Ads (Instagram),Web,v3.1.0-web,Variant_B,Germany
usr_003278,2026-08-16,2026-08-16 19:13:06,Meta Ads (Instagram),iOS,v2.5.3,Variant_B,India
usr_003279,2026-08-29,2026-08-29 02:02:32,Meta Ads (Instagram),Android,v2.5.2,Control_A,India
usr_003280,2026-07-11,2026-07-11 04:47:17,Paid Search (Google),Android,v2.5.3,Control_A,Germany
usr_003281,2026-08-10,2026-08-10 23:48:31,Paid Search (Google),Android,v2.5.1,Control_A,India
usr_003282,2026-08-09,2026-08-09 17:56:52,Influencer Campaign,Android,v2.5.3,Variant_B,United Kingdom
usr_003283,2026-06-10,2026-06-10 09:25:32,Paid Search (Google),Android,v2.5.3,Control_A,United Kingdom
usr_003284,2026-06-08,2026-06-08 13:25:50,Meta Ads (Instagram),Web,v3.1.0-web,Control_A,Germany
usr_003285,2026-08-20,2026-08-20 09:28:30,Influencer Campaign,Android,v2.5.3,Variant_B,Canada
usr_003286,2026-08-05,2026-08-05 08:34:11,Meta Ads (Instagram),Android,v2.5.3,Variant_B,Canada
usr_003287,2026-06-01,2026-06-01 10:13:37,Paid Search (Google),iOS,v2.5.1,Variant_B,United States
usr_003288,2026-08-18,2026-08-18 19:55:22,Meta Ads (Instagram),iOS,v2.5.1,Variant_B,United Kingdom
usr_003289,2026-06-07,2026-06-07 00:11:03,Organic Search,iOS,v2.5.2,Variant_B,Canada
usr_003290,2026-08-22,2026-08-22 06:45:07,Organic Search,Web,v3.1.0-web,Variant_B,Germany
usr_003291,2026-07-22,2026-07-22 17:16:56,Influencer Campaign,Android,v2.5.1,Control_A,Germany
usr_003292,2026-06-10,2026-06-10 19:20:21,Organic Search,Android,v2.5.3,Variant_B,Canada
usr_003293,2026-08-16,2026-08-16 11:56:42,Organic Search,Web,v3.1.0-web,Variant_B,Germany
usr_003294,2026-06-16,2026-06-16 09:21:45,Meta Ads (Instagram),Web,v3.1.0-web,Variant_B,United States
usr_003295,2026-06-26,2026-06-26 08:18:30,Meta Ads (Instagram),iOS,v2.5.3,Variant_B,Germany
usr_003296,2026-07-16,2026-07-16 20:16:15,Meta Ads (Instagram),Android,v2.5.1,Control_A,Germany
usr_003297,2026-06-12,2026-06-12 04:58:52,Meta Ads (Instagram),Android,v2.5.1,Control_A,India
usr_003298,2026-08-15,2026-08-15 20:03:52,Referral,iOS,v2.5.1,Control_A,Canada
usr_003299,2026-07-09,2026-07-09 11:37:15,Paid Search (Google),Android,v2.5.3,Control_A,United States
usr_003300,2026-07-19,2026-07-19 15:58:18,Meta Ads (Instagram),iOS,v2.5.2,Variant_B,United Kingdom
usr_003301,2026-06-11,2026-06-11 10:15:02,Paid Search (Google),Android,v2.5.2,Control_A,Germany
usr_003302,2026-08-17,2026-08-17 14:59:38,Influencer Campaign,iOS,v2.5.1,Variant_B,Canada
usr_003303,2026-06-20,2026-06-20 20:39:52,Meta Ads (Instagram),Web,v3.1.0-web,Control_A,United Kingdom
usr_003304,2026-07-03,2026-07-03 06:31:31,Paid Search (Google),iOS,v2.5.1,Control_A,United States
usr_003305,2026-06-02,2026-06-02 12:22:06,Paid Search (Google),Web,v3.1.0-web,Control_A,United States
usr_003306,2026-08-21,2026-08-21 11:10:54,Organic Search,Android,v2.5.3,Variant_B,Germany
usr_003307,2026-06-15,2026-06-15 22:50:14,Meta Ads (Instagram),Android,v2.5.3,Variant_B,Canada
usr_003308,2026-06-09,2026-06-09 13:27:25,Meta Ads (Instagram),Web,v3.1.0-web,Control_A,Germany
usr_003309,2026-08-06,2026-08-06 18:13:32,Organic Search,Web,v3.1.0-web,Control_A,Canada
usr_003310,2026-06-18,2026-06-18 11:56:39,Organic Search,Android,v2.5.2,Variant_B,United Kingdom
usr_003311,2026-06-30,2026-06-30 02:18:54,Organic Search,Android,v2.5.2,Control_A,Canada
usr_003312,2026-08-12,2026-08-12 21:40:28,Paid Search (Google),Android,v2.5.2,Variant_B,United Kingdom
usr_003313,2026-06-20,2026-06-20 12:26:26,Influencer Campaign,iOS,v2.5.2,Control_A,Germany
usr_003314,2026-08-29,2026-08-29 03:04:03,Meta Ads (Instagram),iOS,v2.5.3,Variant_B,Germany
usr_003315,2026-06-17,2026-06-17 21:03:31,Organic Search,Android,v2.5.3,Control_A,India
usr_003316,2026-06-07,2026-06-07 16:07:43,Meta Ads (Instagram),iOS,v2.5.2,Control_A,India
usr_003317,2026-06-02,2026-06-02 21:07:39,Paid Search (Google),iOS,v2.5.2,Control_A,United States
usr_003318,2026-07-31,2026-07-31 17:53:00,Paid Search (Google),iOS,v2.5.2,Control_A,Germany
usr_003319,2026-07-09,2026-07-09 16:44:11,Paid Search (Google),iOS,v2.5.2,Control_A,United Kingdom
usr_003320,2026-08-01,2026-08-01 06:54:12,Paid Search (Google),iOS,v2.5.2,Variant_B,Germany
usr_003321,2026-08-06,2026-08-06 12:30:29,Meta Ads (Instagram),Android,v2.5.1,Control_A,United Kingdom
usr_003322,2026-07-07,2026-07-07 01:11:33,Paid Search (Google),Android,v2.5.3,Control_A,Canada
usr_003323,2026-07-18,2026-07-18 20:26:18,Meta Ads (Instagram),Web,v3.1.0-web,Control_A,Canada
usr_003324,2026-06-17,2026-06-17 05:27:14,Meta Ads (Instagram),iOS,v2.5.2,Variant_B,Canada
usr_003325,2026-08-05,2026-08-05 10:55:37,Paid Search (Google),Android,v2.5.1,Control_A,Germany
usr_003326,2026-07-03,2026-07-03 05:07:54,Referral,Android,v2.5.2,Control_A,Germany
usr_003327,2026-06-10,2026-06-10 11:26:12,Paid Search (Google),Android,v2.5.1,Control_A,Germany
usr_003328,2026-08-17,2026-08-17 04:13:27,Organic Search,Web,v3.1.0-web,Variant_B,India
usr_003329,2026-07-16,2026-07-16 04:00:05,Organic Search,Android,v2.5.3,Control_A,Canada
usr_003330,2026-08-20,2026-08-20 15:17:20,Meta Ads (Instagram),iOS,v2.5.1,Variant_B,United Kingdom
usr_003331,2026-06-17,2026-06-17 04:31:54,Paid Search (Google),Android,v2.5.1,Control_A,India
usr_003332,2026-06-21,2026-06-21 17:53:37,Meta Ads (Instagram),Android,v2.5.2,Variant_B,United States
usr_003333,2026-06-07,2026-06-07 18:20:10,Paid Search (Google),iOS,v2.5.3,Control_A,Canada
usr_003334,2026-08-15,2026-08-15 13:41:18,Meta Ads (Instagram),iOS,v2.5.1,Variant_B,United Kingdom
usr_003335,2026-08-08,2026-08-08 14:38:41,Referral,iOS,v2.5.1,Variant_B,Canada
usr_003336,2026-08-06,2026-08-06 06:25:07,Organic Search,Android,v2.5.3,Control_A,Germany
usr_003337,2026-06-11,2026-06-11 00:38:40,Meta Ads (Instagram),Android,v2.5.2,Control_A,Canada
usr_003338,2026-07-22,2026-07-22 22:37:09,Paid Search (Google),iOS,v2.5.2,Variant_B,United States
usr_003339,2026-07-19,2026-07-19 08:58:46,Meta Ads (Instagram),iOS,v2.5.1,Control_A,United States
usr_003340,2026-06-22,2026-06-22 17:49:18,Organic Search,Android,v2.5.3,Control_A,Canada
usr_003341,2026-08-23,2026-08-23 02:35:32,Meta Ads (Instagram),Android,v2.5.3,Control_A,Canada
usr_003342,2026-06-02,2026-06-02 13:48:55,Paid Search (Google),iOS,v2.5.1,Control_A,Canada
usr_003343,2026-06-01,2026-06-01 08:51:46,Paid Search (Google),iOS,v2.5.3,Control_A,Canada
usr_003344,2026-08-14,2026-08-14 06:18:33,Paid Search (Google),Android,v2.5.3,Variant_B,Canada
usr_003345,2026-07-23,2026-07-23 23:19:37,Referral,iOS,v2.5.1,Control_A,United Kingdom
usr_003346,2026-07-05,2026-07-05 07:09:57,Meta Ads (Instagram),Android,v2.5.2,Variant_B,Canada
usr_003347,2026-08-17,2026-08-17 03:36:43,Organic Search,iOS,v2.5.2,Control_A,United States
usr_003348,2026-07-10,2026-07-10 10:09:22,Meta Ads (Instagram),iOS,v2.5.1,Variant_B,United States
usr_003349,2026-07-02,2026-07-02 09:28:09,Organic Search,Android,v2.5.1,Variant_B,United States
usr_003350,2026-07-23,2026-07-23 20:10:50,Meta Ads (Instagram),iOS,v2.5.3,Variant_B,United Kingdom
usr_003351,2026-06-15,2026-06-15 20:21:40,Meta Ads (Instagram),iOS,v2.5.2,Variant_B,Canada
usr_003352,2026-07-08,2026-07-08 00:09:15,Referral,Android,v2.5.1,Control_A,India
usr_003353,2026-06-19,2026-06-19 16:31:18,Paid Search (Google),Android,v2.5.2,Control_A,India
usr_003354,2026-06-02,2026-06-02 14:16:29,Organic Search,Android,v2.5.2,Variant_B,Canada
usr_003355,2026-08-12,2026-08-12 16:20:42,Organic Search,Web,v3.1.0-web,Variant_B,Germany
usr_003356,2026-07-15,2026-07-15 22:19:59,Organic Search,iOS,v2.5.1,Control_A,United Kingdom
usr_003357,2026-06-20,2026-06-20 23:50:25,Meta Ads (Instagram),Android,v2.5.1,Variant_B,United Kingdom
usr_003358,2026-06-09,2026-06-09 10:54:23,Influencer Campaign,iOS,v2.5.3,Variant_B,United Kingdom
usr_003359,2026-07-03,2026-07-03 00:30:04,Paid Search (Google),iOS,v2.5.2,Variant_B,United Kingdom
usr_003360,2026-08-01,2026-08-01 05:17:02,Meta Ads (Instagram),Android,v2.5.1,Control_A,United Kingdom
usr_003361,2026-06-08,2026-06-08 08:35:31,Meta Ads (Instagram),Android,v2.5.1,Variant_B,United States
usr_003362,2026-08-26,2026-08-26 02:01:28,Meta Ads (Instagram),Android,v2.5.1,Variant_B,India
usr_003363,2026-06-04,2026-06-04 03:24:06,Referral,iOS,v2.5.2,Control_A,India
usr_003364,2026-06-20,2026-06-20 01:18:42,Meta Ads (Instagram),Web,v3.1.0-web,Control_A,Germany
usr_003365,2026-07-01,2026-07-01 21:49:41,Paid Search (Google),Web,v3.1.0-web,Variant_B,Canada
usr_003366,2026-07-25,2026-07-25 12:33:12,Meta Ads (Instagram),Android,v2.5.3,Control_A,Germany
usr_003367,2026-06-04,2026-06-04 20:01:58,Paid Search (Google),Android,v2.5.3,Variant_B,Germany
usr_003368,2026-08-21,2026-08-21 19:47:14,Referral,Android,v2.5.1,Control_A,Canada
usr_003369,2026-06-13,2026-06-13 22:34:41,Meta Ads (Instagram),iOS,v2.5.2,Control_A,United States
usr_003370,2026-06-01,2026-06-01 03:09:56,Meta Ads (Instagram),Web,v3.1.0-web,Variant_B,India
usr_003371,2026-06-04,2026-06-04 09:52:51,Referral,iOS,v2.5.3,Variant_B,United States
usr_003372,2026-08-18,2026-08-18 20:21:43,Paid Search (Google),Android,v2.5.3,Variant_B,Germany
usr_003373,2026-07-07,2026-07-07 08:21:41,Meta Ads (Instagram),iOS,v2.5.1,Variant_B,Germany
usr_003374,2026-08-16,2026-08-16 15:58:45,Referral,iOS,v2.5.2,Control_A,Canada
usr_003375,2026-06-30,2026-06-30 20:14:05,Referral,Android,v2.5.1,Variant_B,Canada
usr_003376,2026-08-20,2026-08-20 07:33:57,Meta Ads (Instagram),Android,v2.5.1,Variant_B,India
usr_003377,2026-08-21,2026-08-21 08:04:21,Organic Search,Web,v3.1.0-web,Variant_B,Germany
usr_003378,2026-08-20,2026-08-20 01:06:59,Referral,Android,v2.5.2,Variant_B,Canada
usr_003379,2026-08-06,2026-08-06 14:18:30,Meta Ads (Instagram),iOS,v2.5.2,Variant_B,India
usr_003380,2026-07-27,2026-07-27 09:53:27,Organic Search,iOS,v2.5.1,Control_A,Canada
usr_003381,2026-08-05,2026-08-05 13:57:12,Meta Ads (Instagram),Android,v2.5.3,Control_A,United States
usr_003382,2026-08-04,2026-08-04 15:01:08,Meta Ads (Instagram),Android,v2.5.2,Variant_B,United Kingdom
usr_003383,2026-06-23,2026-06-23 21:41:48,Organic Search,Android,v2.5.1,Control_A,United Kingdom
usr_003384,2026-08-27,2026-08-27 10:28:32,Organic Search,iOS,v2.5.2,Variant_B,Germany
usr_003385,2026-08-01,2026-08-01 12:19:07,Paid Search (Google),Web,v3.1.0-web,Control_A,Canada
usr_003386,2026-06-23,2026-06-23 07:28:11,Paid Search (Google),Web,v3.1.0-web,Variant_B,Germany
usr_003387,2026-06-02,2026-06-02 04:56:55,Influencer Campaign,iOS,v2.5.3,Variant_B,Canada
usr_003388,2026-06-03,2026-06-03 19:35:10,Referral,Android,v2.5.2,Variant_B,United Kingdom
usr_003389,2026-08-17,2026-08-17 02:14:07,Paid Search (Google),iOS,v2.5.1,Variant_B,India
usr_003390,2026-08-28,2026-08-28 19:18:30,Paid Search (Google),iOS,v2.5.2,Variant_B,United Kingdom
usr_003391,2026-07-24,2026-07-24 16:58:12,Paid Search (Google),Android,v2.5.2,Control_A,United States
usr_003392,2026-08-19,2026-08-19 13:20:04,Referral,iOS,v2.5.3,Control_A,Germany
usr_003393,2026-08-06,2026-08-06 21:49:11,Paid Search (Google),Android,v2.5.1,Variant_B,United States
usr_003394,2026-07-07,2026-07-07 12:16:05,Organic Search,Android,v2.5.2,Control_A,Germany
usr_003395,2026-07-18,2026-07-18 15:30:53,Organic Search,iOS,v2.5.2,Control_A,India
usr_003396,2026-08-20,2026-08-20 21:57:41,Paid Search (Google),iOS,v2.5.2,Variant_B,Germany
usr_003397,2026-08-09,2026-08-09 09:05:50,Influencer Campaign,iOS,v2.5.1,Control_A,Germany
usr_003398,2026-08-16,2026-08-16 19:57:08,Paid Search (Google),iOS,v2.5.3,Control_A,India
usr_003399,2026-07-02,2026-07-02 20:10:56,Paid Search (Google),Android,v2.5.3,Control_A,United States
usr_003400,2026-06-17,2026-06-17 17:57:47,Paid Search (Google),iOS,v2.5.2,Variant_B,Canada
usr_003401,2026-08-10,2026-08-10 16:42:51,Organic Search,iOS,v2.5.3,Variant_B,Canada
usr_003402,2026-06-28,2026-06-28 17:28:05,Influencer Campaign,Android,v2.5.1,Control_A,Germany
usr_003403,2026-07-29,2026-07-29 20:48:56,Influencer Campaign,iOS,v2.5.2,Control_A,India
usr_003404,2026-06-02,2026-06-02 01:20:09,Organic Search,iOS,v2.5.1,Variant_B,Canada
usr_003405,2026-07-31,2026-07-31 11:10:27,Meta Ads (Instagram),iOS,v2.5.2,Variant_B,Canada
usr_003406,2026-07-19,2026-07-19 02:44:49,Organic Search,Android,v2.5.3,Variant_B,United States
usr_003407,2026-08-12,2026-08-12 20:42:06,Meta Ads (Instagram),iOS,v2.5.2,Variant_B,Canada
usr_003408,2026-06-27,2026-06-27 03:59:54,Referral,Android,v2.5.2,Control_A,Canada
usr_003409,2026-08-11,2026-08-11 04:48:58,Paid Search (Google),Android,v2.5.3,Control_A,Germany
usr_003410,2026-07-21,2026-07-21 04:23:12,Meta Ads (Instagram),Android,v2.5.2,Control_A,United States
usr_003411,2026-06-04,2026-06-04 13:17:30,Meta Ads (Instagram),Android,v2.5.1,Control_A,United Kingdom
usr_003412,2026-07-27,2026-07-27 15:14:41,Paid Search (Google),Android,v2.5.2,Control_A,United Kingdom
usr_003413,2026-06-19,2026-06-19 19:24:17,Meta Ads (Instagram),Android,v2.5.3,Variant_B,Canada
usr_003414,2026-06-27,2026-06-27 02:49:56,Meta Ads (Instagram),Android,v2.5.3,Control_A,Germany
usr_003415,2026-07-16,2026-07-16 06:07:41,Referral,Android,v2.5.3,Control_A,United Kingdom
usr_003416,2026-08-02,2026-08-02 20:45:10,Referral,Android,v2.5.2,Control_A,Canada
usr_003417,2026-08-01,2026-08-01 18:25:11,Organic Search,Android,v2.5.2,Variant_B,United States
usr_003418,2026-07-23,2026-07-23 16:17:49,Organic Search,Android,v2.5.1,Variant_B,Canada
usr_003419,2026-07-08,2026-07-08 12:59:10,Meta Ads (Instagram),iOS,v2.5.2,Control_A,Germany
usr_003420,2026-08-25,2026-08-25 02:14:34,Paid Search (Google),Android,v2.5.3,Control_A,United Kingdom
usr_003421,2026-07-12,2026-07-12 07:30:53,Meta Ads (Instagram),Web,v3.1.0-web,Control_A,United Kingdom
usr_003422,2026-08-01,2026-08-01 04:51:07,Organic Search,iOS,v2.5.1,Control_A,United States
usr_003423,2026-08-14,2026-08-14 14:30:27,Organic Search,iOS,v2.5.3,Control_A,United Kingdom
usr_003424,2026-08-05,2026-08-05 20:01:13,Meta Ads (Instagram),Android,v2.5.2,Variant_B,Germany
usr_003425,2026-07-18,2026-07-18 06:31:15,Meta Ads (Instagram),Android,v2.5.3,Control_A,United Kingdom
usr_003426,2026-06-16,2026-06-16 20:18:16,Meta Ads (Instagram),Android,v2.5.2,Control_A,United States
usr_003427,2026-08-08,2026-08-08 03:48:44,Organic Search,iOS,v2.5.3,Control_A,India
usr_003428,2026-07-05,2026-07-05 10:53:49,Organic Search,Android,v2.5.3,Control_A,India
usr_003429,2026-07-20,2026-07-20 13:35:26,Paid Search (Google),iOS,v2.5.1,Variant_B,United Kingdom
usr_003430,2026-06-17,2026-06-17 10:37:56,Referral,Android,v2.5.3,Variant_B,India
usr_003431,2026-06-07,2026-06-07 18:30:52,Paid Search (Google),iOS,v2.5.3,Variant_B,Canada
usr_003432,2026-07-20,2026-07-20 08:12:10,Meta Ads (Instagram),iOS,v2.5.3,Variant_B,Canada
usr_003433,2026-07-24,2026-07-24 07:33:14,Organic Search,Android,v2.5.1,Variant_B,Germany
usr_003434,2026-07-28,2026-07-28 10:37:47,Influencer Campaign,Web,v3.1.0-web,Variant_B,Germany
usr_003435,2026-08-03,2026-08-03 17:39:04,Referral,iOS,v2.5.1,Variant_B,United Kingdom
usr_003436,2026-06-21,2026-06-21 04:00:08,Referral,Android,v2.5.3,Control_A,India
usr_003437,2026-07-06,2026-07-06 19:49:08,Meta Ads (Instagram),iOS,v2.5.3,Variant_B,United States
usr_003438,2026-06-06,2026-06-06 00:45:21,Meta Ads (Instagram),Android,v2.5.2,Control_A,United States
usr_003439,2026-06-16,2026-06-16 12:45:41,Paid Search (Google),Android,v2.5.1,Variant_B,United States
usr_003440,2026-07-24,2026-07-24 15:46:21,Organic Search,Android,v2.5.3,Variant_B,Germany
usr_003441,2026-06-07,2026-06-07 13:24:00,Meta Ads (Instagram),iOS,v2.5.2,Control_A,Germany
usr_003442,2026-08-12,2026-08-12 20:53:35,Organic Search,iOS,v2.5.3,Variant_B,Germany
usr_003443,2026-07-14,2026-07-14 16:19:31,Meta Ads (Instagram),Android,v2.5.2,Control_A,India
usr_003444,2026-07-06,2026-07-06 16:22:28,Organic Search,iOS,v2.5.2,Control_A,United Kingdom
usr_003445,2026-08-03,2026-08-03 03:20:53,Meta Ads (Instagram),iOS,v2.5.2,Control_A,United States
usr_003446,2026-06-14,2026-06-14 00:56:58,Paid Search (Google),iOS,v2.5.2,Control_A,Germany
usr_003447,2026-07-24,2026-07-24 12:27:03,Paid Search (Google),iOS,v2.5.2,Control_A,India
usr_003448,2026-07-20,2026-07-20 08:15:06,Meta Ads (Instagram),Android,v2.5.1,Control_A,Canada
usr_003449,2026-07-26,2026-07-26 14:29:49,Meta Ads (Instagram),iOS,v2.5.1,Control_A,India
usr_003450,2026-07-02,2026-07-02 09:19:33,Meta Ads (Instagram),Android,v2.5.3,Variant_B,Canada
usr_003451,2026-06-04,2026-06-04 15:45:26,Meta Ads (Instagram),Android,v2.5.1,Variant_B,Germany
usr_003452,2026-08-14,2026-08-14 00:54:33,Organic Search,Android,v2.5.1,Variant_B,Canada
usr_003453,2026-06-30,2026-06-30 18:23:38,Referral,Web,v3.1.0-web,Variant_B,India
usr_003454,2026-07-30,2026-07-30 23:58:11,Referral,Android,v2.5.1,Variant_B,India
usr_003455,2026-07-27,2026-07-27 21:09:16,Meta Ads (Instagram),iOS,v2.5.1,Variant_B,United Kingdom
usr_003456,2026-07-08,2026-07-08 09:48:44,Meta Ads (Instagram),Android,v2.5.2,Variant_B,Canada
usr_003457,2026-06-13,2026-06-13 09:24:49,Organic Search,iOS,v2.5.1,Control_A,India
usr_003458,2026-08-16,2026-08-16 17:55:53,Organic Search,Web,v3.1.0-web,Control_A,United Kingdom
usr_003459,2026-06-23,2026-06-23 13:23:59,Meta Ads (Instagram),Android,v2.5.3,Control_A,United Kingdom
usr_003460,2026-06-21,2026-06-21 10:55:45,Paid Search (Google),iOS,v2.5.1,Variant_B,United States
usr_003461,2026-06-16,2026-06-16 20:47:06,Meta Ads (Instagram),Android,v2.5.3,Control_A,United Kingdom
usr_003462,2026-06-16,2026-06-16 12:31:38,Referral,Android,v2.5.3,Control_A,Germany
usr_003463,2026-06-28,2026-06-28 15:00:20,Organic Search,Android,v2.5.1,Variant_B,Canada
usr_003464,2026-07-20,2026-07-20 10:16:56,Organic Search,Android,v2.5.3,Variant_B,United Kingdom
usr_003465,2026-08-01,2026-08-01 03:13:11,Meta Ads (Instagram),iOS,v2.5.2,Variant_B,Germany
usr_003466,2026-08-29,2026-08-29 13:35:37,Meta Ads (Instagram),Android,v2.5.3,Variant_B,Germany
usr_003467,2026-06-04,2026-06-04 20:10:21,Referral,iOS,v2.5.2,Control_A,Germany
usr_003468,2026-06-19,2026-06-19 05:48:10,Influencer Campaign,Android,v2.5.3,Control_A,United States
usr_003469,2026-07-26,2026-07-26 02:31:19,Organic Search,Android,v2.5.2,Control_A,United States
usr_003470,2026-06-08,2026-06-08 22:25:51,Influencer Campaign,iOS,v2.5.2,Variant_B,Germany
usr_003471,2026-07-07,2026-07-07 08:17:30,Organic Search,iOS,v2.5.3,Control_A,India
usr_003472,2026-06-06,2026-06-06 19:36:32,Referral,Web,v3.1.0-web,Control_A,India
usr_003473,2026-08-12,2026-08-12 08:43:05,Meta Ads (Instagram),iOS,v2.5.2,Variant_B,United Kingdom
usr_003474,2026-07-05,2026-07-05 13:20:14,Meta Ads (Instagram),iOS,v2.5.2,Control_A,India
usr_003475,2026-08-03,2026-08-03 17:06:26,Organic Search,iOS,v2.5.2,Variant_B,United Kingdom
usr_003476,2026-07-10,2026-07-10 09:32:02,Paid Search (Google),Android,v2.5.3,Variant_B,United States
usr_003477,2026-08-23,2026-08-23 20:19:32,Organic Search,iOS,v2.5.1,Control_A,United States
usr_003478,2026-06-05,2026-06-05 01:01:09,Meta Ads (Instagram),Android,v2.5.2,Control_A,Canada
usr_003479,2026-06-20,2026-06-20 08:38:06,Organic Search,Android,v2.5.1,Control_A,India
usr_003480,2026-08-19,2026-08-19 08:08:52,Paid Search (Google),Android,v2.5.2,Control_A,India
usr_003481,2026-08-29,2026-08-29 03:59:17,Meta Ads (Instagram),Android,v2.5.2,Control_A,Canada
usr_003482,2026-07-13,2026-07-13 06:08:05,Paid Search (Google),Android,v2.5.3,Control_A,United Kingdom
usr_003483,2026-07-15,2026-07-15 19:08:02,Meta Ads (Instagram),iOS,v2.5.2,Control_A,United States
usr_003484,2026-06-02,2026-06-02 04:29:57,Organic Search,iOS,v2.5.1,Variant_B,United States
usr_003485,2026-07-31,2026-07-31 22:10:21,Organic Search,Android,v2.5.2,Variant_B,Germany
usr_003486,2026-06-13,2026-06-13 18:52:59,Meta Ads (Instagram),Android,v2.5.2,Control_A,Canada
usr_003487,2026-06-07,2026-06-07 22:53:24,Organic Search,iOS,v2.5.1,Control_A,United States
usr_003488,2026-06-20,2026-06-20 12:40:16,Referral,iOS,v2.5.1,Control_A,United Kingdom
usr_003489,2026-07-09,2026-07-09 03:08:43,Paid Search (Google),Android,v2.5.3,Control_A,United Kingdom
usr_003490,2026-06-20,2026-06-20 00:06:21,Paid Search (Google),iOS,v2.5.1,Control_A,Canada
usr_003491,2026-06-22,2026-06-22 06:10:19,Meta Ads (Instagram),Android,v2.5.1,Control_A,India
usr_003492,2026-06-17,2026-06-17 20:54:58,Influencer Campaign,Web,v3.1.0-web,Variant_B,United States
usr_003493,2026-08-21,2026-08-21 10:20:27,Paid Search (Google),iOS,v2.5.2,Control_A,Germany
usr_003494,2026-07-07,2026-07-07 00:51:02,Meta Ads (Instagram),Android,v2.5.3,Control_A,Canada
usr_003495,2026-08-17,2026-08-17 08:06:59,Referral,Android,v2.5.1,Control_A,United Kingdom
usr_003496,2026-07-18,2026-07-18 15:15:01,Meta Ads (Instagram),iOS,v2.5.2,Variant_B,Germany
usr_003497,2026-08-13,2026-08-13 04:48:34,Referral,Android,v2.5.1,Variant_B,India
usr_003498,2026-07-15,2026-07-15 05:03:51,Meta Ads (Instagram),iOS,v2.5.1,Control_A,India
usr_003499,2026-08-25,2026-08-25 22:33:53,Meta Ads (Instagram),Android,v2.5.1,Variant_B,Canada
usr_003500,2026-08-05,2026-08-05 08:51:06,Organic Search,Android,v2.5.1,Variant_B,United States
usr_003501,2026-08-24,2026-08-24 06:31:03,Referral,Android,v2.5.1,Variant_B,Germany
usr_003502,2026-07-15,2026-07-15 15:26:33,Organic Search,Android,v2.5.2,Control_A,Canada
usr_003503,2026-06-24,2026-06-24 22:50:33,Paid Search (Google),Web,v3.1.0-web,Control_A,United Kingdom
usr_003504,2026-07-12,2026-07-12 09:23:38,Paid Search (Google),iOS,v2.5.1,Variant_B,India
usr_003505,2026-08-11,2026-08-11 17:53:05,Paid Search (Google),iOS,v2.5.3,Control_A,Canada
usr_003506,2026-06-16,2026-06-16 04:10:34,Organic Search,iOS,v2.5.1,Variant_B,Germany
usr_003507,2026-08-27,2026-08-27 06:22:50,Paid Search (Google),iOS,v2.5.2,Variant_B,Canada
usr_003508,2026-06-23,2026-06-23 06:54:00,Meta Ads (Instagram),Web,v3.1.0-web,Control_A,India
usr_003509,2026-08-05,2026-08-05 14:37:46,Meta Ads (Instagram),Android,v2.5.1,Variant_B,Canada
usr_003510,2026-06-22,2026-06-22 06:52:37,Organic Search,iOS,v2.5.3,Variant_B,India
usr_003511,2026-07-01,2026-07-01 21:56:11,Meta Ads (Instagram),iOS,v2.5.3,Variant_B,United Kingdom
usr_003512,2026-06-03,2026-06-03 17:09:02,Meta Ads (Instagram),Android,v2.5.2,Variant_B,United Kingdom
usr_003513,2026-06-12,2026-06-12 04:45:06,Meta Ads (Instagram),Android,v2.5.3,Control_A,United States
usr_003514,2026-08-04,2026-08-04 03:29:45,Meta Ads (Instagram),Android,v2.5.3,Variant_B,United Kingdom
usr_003515,2026-07-01,2026-07-01 12:20:54,Referral,Android,v2.5.3,Control_A,United States
usr_003516,2026-07-28,2026-07-28 04:02:47,Meta Ads (Instagram),iOS,v2.5.1,Variant_B,United Kingdom
usr_003517,2026-07-22,2026-07-22 05:47:54,Paid Search (Google),iOS,v2.5.2,Control_A,Canada
usr_003518,2026-08-24,2026-08-24 06:39:51,Meta Ads (Instagram),iOS,v2.5.2,Control_A,India
usr_003519,2026-06-15,2026-06-15 05:16:29,Paid Search (Google),Web,v3.1.0-web,Variant_B,United States
usr_003520,2026-06-19,2026-06-19 01:55:59,Organic Search,iOS,v2.5.2,Variant_B,India
usr_003521,2026-07-06,2026-07-06 19:26:05,Paid Search (Google),Android,v2.5.3,Control_A,Canada
usr_003522,2026-08-23,2026-08-23 09:46:56,Paid Search (Google),Android,v2.5.1,Control_A,Germany
usr_003523,2026-07-14,2026-07-14 06:05:49,Referral,Web,v3.1.0-web,Control_A,Canada
usr_003524,2026-07-21,2026-07-21 05:47:18,Paid Search (Google),Android,v2.5.1,Control_A,India
usr_003525,2026-08-03,2026-08-03 16:16:40,Influencer Campaign,iOS,v2.5.3,Variant_B,Germany
usr_003526,2026-07-23,2026-07-23 08:15:36,Organic Search,Web,v3.1.0-web,Control_A,Germany
usr_003527,2026-08-20,2026-08-20 12:08:33,Influencer Campaign,iOS,v2.5.3,Variant_B,Canada
usr_003528,2026-07-15,2026-07-15 17:28:22,Meta Ads (Instagram),iOS,v2.5.3,Control_A,United Kingdom
usr_003529,2026-06-29,2026-06-29 05:11:32,Organic Search,Android,v2.5.1,Variant_B,India
usr_003530,2026-08-28,2026-08-28 09:56:37,Organic Search,Android,v2.5.3,Control_A,United Kingdom
usr_003531,2026-08-19,2026-08-19 15:46:10,Paid Search (Google),iOS,v2.5.1,Control_A,India
usr_003532,2026-06-14,2026-06-14 14:28:39,Meta Ads (Instagram),Android,v2.5.1,Variant_B,Germany
usr_003533,2026-07-31,2026-07-31 08:47:02,Meta Ads (Instagram),Android,v2.5.1,Variant_B,United Kingdom
usr_003534,2026-08-09,2026-08-09 20:54:17,Organic Search,iOS,v2.5.1,Control_A,United Kingdom
usr_003535,2026-08-13,2026-08-13 03:43:20,Meta Ads (Instagram),iOS,v2.5.3,Control_A,India
usr_003536,2026-08-17,2026-08-17 07:03:34,Paid Search (Google),Android,v2.5.1,Control_A,United States
usr_003537,2026-08-10,2026-08-10 20:18:44,Influencer Campaign,iOS,v2.5.2,Control_A,United States
usr_003538,2026-07-03,2026-07-03 20:56:43,Paid Search (Google),Android,v2.5.3,Control_A,United Kingdom
usr_003539,2026-06-17,2026-06-17 07:02:08,Meta Ads (Instagram),Android,v2.5.3,Control_A,United Kingdom
usr_003540,2026-07-04,2026-07-04 04:16:46,Meta Ads (Instagram),iOS,v2.5.3,Control_A,India
usr_003541,2026-06-27,2026-06-27 01:10:00,Influencer Campaign,iOS,v2.5.2,Control_A,India
usr_003542,2026-07-02,2026-07-02 03:45:47,Organic Search,Android,v2.5.2,Control_A,Canada
usr_003543,2026-08-28,2026-08-28 15:38:01,Influencer Campaign,iOS,v2.5.1,Control_A,India
usr_003544,2026-08-21,2026-08-21 13:49:17,Meta Ads (Instagram),Android,v2.5.1,Control_A,United States
usr_003545,2026-07-03,2026-07-03 04:22:09,Organic Search,iOS,v2.5.1,Control_A,India
usr_003546,2026-08-03,2026-08-03 14:23:53,Meta Ads (Instagram),Web,v3.1.0-web,Variant_B,Canada
usr_003547,2026-07-31,2026-07-31 13:15:04,Paid Search (Google),iOS,v2.5.3,Variant_B,United Kingdom
usr_003548,2026-08-19,2026-08-19 09:02:06,Paid Search (Google),iOS,v2.5.1,Control_A,India
usr_003549,2026-08-22,2026-08-22 08:49:57,Referral,Web,v3.1.0-web,Variant_B,United Kingdom
usr_003550,2026-07-19,2026-07-19 10:51:00,Paid Search (Google),iOS,v2.5.2,Control_A,United Kingdom
usr_003551,2026-07-17,2026-07-17 05:03:49,Paid Search (Google),Android,v2.5.2,Control_A,Germany
usr_003552,2026-07-30,2026-07-30 08:06:12,Referral,Android,v2.5.2,Variant_B,United States
usr_003553,2026-07-23,2026-07-23 21:42:39,Meta Ads (Instagram),iOS,v2.5.1,Control_A,United Kingdom
usr_003554,2026-08-09,2026-08-09 12:28:29,Organic Search,iOS,v2.5.3,Control_A,United States
usr_003555,2026-06-18,2026-06-18 10:30:54,Meta Ads (Instagram),iOS,v2.5.1,Control_A,India
usr_003556,2026-06-29,2026-06-29 07:33:46,Paid Search (Google),Android,v2.5.3,Variant_B,India
usr_003557,2026-08-18,2026-08-18 20:56:33,Organic Search,Android,v2.5.3,Variant_B,United Kingdom
usr_003558,2026-07-06,2026-07-06 03:41:17,Meta Ads (Instagram),iOS,v2.5.3,Control_A,United Kingdom
usr_003559,2026-07-16,2026-07-16 15:37:53,Organic Search,Web,v3.1.0-web,Control_A,Canada
usr_003560,2026-08-21,2026-08-21 22:00:09,Meta Ads (Instagram),iOS,v2.5.3,Control_A,United States
usr_003561,2026-07-01,2026-07-01 03:38:42,Meta Ads (Instagram),Web,v3.1.0-web,Variant_B,India
usr_003562,2026-07-27,2026-07-27 03:32:01,Meta Ads (Instagram),iOS,v2.5.3,Variant_B,Germany
usr_003563,2026-07-03,2026-07-03 03:45:59,Meta Ads (Instagram),Web,v3.1.0-web,Control_A,Germany
usr_003564,2026-06-24,2026-06-24 23:44:25,Paid Search (Google),iOS,v2.5.3,Variant_B,India
usr_003565,2026-07-01,2026-07-01 19:47:48,Meta Ads (Instagram),iOS,v2.5.1,Variant_B,United States
usr_003566,2026-08-14,2026-08-14 17:46:52,Meta Ads (Instagram),Android,v2.5.1,Control_A,India
usr_003567,2026-08-07,2026-08-07 16:02:07,Meta Ads (Instagram),Android,v2.5.3,Control_A,United States
usr_003568,2026-08-10,2026-08-10 19:14:36,Organic Search,Android,v2.5.3,Variant_B,Germany
usr_003569,2026-06-13,2026-06-13 03:11:27,Organic Search,Android,v2.5.1,Control_A,United Kingdom
usr_003570,2026-06-14,2026-06-14 09:52:30,Meta Ads (Instagram),Android,v2.5.1,Control_A,United States
usr_003571,2026-06-21,2026-06-21 05:37:26,Meta Ads (Instagram),Android,v2.5.2,Control_A,Germany
usr_003572,2026-08-09,2026-08-09 05:59:35,Meta Ads (Instagram),iOS,v2.5.1,Control_A,Germany
usr_003573,2026-06-07,2026-06-07 07:59:40,Influencer Campaign,Android,v2.5.3,Variant_B,Canada
usr_003574,2026-06-13,2026-06-13 06:37:52,Meta Ads (Instagram),iOS,v2.5.3,Variant_B,India
usr_003575,2026-06-29,2026-06-29 16:08:06,Organic Search,Android,v2.5.2,Control_A,Germany
usr_003576,2026-07-21,2026-07-21 13:16:18,Meta Ads (Instagram),Android,v2.5.2,Control_A,Canada
usr_003577,2026-06-17,2026-06-17 13:16:34,Organic Search,Android,v2.5.2,Variant_B,United States
usr_003578,2026-06-17,2026-06-17 21:52:18,Organic Search,iOS,v2.5.1,Variant_B,India
usr_003579,2026-08-06,2026-08-06 23:30:37,Meta Ads (Instagram),iOS,v2.5.1,Control_A,United States
usr_003580,2026-07-08,2026-07-08 20:02:30,Paid Search (Google),Android,v2.5.3,Variant_B,Germany
usr_003581,2026-06-03,2026-06-03 17:04:45,Organic Search,Android,v2.5.2,Control_A,United Kingdom
usr_003582,2026-06-05,2026-06-05 05:56:41,Meta Ads (Instagram),Android,v2.5.3,Variant_B,India
usr_003583,2026-06-22,2026-06-22 13:24:46,Paid Search (Google),Android,v2.5.1,Variant_B,Canada
usr_003584,2026-08-29,2026-08-29 16:29:43,Paid Search (Google),iOS,v2.5.2,Control_A,India
usr_003585,2026-06-28,2026-06-28 23:14:13,Meta Ads (Instagram),iOS,v2.5.3,Control_A,Germany
usr_003586,2026-06-14,2026-06-14 17:47:46,Organic Search,iOS,v2.5.3,Variant_B,India
usr_003587,2026-07-22,2026-07-22 05:19:40,Paid Search (Google),iOS,v2.5.2,Control_A,Canada
usr_003588,2026-06-05,2026-06-05 07:52:08,Meta Ads (Instagram),iOS,v2.5.1,Control_A,Canada
usr_003589,2026-08-29,2026-08-29 00:16:37,Referral,Android,v2.5.2,Control_A,India
usr_003590,2026-08-20,2026-08-20 05:54:49,Referral,iOS,v2.5.2,Control_A,Germany
usr_003591,2026-08-20,2026-08-20 15:30:30,Organic Search,Web,v3.1.0-web,Control_A,Germany
usr_003592,2026-08-10,2026-08-10 02:00:39,Influencer Campaign,iOS,v2.5.2,Variant_B,Germany
usr_003593,2026-07-31,2026-07-31 23:57:25,Meta Ads (Instagram),Android,v2.5.1,Control_A,Canada
usr_003594,2026-06-12,2026-06-12 18:13:29,Meta Ads (Instagram),iOS,v2.5.1,Variant_B,United States
usr_003595,2026-08-11,2026-08-11 05:28:24,Meta Ads (Instagram),iOS,v2.5.3,Variant_B,India
usr_003596,2026-06-13,2026-06-13 14:55:28,Paid Search (Google),Web,v3.1.0-web,Variant_B,United States
usr_003597,2026-07-22,2026-07-22 01:32:53,Paid Search (Google),Android,v2.5.1,Variant_B,Germany
usr_003598,2026-07-01,2026-07-01 16:17:56,Paid Search (Google),iOS,v2.5.1,Variant_B,United Kingdom
usr_003599,2026-07-30,2026-07-30 10:15:38,Paid Search (Google),iOS,v2.5.2,Variant_B,United States
usr_003600,2026-08-20,2026-08-20 18:38:12,Meta Ads (Instagram),iOS,v2.5.1,Control_A,Germany
usr_003601,2026-06-27,2026-06-27 06:24:03,Paid Search (Google),iOS,v2.5.2,Control_A,United States
usr_003602,2026-06-22,2026-06-22 08:43:58,Referral,iOS,v2.5.1,Control_A,United Kingdom
usr_003603,2026-08-07,2026-08-07 22:37:01,Paid Search (Google),Android,v2.5.1,Control_A,United States
usr_003604,2026-06-16,2026-06-16 03:24:42,Organic Search,Android,v2.5.2,Variant_B,India
usr_003605,2026-06-12,2026-06-12 14:59:46,Meta Ads (Instagram),Android,v2.5.1,Control_A,Canada
usr_003606,2026-07-11,2026-07-11 22:57:45,Meta Ads (Instagram),Android,v2.5.1,Control_A,United States
usr_003607,2026-06-30,2026-06-30 06:50:59,Meta Ads (Instagram),Android,v2.5.2,Control_A,United States
usr_003608,2026-08-11,2026-08-11 12:34:20,Meta Ads (Instagram),Web,v3.1.0-web,Variant_B,Germany
usr_003609,2026-07-30,2026-07-30 11:59:48,Paid Search (Google),iOS,v2.5.1,Variant_B,United Kingdom
usr_003610,2026-06-20,2026-06-20 03:24:56,Paid Search (Google),iOS,v2.5.2,Control_A,India
usr_003611,2026-07-20,2026-07-20 12:08:34,Organic Search,Android,v2.5.3,Control_A,United Kingdom
usr_003612,2026-08-03,2026-08-03 00:06:36,Influencer Campaign,Android,v2.5.1,Control_A,Canada
usr_003613,2026-07-09,2026-07-09 06:58:35,Organic Search,Android,v2.5.2,Control_A,India
usr_003614,2026-08-23,2026-08-23 02:25:55,Meta Ads (Instagram),Android,v2.5.3,Control_A,United States
usr_003615,2026-08-08,2026-08-08 02:49:35,Meta Ads (Instagram),Android,v2.5.1,Control_A,Canada
usr_003616,2026-07-13,2026-07-13 14:11:11,Organic Search,Android,v2.5.3,Variant_B,United States
usr_003617,2026-07-03,2026-07-03 23:51:55,Meta Ads (Instagram),iOS,v2.5.1,Variant_B,United States
usr_003618,2026-06-11,2026-06-11 18:49:03,Organic Search,iOS,v2.5.1,Variant_B,India
usr_003619,2026-08-12,2026-08-12 20:14:50,Paid Search (Google),Android,v2.5.2,Variant_B,United Kingdom
usr_003620,2026-06-02,2026-06-02 17:26:24,Influencer Campaign,Android,v2.5.1,Variant_B,United Kingdom
usr_003621,2026-06-17,2026-06-17 19:58:14,Paid Search (Google),Android,v2.5.3,Control_A,Canada
usr_003622,2026-08-24,2026-08-24 09:57:40,Meta Ads (Instagram),Android,v2.5.3,Control_A,United States
usr_003623,2026-08-09,2026-08-09 12:31:41,Paid Search (Google),Android,v2.5.1,Control_A,United States
usr_003624,2026-08-01,2026-08-01 16:48:33,Meta Ads (Instagram),Android,v2.5.1,Control_A,Canada
usr_003625,2026-06-28,2026-06-28 13:25:03,Referral,Android,v2.5.2,Variant_B,United Kingdom
usr_003626,2026-07-19,2026-07-19 08:43:19,Organic Search,iOS,v2.5.1,Control_A,United States
usr_003627,2026-08-26,2026-08-26 11:19:52,Meta Ads (Instagram),Android,v2.5.1,Control_A,India
usr_003628,2026-08-21,2026-08-21 09:21:55,Organic Search,Android,v2.5.2,Control_A,Canada
usr_003629,2026-08-01,2026-08-01 17:40:07,Meta Ads (Instagram),Web,v3.1.0-web,Variant_B,United Kingdom
usr_003630,2026-08-13,2026-08-13 09:21:00,Meta Ads (Instagram),Android,v2.5.3,Variant_B,United States
usr_003631,2026-07-16,2026-07-16 09:25:22,Meta Ads (Instagram),Web,v3.1.0-web,Variant_B,United States
usr_003632,2026-07-20,2026-07-20 03:13:36,Organic Search,iOS,v2.5.3,Control_A,United States
usr_003633,2026-07-14,2026-07-14 12:25:49,Meta Ads (Instagram),Android,v2.5.2,Variant_B,United Kingdom
usr_003634,2026-08-03,2026-08-03 23:19:52,Influencer Campaign,iOS,v2.5.3,Variant_B,United Kingdom
usr_003635,2026-06-03,2026-06-03 23:14:29,Organic Search,Android,v2.5.1,Variant_B,Germany
usr_003636,2026-06-26,2026-06-26 21:06:39,Paid Search (Google),iOS,v2.5.3,Variant_B,India
usr_003637,2026-07-19,2026-07-19 05:14:01,Meta Ads (Instagram),iOS,v2.5.3,Control_A,United Kingdom
usr_003638,2026-08-06,2026-08-06 16:08:40,Organic Search,Android,v2.5.1,Variant_B,India
usr_003639,2026-08-24,2026-08-24 23:48:17,Organic Search,iOS,v2.5.2,Control_A,Canada
usr_003640,2026-06-28,2026-06-28 01:31:36,Meta Ads (Instagram),Android,v2.5.1,Control_A,India
usr_003641,2026-06-24,2026-06-24 23:54:30,Organic Search,Android,v2.5.2,Control_A,United States
usr_003642,2026-08-04,2026-08-04 14:16:57,Paid Search (Google),iOS,v2.5.2,Variant_B,Germany
usr_003643,2026-07-12,2026-07-12 05:28:39,Paid Search (Google),Android,v2.5.3,Control_A,India
usr_003644,2026-06-04,2026-06-04 03:37:04,Paid Search (Google),Android,v2.5.3,Variant_B,Germany
usr_003645,2026-07-06,2026-07-06 10:17:20,Organic Search,Android,v2.5.2,Variant_B,United Kingdom
usr_003646,2026-07-12,2026-07-12 08:36:59,Meta Ads (Instagram),Android,v2.5.1,Variant_B,United States
usr_003647,2026-08-14,2026-08-14 14:26:53,Paid Search (Google),Android,v2.5.1,Variant_B,United States
usr_003648,2026-07-05,2026-07-05 15:15:03,Meta Ads (Instagram),Android,v2.5.2,Control_A,United Kingdom
usr_003649,2026-07-27,2026-07-27 02:31:01,Meta Ads (Instagram),iOS,v2.5.2,Variant_B,United States
usr_003650,2026-07-25,2026-07-25 01:56:29,Influencer Campaign,iOS,v2.5.1,Control_A,India
usr_003651,2026-07-10,2026-07-10 12:55:03,Meta Ads (Instagram),Android,v2.5.1,Control_A,United States
usr_003652,2026-06-19,2026-06-19 09:15:08,Meta Ads (Instagram),Android,v2.5.2,Variant_B,Canada
usr_003653,2026-07-30,2026-07-30 19:29:39,Paid Search (Google),Web,v3.1.0-web,Control_A,Canada
usr_003654,2026-07-13,2026-07-13 05:52:43,Organic Search,Android,v2.5.1,Control_A,India
usr_003655,2026-07-17,2026-07-17 13:34:01,Meta Ads (Instagram),iOS,v2.5.3,Variant_B,India
usr_003656,2026-06-14,2026-06-14 20:28:43,Organic Search,iOS,v2.5.2,Variant_B,India
usr_003657,2026-06-20,2026-06-20 21:46:08,Influencer Campaign,Web,v3.1.0-web,Control_A,Canada
usr_003658,2026-06-04,2026-06-04 07:23:28,Meta Ads (Instagram),Android,v2.5.1,Control_A,Canada
usr_003659,2026-06-11,2026-06-11 22:41:20,Meta Ads (Instagram),iOS,v2.5.3,Control_A,Germany
usr_003660,2026-06-25,2026-06-25 03:44:27,Meta Ads (Instagram),Android,v2.5.3,Variant_B,Germany
usr_003661,2026-06-20,2026-06-20 10:22:36,Organic Search,iOS,v2.5.2,Variant_B,Canada
usr_003662,2026-06-25,2026-06-25 21:47:40,Paid Search (Google),iOS,v2.5.1,Variant_B,United Kingdom
usr_003663,2026-06-10,2026-06-10 00:09:18,Organic Search,Android,v2.5.1,Variant_B,India
usr_003664,2026-08-29,2026-08-29 13:15:03,Paid Search (Google),iOS,v2.5.1,Variant_B,Canada
usr_003665,2026-06-26,2026-06-26 12:17:08,Organic Search,Android,v2.5.3,Variant_B,United States
usr_003666,2026-06-03,2026-06-03 14:42:08,Meta Ads (Instagram),Android,v2.5.3,Variant_B,Canada
usr_003667,2026-08-03,2026-08-03 21:39:13,Paid Search (Google),Web,v3.1.0-web,Control_A,United Kingdom
usr_003668,2026-06-12,2026-06-12 08:12:20,Meta Ads (Instagram),Android,v2.5.2,Variant_B,Germany
usr_003669,2026-06-20,2026-06-20 03:58:14,Referral,Android,v2.5.1,Control_A,United States
usr_003670,2026-06-06,2026-06-06 14:50:15,Influencer Campaign,Android,v2.5.3,Variant_B,Canada
usr_003671,2026-08-21,2026-08-21 00:03:02,Meta Ads (Instagram),iOS,v2.5.1,Control_A,United Kingdom
usr_003672,2026-07-15,2026-07-15 18:52:14,Meta Ads (Instagram),Android,v2.5.2,Control_A,Canada
usr_003673,2026-08-17,2026-08-17 10:53:33,Paid Search (Google),Android,v2.5.2,Variant_B,Canada
usr_003674,2026-08-06,2026-08-06 21:25:02,Organic Search,Android,v2.5.3,Variant_B,Germany
usr_003675,2026-08-11,2026-08-11 04:51:05,Meta Ads (Instagram),iOS,v2.5.3,Variant_B,India
usr_003676,2026-06-19,2026-06-19 19:30:38,Organic Search,iOS,v2.5.2,Variant_B,United Kingdom
usr_003677,2026-08-05,2026-08-05 08:26:50,Organic Search,Android,v2.5.1,Control_A,India
usr_003678,2026-06-15,2026-06-15 11:08:41,Paid Search (Google),Android,v2.5.1,Variant_B,Germany
usr_003679,2026-08-19,2026-08-19 18:23:17,Organic Search,Android,v2.5.3,Control_A,United States
usr_003680,2026-06-14,2026-06-14 02:06:36,Paid Search (Google),iOS,v2.5.2,Control_A,India
usr_003681,2026-07-13,2026-07-13 22:31:29,Referral,iOS,v2.5.1,Variant_B,United States
usr_003682,2026-06-07,2026-06-07 12:19:08,Meta Ads (Instagram),Android,v2.5.3,Variant_B,United States
usr_003683,2026-06-12,2026-06-12 10:33:26,Referral,Android,v2.5.1,Control_A,India
usr_003684,2026-06-21,2026-06-21 13:51:20,Meta Ads (Instagram),Android,v2.5.3,Variant_B,Canada
usr_003685,2026-07-07,2026-07-07 09:54:45,Meta Ads (Instagram),Android,v2.5.3,Variant_B,Canada
usr_003686,2026-08-11,2026-08-11 00:46:02,Organic Search,Android,v2.5.3,Variant_B,United Kingdom
usr_003687,2026-08-14,2026-08-14 00:07:03,Meta Ads (Instagram),iOS,v2.5.1,Control_A,United States
usr_003688,2026-06-23,2026-06-23 17:28:50,Meta Ads (Instagram),iOS,v2.5.1,Control_A,United States
usr_003689,2026-06-14,2026-06-14 08:24:21,Paid Search (Google),Web,v3.1.0-web,Variant_B,United Kingdom
usr_003690,2026-06-07,2026-06-07 13:10:49,Referral,iOS,v2.5.2,Variant_B,United States
usr_003691,2026-08-11,2026-08-11 15:20:07,Meta Ads (Instagram),Android,v2.5.3,Control_A,Canada
usr_003692,2026-06-19,2026-06-19 04:56:50,Meta Ads (Instagram),iOS,v2.5.1,Variant_B,United Kingdom
usr_003693,2026-06-16,2026-06-16 04:27:29,Meta Ads (Instagram),Android,v2.5.3,Variant_B,Canada
usr_003694,2026-08-17,2026-08-17 05:25:06,Influencer Campaign,Web,v3.1.0-web,Control_A,Canada
usr_003695,2026-08-03,2026-08-03 03:03:01,Referral,Android,v2.5.1,Variant_B,Canada
usr_003696,2026-07-26,2026-07-26 11:14:17,Paid Search (Google),iOS,v2.5.3,Control_A,India
usr_003697,2026-08-03,2026-08-03 16:18:24,Meta Ads (Instagram),Android,v2.5.2,Variant_B,United States
usr_003698,2026-08-22,2026-08-22 04:05:12,Influencer Campaign,iOS,v2.5.2,Control_A,United States
usr_003699,2026-08-11,2026-08-11 13:15:46,Meta Ads (Instagram),iOS,v2.5.2,Variant_B,India
usr_003700,2026-07-13,2026-07-13 10:23:37,Paid Search (Google),Android,v2.5.2,Control_A,India
usr_003701,2026-07-06,2026-07-06 06:02:45,Organic Search,Android,v2.5.1,Control_A,Canada
usr_003702,2026-07-25,2026-07-25 09:30:25,Organic Search,Android,v2.5.2,Control_A,United Kingdom
usr_003703,2026-06-06,2026-06-06 22:28:43,Referral,Android,v2.5.3,Variant_B,India
usr_003704,2026-08-06,2026-08-06 06:44:59,Paid Search (Google),iOS,v2.5.2,Control_A,Canada
usr_003705,2026-06-04,2026-06-04 00:57:05,Paid Search (Google),Web,v3.1.0-web,Variant_B,Germany
usr_003706,2026-06-20,2026-06-20 19:03:43,Influencer Campaign,Android,v2.5.1,Variant_B,United Kingdom
usr_003707,2026-06-28,2026-06-28 20:40:23,Paid Search (Google),iOS,v2.5.3,Variant_B,United Kingdom
usr_003708,2026-06-03,2026-06-03 23:36:51,Organic Search,Web,v3.1.0-web,Variant_B,Canada
usr_003709,2026-07-12,2026-07-12 03:29:58,Paid Search (Google),iOS,v2.5.3,Variant_B,India
usr_003710,2026-06-14,2026-06-14 21:32:47,Meta Ads (Instagram),Android,v2.5.2,Variant_B,United Kingdom
usr_003711,2026-07-31,2026-07-31 11:20:27,Meta Ads (Instagram),Android,v2.5.1,Variant_B,Germany
usr_003712,2026-08-23,2026-08-23 07:21:03,Meta Ads (Instagram),Android,v2.5.1,Variant_B,United States
usr_003713,2026-06-16,2026-06-16 14:51:16,Referral,Android,v2.5.2,Variant_B,Canada
usr_003714,2026-07-02,2026-07-02 17:51:31,Meta Ads (Instagram),iOS,v2.5.1,Control_A,United States
usr_003715,2026-07-04,2026-07-04 00:52:11,Organic Search,Android,v2.5.3,Variant_B,Canada
usr_003716,2026-08-20,2026-08-20 02:44:21,Paid Search (Google),iOS,v2.5.1,Control_A,India
usr_003717,2026-07-22,2026-07-22 09:39:57,Meta Ads (Instagram),iOS,v2.5.2,Variant_B,India
usr_003718,2026-06-03,2026-06-03 09:01:27,Organic Search,Web,v3.1.0-web,Control_A,Germany
usr_003719,2026-07-29,2026-07-29 07:58:49,Paid Search (Google),iOS,v2.5.3,Variant_B,United Kingdom
usr_003720,2026-07-20,2026-07-20 01:59:10,Meta Ads (Instagram),Android,v2.5.1,Variant_B,Canada
usr_003721,2026-08-15,2026-08-15 09:24:53,Meta Ads (Instagram),iOS,v2.5.3,Control_A,Canada
usr_003722,2026-07-15,2026-07-15 16:25:20,Referral,Android,v2.5.3,Variant_B,Germany
usr_003723,2026-06-18,2026-06-18 12:11:47,Organic Search,Android,v2.5.2,Control_A,United Kingdom
usr_003724,2026-08-16,2026-08-16 01:40:08,Influencer Campaign,Web,v3.1.0-web,Control_A,United States
usr_003725,2026-08-05,2026-08-05 10:45:02,Meta Ads (Instagram),iOS,v2.5.1,Variant_B,United Kingdom
usr_003726,2026-06-02,2026-06-02 00:12:13,Organic Search,Android,v2.5.2,Control_A,Germany
usr_003727,2026-06-01,2026-06-01 13:02:41,Meta Ads (Instagram),Android,v2.5.1,Control_A,United States
usr_003728,2026-06-18,2026-06-18 23:21:45,Paid Search (Google),Android,v2.5.3,Variant_B,India
usr_003729,2026-06-10,2026-06-10 21:54:39,Meta Ads (Instagram),iOS,v2.5.1,Control_A,Canada
usr_003730,2026-08-16,2026-08-16 05:05:35,Meta Ads (Instagram),iOS,v2.5.1,Variant_B,United Kingdom
usr_003731,2026-06-03,2026-06-03 01:18:31,Referral,Android,v2.5.3,Variant_B,Germany
usr_003732,2026-06-08,2026-06-08 06:31:53,Paid Search (Google),Android,v2.5.1,Control_A,United Kingdom
usr_003733,2026-08-29,2026-08-29 08:29:13,Paid Search (Google),iOS,v2.5.2,Control_A,Germany
usr_003734,2026-06-02,2026-06-02 14:46:32,Organic Search,iOS,v2.5.3,Variant_B,United Kingdom
usr_003735,2026-08-24,2026-08-24 13:03:51,Referral,Android,v2.5.3,Control_A,United States
usr_003736,2026-06-12,2026-06-12 23:44:50,Paid Search (Google),iOS,v2.5.2,Control_A,United Kingdom
usr_003737,2026-08-27,2026-08-27 19:37:25,Influencer Campaign,iOS,v2.5.1,Variant_B,India
usr_003738,2026-06-21,2026-06-21 12:30:56,Meta Ads (Instagram),iOS,v2.5.3,Control_A,Germany
usr_003739,2026-07-01,2026-07-01 03:27:23,Paid Search (Google),Android,v2.5.3,Control_A,India
usr_003740,2026-06-24,2026-06-24 04:14:58,Meta Ads (Instagram),iOS,v2.5.1,Variant_B,Germany
usr_003741,2026-08-15,2026-08-15 12:38:33,Organic Search,Android,v2.5.3,Variant_B,Canada
usr_003742,2026-07-14,2026-07-14 04:55:56,Meta Ads (Instagram),Android,v2.5.1,Control_A,Germany
usr_003743,2026-06-10,2026-06-10 14:25:22,Paid Search (Google),Android,v2.5.1,Variant_B,United Kingdom
usr_003744,2026-06-09,2026-06-09 06:24:47,Influencer Campaign,Android,v2.5.3,Variant_B,Canada
usr_003745,2026-06-15,2026-06-15 18:21:19,Organic Search,iOS,v2.5.2,Control_A,India
usr_003746,2026-07-12,2026-07-12 07:07:10,Influencer Campaign,Android,v2.5.3,Variant_B,India
usr_003747,2026-07-13,2026-07-13 11:59:10,Paid Search (Google),Web,v3.1.0-web,Variant_B,Canada
usr_003748,2026-07-02,2026-07-02 05:41:15,Organic Search,Android,v2.5.1,Control_A,Germany
usr_003749,2026-06-26,2026-06-26 12:47:57,Organic Search,iOS,v2.5.1,Control_A,Canada
usr_003750,2026-07-15,2026-07-15 10:54:17,Paid Search (Google),Web,v3.1.0-web,Control_A,Germany
usr_003751,2026-07-08,2026-07-08 11:47:58,Paid Search (Google),Android,v2.5.3,Variant_B,United Kingdom
usr_003752,2026-07-04,2026-07-04 17:01:42,Meta Ads (Instagram),Android,v2.5.3,Control_A,Canada
usr_003753,2026-06-27,2026-06-27 02:20:50,Organic Search,iOS,v2.5.3,Variant_B,United Kingdom
usr_003754,2026-06-12,2026-06-12 18:03:52,Organic Search,Android,v2.5.3,Variant_B,Canada
usr_003755,2026-07-16,2026-07-16 20:55:09,Meta Ads (Instagram),Android,v2.5.1,Control_A,United Kingdom
usr_003756,2026-06-16,2026-06-16 23:14:24,Meta Ads (Instagram),Android,v2.5.2,Variant_B,Germany
usr_003757,2026-07-18,2026-07-18 13:47:56,Meta Ads (Instagram),iOS,v2.5.3,Variant_B,United States
usr_003758,2026-07-04,2026-07-04 11:59:47,Referral,iOS,v2.5.2,Control_A,India
usr_003759,2026-08-16,2026-08-16 03:05:20,Organic Search,Android,v2.5.2,Variant_B,Germany
usr_003760,2026-06-22,2026-06-22 16:43:52,Meta Ads (Instagram),Android,v2.5.1,Control_A,United States
usr_003761,2026-08-14,2026-08-14 13:51:19,Meta Ads (Instagram),Android,v2.5.3,Variant_B,Germany
usr_003762,2026-07-08,2026-07-08 08:09:37,Meta Ads (Instagram),iOS,v2.5.3,Variant_B,United Kingdom
usr_003763,2026-08-13,2026-08-13 04:55:30,Paid Search (Google),Android,v2.5.3,Variant_B,Germany
usr_003764,2026-07-14,2026-07-14 11:12:57,Paid Search (Google),Android,v2.5.2,Variant_B,Canada
usr_003765,2026-07-05,2026-07-05 12:53:42,Paid Search (Google),iOS,v2.5.2,Control_A,United Kingdom
usr_003766,2026-07-28,2026-07-28 14:41:03,Influencer Campaign,iOS,v2.5.2,Control_A,United States
usr_003767,2026-06-12,2026-06-12 07:04:40,Paid Search (Google),iOS,v2.5.2,Control_A,India
usr_003768,2026-08-04,2026-08-04 11:53:43,Meta Ads (Instagram),Android,v2.5.3,Variant_B,India
usr_003769,2026-07-28,2026-07-28 02:39:07,Meta Ads (Instagram),iOS,v2.5.3,Control_A,United States
usr_003770,2026-06-22,2026-06-22 10:32:38,Paid Search (Google),Web,v3.1.0-web,Control_A,United Kingdom
usr_003771,2026-06-23,2026-06-23 17:42:59,Meta Ads (Instagram),Android,v2.5.1,Control_A,Canada
usr_003772,2026-07-20,2026-07-20 13:55:33,Meta Ads (Instagram),Android,v2.5.2,Control_A,Germany
usr_003773,2026-07-05,2026-07-05 12:00:11,Paid Search (Google),Web,v3.1.0-web,Control_A,United Kingdom
usr_003774,2026-06-21,2026-06-21 21:48:04,Meta Ads (Instagram),Web,v3.1.0-web,Control_A,Canada
usr_003775,2026-06-17,2026-06-17 03:50:13,Meta Ads (Instagram),iOS,v2.5.2,Variant_B,United Kingdom
usr_003776,2026-08-24,2026-08-24 04:13:28,Influencer Campaign,Android,v2.5.1,Control_A,United Kingdom
usr_003777,2026-07-25,2026-07-25 17:25:03,Meta Ads (Instagram),iOS,v2.5.2,Variant_B,United States
usr_003778,2026-06-28,2026-06-28 15:35:32,Organic Search,Android,v2.5.3,Control_A,United States
usr_003779,2026-07-22,2026-07-22 02:30:30,Meta Ads (Instagram),Android,v2.5.3,Variant_B,Canada
usr_003780,2026-06-14,2026-06-14 02:14:38,Organic Search,iOS,v2.5.2,Control_A,Canada
usr_003781,2026-06-19,2026-06-19 02:59:03,Organic Search,iOS,v2.5.3,Control_A,Germany
usr_003782,2026-08-20,2026-08-20 09:34:46,Paid Search (Google),Web,v3.1.0-web,Control_A,United Kingdom
usr_003783,2026-06-16,2026-06-16 01:05:41,Meta Ads (Instagram),Android,v2.5.2,Control_A,United Kingdom
usr_003784,2026-07-29,2026-07-29 18:39:59,Referral,Android,v2.5.1,Variant_B,Canada
usr_003785,2026-08-25,2026-08-25 00:30:29,Referral,iOS,v2.5.3,Control_A,Germany
usr_003786,2026-06-22,2026-06-22 03:22:33,Meta Ads (Instagram),Android,v2.5.1,Variant_B,India
usr_003787,2026-06-20,2026-06-20 00:08:45,Paid Search (Google),Web,v3.1.0-web,Control_A,Germany
usr_003788,2026-06-09,2026-06-09 12:59:05,Meta Ads (Instagram),Android,v2.5.1,Variant_B,Germany
usr_003789,2026-06-17,2026-06-17 01:40:10,Paid Search (Google),iOS,v2.5.3,Variant_B,India
usr_003790,2026-08-21,2026-08-21 01:05:25,Meta Ads (Instagram),iOS,v2.5.1,Variant_B,United States
usr_003791,2026-08-03,2026-08-03 14:11:33,Paid Search (Google),Android,v2.5.3,Variant_B,India
usr_003792,2026-07-04,2026-07-04 17:58:54,Meta Ads (Instagram),iOS,v2.5.2,Control_A,United States
usr_003793,2026-08-23,2026-08-23 03:45:14,Paid Search (Google),Android,v2.5.1,Control_A,United States
usr_003794,2026-08-17,2026-08-17 16:16:06,Referral,Android,v2.5.1,Control_A,India
usr_003795,2026-08-08,2026-08-08 15:32:22,Meta Ads (Instagram),Web,v3.1.0-web,Control_A,India
usr_003796,2026-08-16,2026-08-16 07:59:44,Meta Ads (Instagram),Android,v2.5.3,Variant_B,India
usr_003797,2026-07-29,2026-07-29 08:28:09,Meta Ads (Instagram),Android,v2.5.2,Control_A,United States
usr_003798,2026-08-18,2026-08-18 02:15:50,Paid Search (Google),iOS,v2.5.3,Variant_B,Canada
usr_003799,2026-07-26,2026-07-26 12:33:56,Referral,iOS,v2.5.1,Control_A,Germany
usr_003800,2026-06-09,2026-06-09 09:30:38,Meta Ads (Instagram),Android,v2.5.2,Variant_B,Canada
usr_003801,2026-08-18,2026-08-18 01:45:16,Meta Ads (Instagram),Android,v2.5.1,Control_A,India
usr_003802,2026-06-07,2026-06-07 00:47:12,Organic Search,iOS,v2.5.2,Control_A,India
usr_003803,2026-08-05,2026-08-05 17:29:38,Meta Ads (Instagram),iOS,v2.5.2,Control_A,Germany
usr_003804,2026-07-22,2026-07-22 05:48:58,Meta Ads (Instagram),iOS,v2.5.1,Control_A,United Kingdom
usr_003805,2026-08-17,2026-08-17 08:24:22,Referral,iOS,v2.5.2,Control_A,India
usr_003806,2026-06-09,2026-06-09 21:38:42,Meta Ads (Instagram),Web,v3.1.0-web,Variant_B,Germany
usr_003807,2026-06-09,2026-06-09 07:14:59,Meta Ads (Instagram),iOS,v2.5.3,Control_A,United Kingdom
usr_003808,2026-08-10,2026-08-10 11:05:45,Meta Ads (Instagram),Android,v2.5.2,Control_A,United Kingdom
usr_003809,2026-06-02,2026-06-02 21:21:54,Organic Search,Android,v2.5.1,Control_A,India
usr_003810,2026-07-12,2026-07-12 04:52:01,Referral,Android,v2.5.2,Variant_B,Canada
usr_003811,2026-08-19,2026-08-19 11:45:32,Organic Search,Web,v3.1.0-web,Control_A,United States
usr_003812,2026-06-05,2026-06-05 22:34:00,Organic Search,Android,v2.5.2,Variant_B,Germany
usr_003813,2026-06-08,2026-06-08 11:11:39,Meta Ads (Instagram),Web,v3.1.0-web,Variant_B,United Kingdom
usr_003814,2026-06-29,2026-06-29 04:41:46,Organic Search,Android,v2.5.2,Control_A,United Kingdom
usr_003815,2026-08-06,2026-08-06 19:47:27,Meta Ads (Instagram),Android,v2.5.2,Variant_B,United States
usr_003816,2026-06-07,2026-06-07 17:22:47,Meta Ads (Instagram),iOS,v2.5.2,Variant_B,Germany
usr_003817,2026-08-19,2026-08-19 09:03:44,Paid Search (Google),Web,v3.1.0-web,Control_A,India
usr_003818,2026-08-11,2026-08-11 13:16:24,Referral,Android,v2.5.2,Control_A,India
usr_003819,2026-07-20,2026-07-20 20:28:49,Meta Ads (Instagram),iOS,v2.5.1,Control_A,Germany
usr_003820,2026-06-04,2026-06-04 00:31:03,Meta Ads (Instagram),Android,v2.5.3,Control_A,United Kingdom
usr_003821,2026-06-06,2026-06-06 10:59:19,Referral,Android,v2.5.3,Variant_B,United States
usr_003822,2026-06-30,2026-06-30 15:12:32,Referral,iOS,v2.5.3,Variant_B,United Kingdom
usr_003823,2026-07-11,2026-07-11 02:45:51,Influencer Campaign,iOS,v2.5.2,Variant_B,United States
usr_003824,2026-08-12,2026-08-12 17:22:51,Organic Search,iOS,v2.5.3,Control_A,Canada
usr_003825,2026-06-27,2026-06-27 05:02:08,Referral,iOS,v2.5.2,Variant_B,United Kingdom
usr_003826,2026-08-03,2026-08-03 11:10:53,Meta Ads (Instagram),Android,v2.5.3,Control_A,United States
usr_003827,2026-08-06,2026-08-06 04:27:19,Organic Search,iOS,v2.5.1,Control_A,Germany
usr_003828,2026-08-03,2026-08-03 11:57:30,Referral,Android,v2.5.3,Variant_B,Canada
usr_003829,2026-07-10,2026-07-10 07:11:11,Paid Search (Google),Android,v2.5.1,Variant_B,United Kingdom
usr_003830,2026-08-23,2026-08-23 21:33:05,Influencer Campaign,Android,v2.5.2,Variant_B,India
usr_003831,2026-06-23,2026-06-23 23:28:09,Referral,iOS,v2.5.3,Variant_B,India
usr_003832,2026-07-14,2026-07-14 04:38:46,Influencer Campaign,iOS,v2.5.2,Control_A,Germany
usr_003833,2026-08-18,2026-08-18 13:49:11,Meta Ads (Instagram),iOS,v2.5.2,Control_A,India
usr_003834,2026-06-24,2026-06-24 14:31:32,Referral,iOS,v2.5.1,Variant_B,Canada
usr_003835,2026-06-21,2026-06-21 06:23:24,Paid Search (Google),iOS,v2.5.1,Variant_B,Canada
usr_003836,2026-08-12,2026-08-12 03:55:56,Paid Search (Google),Android,v2.5.2,Variant_B,United Kingdom
usr_003837,2026-07-10,2026-07-10 01:50:36,Organic Search,iOS,v2.5.2,Control_A,United States
usr_003838,2026-08-06,2026-08-06 22:18:46,Organic Search,Android,v2.5.1,Control_A,India
usr_003839,2026-07-23,2026-07-23 10:06:12,Meta Ads (Instagram),Android,v2.5.1,Variant_B,United States
usr_003840,2026-06-26,2026-06-26 07:05:05,Meta Ads (Instagram),Android,v2.5.2,Variant_B,Canada
usr_003841,2026-08-09,2026-08-09 14:32:46,Referral,Web,v3.1.0-web,Control_A,India
usr_003842,2026-08-10,2026-08-10 08:01:30,Organic Search,Web,v3.1.0-web,Control_A,India
usr_003843,2026-08-17,2026-08-17 07:18:13,Referral,Android,v2.5.2,Control_A,United Kingdom
usr_003844,2026-06-27,2026-06-27 03:03:38,Referral,Android,v2.5.1,Variant_B,Canada
usr_003845,2026-06-21,2026-06-21 17:40:47,Organic Search,Android,v2.5.3,Variant_B,Canada
usr_003846,2026-08-13,2026-08-13 14:38:38,Paid Search (Google),Web,v3.1.0-web,Variant_B,India
usr_003847,2026-08-13,2026-08-13 03:28:45,Meta Ads (Instagram),Android,v2.5.2,Control_A,United Kingdom
usr_003848,2026-08-11,2026-08-11 09:37:57,Meta Ads (Instagram),iOS,v2.5.2,Variant_B,Canada
usr_003849,2026-07-10,2026-07-10 13:03:41,Meta Ads (Instagram),Android,v2.5.3,Variant_B,Canada
usr_003850,2026-07-16,2026-07-16 19:38:47,Meta Ads (Instagram),iOS,v2.5.2,Control_A,United States
usr_003851,2026-07-12,2026-07-12 22:54:32,Meta Ads (Instagram),iOS,v2.5.1,Control_A,India
usr_003852,2026-06-28,2026-06-28 15:37:54,Meta Ads (Instagram),iOS,v2.5.2,Control_A,India
usr_003853,2026-06-17,2026-06-17 03:58:01,Organic Search,iOS,v2.5.2,Variant_B,United Kingdom
usr_003854,2026-08-21,2026-08-21 00:14:49,Paid Search (Google),iOS,v2.5.2,Control_A,United States
usr_003855,2026-08-12,2026-08-12 21:18:34,Organic Search,iOS,v2.5.1,Variant_B,United States
usr_003856,2026-08-28,2026-08-28 14:45:57,Meta Ads (Instagram),iOS,v2.5.2,Control_A,India
usr_003857,2026-06-21,2026-06-21 10:07:25,Influencer Campaign,Android,v2.5.3,Control_A,India
usr_003858,2026-06-13,2026-06-13 11:16:47,Paid Search (Google),Web,v3.1.0-web,Variant_B,Germany
usr_003859,2026-07-24,2026-07-24 00:36:30,Meta Ads (Instagram),Web,v3.1.0-web,Control_A,India
usr_003860,2026-07-24,2026-07-24 08:43:56,Referral,iOS,v2.5.2,Variant_B,United Kingdom
usr_003861,2026-06-25,2026-06-25 15:53:22,Influencer Campaign,Web,v3.1.0-web,Variant_B,United Kingdom
usr_003862,2026-07-14,2026-07-14 22:10:54,Meta Ads (Instagram),Android,v2.5.3,Control_A,India
usr_003863,2026-06-06,2026-06-06 11:47:43,Meta Ads (Instagram),iOS,v2.5.3,Control_A,India
usr_003864,2026-08-28,2026-08-28 06:13:27,Paid Search (Google),Android,v2.5.1,Control_A,United States
usr_003865,2026-06-27,2026-06-27 18:28:39,Meta Ads (Instagram),Android,v2.5.1,Variant_B,Germany
usr_003866,2026-08-27,2026-08-27 09:24:09,Influencer Campaign,iOS,v2.5.2,Variant_B,Germany
usr_003867,2026-06-16,2026-06-16 20:11:09,Influencer Campaign,Android,v2.5.2,Control_A,India
usr_003868,2026-06-21,2026-06-21 00:24:03,Paid Search (Google),Web,v3.1.0-web,Control_A,United Kingdom
usr_003869,2026-07-17,2026-07-17 19:23:27,Organic Search,iOS,v2.5.2,Variant_B,Germany
usr_003870,2026-08-07,2026-08-07 23:48:20,Paid Search (Google),iOS,v2.5.1,Control_A,United States
usr_003871,2026-07-01,2026-07-01 22:08:50,Meta Ads (Instagram),Android,v2.5.1,Variant_B,Germany
usr_003872,2026-07-28,2026-07-28 13:55:47,Paid Search (Google),Android,v2.5.2,Control_A,Germany
usr_003873,2026-06-14,2026-06-14 10:23:13,Organic Search,iOS,v2.5.3,Variant_B,United Kingdom
usr_003874,2026-06-18,2026-06-18 23:39:09,Paid Search (Google),iOS,v2.5.2,Variant_B,United States
usr_003875,2026-07-04,2026-07-04 16:34:17,Paid Search (Google),Android,v2.5.3,Variant_B,Germany
usr_003876,2026-06-07,2026-06-07 22:31:41,Influencer Campaign,Android,v2.5.1,Variant_B,Germany
usr_003877,2026-08-07,2026-08-07 02:10:30,Referral,iOS,v2.5.2,Variant_B,Canada
usr_003878,2026-06-16,2026-06-16 11:10:06,Meta Ads (Instagram),iOS,v2.5.1,Control_A,United Kingdom
usr_003879,2026-06-22,2026-06-22 20:58:18,Paid Search (Google),Android,v2.5.3,Variant_B,United Kingdom
usr_003880,2026-06-06,2026-06-06 12:03:14,Meta Ads (Instagram),iOS,v2.5.3,Variant_B,United Kingdom
usr_003881,2026-08-21,2026-08-21 20:45:50,Organic Search,iOS,v2.5.2,Variant_B,India
usr_003882,2026-08-09,2026-08-09 23:37:44,Organic Search,iOS,v2.5.3,Variant_B,Germany
usr_003883,2026-08-16,2026-08-16 10:43:10,Referral,Android,v2.5.1,Control_A,India
usr_003884,2026-07-30,2026-07-30 22:22:37,Meta Ads (Instagram),iOS,v2.5.1,Control_A,United States
usr_003885,2026-08-02,2026-08-02 09:04:20,Influencer Campaign,iOS,v2.5.3,Variant_B,Germany
usr_003886,2026-08-22,2026-08-22 07:51:09,Meta Ads (Instagram),Android,v2.5.2,Control_A,India
usr_003887,2026-08-12,2026-08-12 17:03:41,Organic Search,Android,v2.5.1,Variant_B,Canada
usr_003888,2026-08-23,2026-08-23 03:51:59,Paid Search (Google),iOS,v2.5.3,Control_A,United Kingdom
usr_003889,2026-08-22,2026-08-22 12:30:57,Paid Search (Google),iOS,v2.5.1,Control_A,United States
usr_003890,2026-07-11,2026-07-11 12:39:04,Meta Ads (Instagram),Web,v3.1.0-web,Control_A,United Kingdom
usr_003891,2026-07-06,2026-07-06 02:59:45,Organic Search,Android,v2.5.1,Control_A,Canada
usr_003892,2026-08-09,2026-08-09 00:55:50,Paid Search (Google),Android,v2.5.3,Variant_B,Canada
usr_003893,2026-07-27,2026-07-27 17:50:16,Meta Ads (Instagram),iOS,v2.5.2,Control_A,Germany
usr_003894,2026-06-19,2026-06-19 01:50:05,Referral,iOS,v2.5.1,Control_A,Canada
usr_003895,2026-06-26,2026-06-26 15:10:30,Meta Ads (Instagram),Web,v3.1.0-web,Variant_B,United States
usr_003896,2026-06-17,2026-06-17 08:16:05,Meta Ads (Instagram),iOS,v2.5.1,Control_A,India
usr_003897,2026-07-28,2026-07-28 14:07:56,Paid Search (Google),Android,v2.5.2,Control_A,United States
usr_003898,2026-08-29,2026-08-29 22:40:06,Meta Ads (Instagram),iOS,v2.5.1,Variant_B,Canada
usr_003899,2026-06-20,2026-06-20 11:07:26,Influencer Campaign,iOS,v2.5.1,Control_A,United States
usr_003900,2026-08-24,2026-08-24 19:07:23,Organic Search,iOS,v2.5.2,Variant_B,United Kingdom
usr_003901,2026-08-28,2026-08-28 16:47:17,Organic Search,Android,v2.5.1,Variant_B,Canada
usr_003902,2026-07-10,2026-07-10 01:01:27,Referral,Android,v2.5.3,Variant_B,Germany
usr_003903,2026-06-20,2026-06-20 04:41:32,Referral,Android,v2.5.1,Variant_B,India
usr_003904,2026-08-21,2026-08-21 14:16:00,Paid Search (Google),Android,v2.5.2,Control_A,United States
usr_003905,2026-08-22,2026-08-22 22:48:44,Meta Ads (Instagram),Android,v2.5.3,Variant_B,India
usr_003906,2026-06-02,2026-06-02 11:57:51,Paid Search (Google),iOS,v2.5.3,Control_A,Canada
usr_003907,2026-08-04,2026-08-04 10:47:38,Influencer Campaign,Android,v2.5.1,Control_A,India
usr_003908,2026-07-14,2026-07-14 10:31:40,Meta Ads (Instagram),iOS,v2.5.1,Control_A,United States
usr_003909,2026-06-12,2026-06-12 11:00:40,Organic Search,Android,v2.5.3,Control_A,United States
usr_003910,2026-07-04,2026-07-04 01:09:35,Meta Ads (Instagram),Android,v2.5.2,Variant_B,Germany
usr_003911,2026-06-30,2026-06-30 06:57:43,Organic Search,iOS,v2.5.3,Control_A,United States
usr_003912,2026-08-05,2026-08-05 08:25:24,Organic Search,Android,v2.5.2,Variant_B,Germany
usr_003913,2026-08-08,2026-08-08 01:42:30,Organic Search,iOS,v2.5.3,Variant_B,India
usr_003914,2026-06-16,2026-06-16 21:09:19,Meta Ads (Instagram),Android,v2.5.3,Variant_B,Canada
usr_003915,2026-06-09,2026-06-09 09:46:10,Influencer Campaign,Android,v2.5.1,Control_A,Germany
usr_003916,2026-07-31,2026-07-31 23:21:43,Influencer Campaign,iOS,v2.5.1,Variant_B,Canada
usr_003917,2026-06-12,2026-06-12 19:32:17,Organic Search,Android,v2.5.2,Variant_B,United Kingdom
usr_003918,2026-06-02,2026-06-02 09:15:03,Organic Search,iOS,v2.5.2,Variant_B,India
usr_003919,2026-06-09,2026-06-09 14:02:20,Paid Search (Google),iOS,v2.5.3,Control_A,Canada
usr_003920,2026-08-25,2026-08-25 10:54:29,Meta Ads (Instagram),Android,v2.5.3,Variant_B,United States
usr_003921,2026-06-20,2026-06-20 19:39:44,Organic Search,iOS,v2.5.3,Control_A,Canada
usr_003922,2026-08-02,2026-08-02 14:15:29,Meta Ads (Instagram),Android,v2.5.2,Control_A,India
usr_003923,2026-07-24,2026-07-24 18:25:59,Paid Search (Google),Android,v2.5.1,Variant_B,United States
usr_003924,2026-07-20,2026-07-20 12:23:59,Meta Ads (Instagram),Android,v2.5.3,Control_A,Canada
usr_003925,2026-07-19,2026-07-19 08:55:33,Paid Search (Google),Android,v2.5.3,Control_A,Canada
usr_003926,2026-07-10,2026-07-10 10:22:28,Meta Ads (Instagram),iOS,v2.5.1,Control_A,Germany
usr_003927,2026-07-23,2026-07-23 05:12:14,Paid Search (Google),Android,v2.5.2,Control_A,United Kingdom
usr_003928,2026-07-06,2026-07-06 16:17:09,Organic Search,iOS,v2.5.3,Variant_B,Germany
usr_003929,2026-06-28,2026-06-28 00:21:07,Meta Ads (Instagram),iOS,v2.5.3,Variant_B,United States
usr_003930,2026-08-02,2026-08-02 02:30:36,Influencer Campaign,Android,v2.5.1,Control_A,India
usr_003931,2026-07-18,2026-07-18 07:56:50,Meta Ads (Instagram),Android,v2.5.3,Control_A,India
usr_003932,2026-07-07,2026-07-07 06:48:44,Organic Search,Android,v2.5.3,Variant_B,United States
usr_003933,2026-07-10,2026-07-10 11:01:37,Paid Search (Google),iOS,v2.5.3,Variant_B,India
usr_003934,2026-06-06,2026-06-06 18:44:06,Referral,Android,v2.5.2,Control_A,Canada
usr_003935,2026-08-23,2026-08-23 11:52:17,Paid Search (Google),iOS,v2.5.1,Control_A,Canada
usr_003936,2026-06-28,2026-06-28 22:19:24,Organic Search,Android,v2.5.1,Variant_B,Canada
usr_003937,2026-06-18,2026-06-18 21:46:24,Referral,Android,v2.5.3,Variant_B,United Kingdom
usr_003938,2026-07-21,2026-07-21 07:25:25,Meta Ads (Instagram),iOS,v2.5.2,Variant_B,India
usr_003939,2026-06-20,2026-06-20 03:04:11,Paid Search (Google),Android,v2.5.3,Variant_B,Canada
usr_003940,2026-08-26,2026-08-26 15:05:30,Meta Ads (Instagram),Android,v2.5.2,Control_A,India
usr_003941,2026-08-15,2026-08-15 12:34:27,Paid Search (Google),iOS,v2.5.1,Variant_B,United States
usr_003942,2026-06-17,2026-06-17 21:36:43,Referral,iOS,v2.5.3,Variant_B,Canada
usr_003943,2026-08-04,2026-08-04 00:33:34,Paid Search (Google),Android,v2.5.2,Variant_B,United States
usr_003944,2026-07-15,2026-07-15 01:17:24,Referral,Android,v2.5.1,Variant_B,United Kingdom
usr_003945,2026-08-02,2026-08-02 18:37:22,Influencer Campaign,iOS,v2.5.1,Variant_B,Canada
usr_003946,2026-06-14,2026-06-14 05:44:23,Paid Search (Google),Android,v2.5.1,Variant_B,India
usr_003947,2026-08-04,2026-08-04 06:03:20,Organic Search,iOS,v2.5.3,Variant_B,Canada
usr_003948,2026-08-06,2026-08-06 18:02:29,Paid Search (Google),Android,v2.5.1,Control_A,United States
usr_003949,2026-06-08,2026-06-08 08:04:54,Paid Search (Google),iOS,v2.5.2,Variant_B,United Kingdom
usr_003950,2026-06-26,2026-06-26 02:30:09,Meta Ads (Instagram),Web,v3.1.0-web,Variant_B,Canada
usr_003951,2026-07-05,2026-07-05 09:20:59,Influencer Campaign,iOS,v2.5.1,Variant_B,United Kingdom
usr_003952,2026-08-28,2026-08-28 17:40:50,Paid Search (Google),Android,v2.5.1,Control_A,India
usr_003953,2026-07-18,2026-07-18 03:48:50,Paid Search (Google),iOS,v2.5.1,Control_A,India
usr_003954,2026-07-29,2026-07-29 03:35:38,Meta Ads (Instagram),iOS,v2.5.3,Variant_B,Germany
usr_003955,2026-08-23,2026-08-23 02:07:38,Referral,Web,v3.1.0-web,Variant_B,Canada
usr_003956,2026-08-04,2026-08-04 20:45:49,Influencer Campaign,Android,v2.5.1,Variant_B,United Kingdom
usr_003957,2026-08-10,2026-08-10 19:31:01,Paid Search (Google),iOS,v2.5.3,Control_A,United Kingdom
usr_003958,2026-08-13,2026-08-13 20:20:39,Meta Ads (Instagram),Android,v2.5.2,Control_A,India
usr_003959,2026-08-22,2026-08-22 01:52:15,Referral,iOS,v2.5.2,Control_A,United Kingdom
usr_003960,2026-06-30,2026-06-30 13:40:56,Paid Search (Google),iOS,v2.5.2,Variant_B,United States
usr_003961,2026-07-04,2026-07-04 20:28:24,Meta Ads (Instagram),Android,v2.5.2,Control_A,United States
usr_003962,2026-07-05,2026-07-05 01:44:43,Meta Ads (Instagram),iOS,v2.5.3,Control_A,Germany
usr_003963,2026-07-20,2026-07-20 12:54:39,Paid Search (Google),Android,v2.5.1,Variant_B,Canada
usr_003964,2026-08-17,2026-08-17 21:22:36,Meta Ads (Instagram),Android,v2.5.1,Control_A,United Kingdom
usr_003965,2026-08-19,2026-08-19 12:48:31,Referral,iOS,v2.5.3,Control_A,United States
usr_003966,2026-08-02,2026-08-02 14:19:56,Meta Ads (Instagram),Android,v2.5.3,Control_A,India
usr_003967,2026-06-09,2026-06-09 17:26:11,Meta Ads (Instagram),iOS,v2.5.2,Control_A,India
usr_003968,2026-08-07,2026-08-07 18:02:24,Organic Search,Android,v2.5.1,Variant_B,Canada
usr_003969,2026-06-03,2026-06-03 00:38:09,Referral,Android,v2.5.1,Variant_B,Germany
usr_003970,2026-07-06,2026-07-06 22:48:05,Organic Search,Web,v3.1.0-web,Control_A,Germany
usr_003971,2026-07-14,2026-07-14 23:42:23,Meta Ads (Instagram),iOS,v2.5.2,Variant_B,Germany
usr_003972,2026-07-15,2026-07-15 01:17:54,Meta Ads (Instagram),iOS,v2.5.1,Variant_B,Germany
usr_003973,2026-06-06,2026-06-06 14:56:47,Meta Ads (Instagram),Android,v2.5.2,Variant_B,India
usr_003974,2026-07-21,2026-07-21 10:39:02,Meta Ads (Instagram),Android,v2.5.3,Variant_B,India
usr_003975,2026-06-25,2026-06-25 07:57:07,Meta Ads (Instagram),iOS,v2.5.3,Variant_B,United States
usr_003976,2026-06-26,2026-06-26 00:08:18,Organic Search,iOS,v2.5.3,Variant_B,United Kingdom
usr_003977,2026-06-01,2026-06-01 16:40:41,Referral,Android,v2.5.2,Variant_B,United States
usr_003978,2026-07-01,2026-07-01 10:56:59,Meta Ads (Instagram),iOS,v2.5.1,Variant_B,India
usr_003979,2026-08-22,2026-08-22 22:22:18,Referral,iOS,v2.5.3,Control_A,Canada
usr_003980,2026-06-09,2026-06-09 06:41:09,Meta Ads (Instagram),Android,v2.5.3,Variant_B,Germany
usr_003981,2026-07-31,2026-07-31 14:26:40,Paid Search (Google),Android,v2.5.2,Variant_B,India
usr_003982,2026-06-16,2026-06-16 07:52:28,Meta Ads (Instagram),Web,v3.1.0-web,Control_A,Germany
usr_003983,2026-08-23,2026-08-23 02:41:48,Meta Ads (Instagram),iOS,v2.5.2,Variant_B,United Kingdom
usr_003984,2026-07-22,2026-07-22 10:10:15,Organic Search,Android,v2.5.2,Variant_B,Canada
usr_003985,2026-06-21,2026-06-21 20:14:27,Influencer Campaign,iOS,v2.5.1,Control_A,Canada
usr_003986,2026-08-26,2026-08-26 21:36:14,Organic Search,Web,v3.1.0-web,Control_A,India
usr_003987,2026-08-02,2026-08-02 01:04:38,Organic Search,iOS,v2.5.1,Variant_B,Germany
usr_003988,2026-06-08,2026-06-08 09:56:30,Meta Ads (Instagram),iOS,v2.5.3,Control_A,Canada
usr_003989,2026-07-01,2026-07-01 16:28:07,Referral,iOS,v2.5.2,Control_A,Canada
usr_003990,2026-07-25,2026-07-25 22:20:39,Meta Ads (Instagram),Android,v2.5.1,Control_A,India
usr_003991,2026-08-02,2026-08-02 23:25:00,Meta Ads (Instagram),iOS,v2.5.1,Variant_B,Germany
usr_003992,2026-07-15,2026-07-15 05:49:24,Referral,iOS,v2.5.1,Variant_B,United Kingdom
usr_003993,2026-08-18,2026-08-18 13:10:32,Meta Ads (Instagram),iOS,v2.5.1,Variant_B,Germany
usr_003994,2026-07-13,2026-07-13 10:11:55,Meta Ads (Instagram),iOS,v2.5.1,Control_A,United Kingdom
usr_003995,2026-06-24,2026-06-24 08:38:56,Influencer Campaign,Android,v2.5.2,Control_A,Germany
usr_003996,2026-08-12,2026-08-12 04:01:30,Paid Search (Google),iOS,v2.5.2,Control_A,Germany
usr_003997,2026-06-14,2026-06-14 03:56:41,Organic Search,iOS,v2.5.2,Variant_B,India
usr_003998,2026-08-01,2026-08-01 13:02:11,Meta Ads (Instagram),Web,v3.1.0-web,Control_A,Germany
usr_003999,2026-06-26,2026-06-26 21:56:36,Influencer Campaign,iOS,v2.5.3,Variant_B,United Kingdom
usr_004000,2026-07-05,2026-07-05 22:57:50,Paid Search (Google),Android,v2.5.3,Variant_B,United States
usr_004001,2026-08-17,2026-08-17 12:33:33,Meta Ads (Instagram),Android,v2.5.1,Variant_B,Germany
usr_004002,2026-07-19,2026-07-19 19:36:55,Meta Ads (Instagram),Android,v2.5.3,Control_A,United Kingdom
usr_004003,2026-07-17,2026-07-17 07:09:15,Meta Ads (Instagram),iOS,v2.5.2,Control_A,Canada
usr_004004,2026-08-07,2026-08-07 10:06:08,Meta Ads (Instagram),Android,v2.5.1,Control_A,Germany
usr_004005,2026-06-23,2026-06-23 17:44:33,Paid Search (Google),Android,v2.5.3,Control_A,United States
usr_004006,2026-08-12,2026-08-12 10:49:49,Meta Ads (Instagram),Android,v2.5.3,Control_A,United Kingdom
usr_004007,2026-08-16,2026-08-16 14:29:45,Meta Ads (Instagram),Android,v2.5.3,Control_A,United Kingdom
usr_004008,2026-08-18,2026-08-18 09:27:08,Organic Search,Android,v2.5.1,Variant_B,United Kingdom
usr_004009,2026-08-16,2026-08-16 22:57:03,Paid Search (Google),iOS,v2.5.3,Variant_B,Canada
usr_004010,2026-08-12,2026-08-12 22:21:50,Meta Ads (Instagram),Android,v2.5.1,Control_A,United Kingdom
usr_004011,2026-07-06,2026-07-06 11:31:43,Referral,iOS,v2.5.2,Control_A,Germany
usr_004012,2026-07-28,2026-07-28 15:46:44,Paid Search (Google),iOS,v2.5.2,Variant_B,India
usr_004013,2026-07-12,2026-07-12 19:14:52,Meta Ads (Instagram),iOS,v2.5.2,Variant_B,United Kingdom
usr_004014,2026-06-11,2026-06-11 00:05:20,Meta Ads (Instagram),Android,v2.5.2,Variant_B,United States
usr_004015,2026-06-07,2026-06-07 03:09:05,Paid Search (Google),Android,v2.5.2,Control_A,Germany
usr_004016,2026-08-19,2026-08-19 01:21:47,Meta Ads (Instagram),Android,v2.5.3,Variant_B,Canada
usr_004017,2026-06-18,2026-06-18 12:26:53,Meta Ads (Instagram),iOS,v2.5.1,Variant_B,Germany
usr_004018,2026-08-21,2026-08-21 07:34:30,Meta Ads (Instagram),iOS,v2.5.2,Variant_B,Germany
usr_004019,2026-06-09,2026-06-09 08:22:55,Meta Ads (Instagram),Web,v3.1.0-web,Variant_B,United Kingdom
usr_004020,2026-08-20,2026-08-20 05:18:51,Organic Search,Android,v2.5.2,Variant_B,United Kingdom
usr_004021,2026-07-01,2026-07-01 14:10:46,Meta Ads (Instagram),iOS,v2.5.3,Control_A,Canada
usr_004022,2026-08-09,2026-08-09 07:22:57,Organic Search,Android,v2.5.2,Control_A,Canada
usr_004023,2026-06-21,2026-06-21 05:15:16,Paid Search (Google),Android,v2.5.3,Variant_B,United States
usr_004024,2026-06-19,2026-06-19 03:07:50,Meta Ads (Instagram),iOS,v2.5.2,Control_A,Germany
usr_004025,2026-07-09,2026-07-09 01:47:35,Paid Search (Google),iOS,v2.5.2,Control_A,United Kingdom
usr_004026,2026-06-11,2026-06-11 22:34:02,Meta Ads (Instagram),Android,v2.5.2,Control_A,United Kingdom
usr_004027,2026-06-16,2026-06-16 01:08:01,Referral,Android,v2.5.3,Variant_B,United States
usr_004028,2026-07-24,2026-07-24 22:13:30,Meta Ads (Instagram),Android,v2.5.2,Control_A,India
usr_004029,2026-08-29,2026-08-29 15:45:39,Organic Search,Android,v2.5.3,Variant_B,United States
usr_004030,2026-07-16,2026-07-16 04:50:47,Meta Ads (Instagram),iOS,v2.5.2,Control_A,India
usr_004031,2026-08-10,2026-08-10 09:09:28,Referral,iOS,v2.5.2,Variant_B,India
usr_004032,2026-06-19,2026-06-19 14:38:19,Organic Search,Android,v2.5.3,Variant_B,Canada
usr_004033,2026-07-29,2026-07-29 12:19:52,Meta Ads (Instagram),Android,v2.5.1,Control_A,United Kingdom
usr_004034,2026-07-03,2026-07-03 19:44:22,Meta Ads (Instagram),iOS,v2.5.3,Variant_B,Canada
usr_004035,2026-06-19,2026-06-19 12:45:59,Meta Ads (Instagram),iOS,v2.5.3,Variant_B,United States
usr_004036,2026-07-06,2026-07-06 04:29:41,Referral,iOS,v2.5.1,Variant_B,Germany
usr_004037,2026-06-01,2026-06-01 21:04:59,Meta Ads (Instagram),iOS,v2.5.1,Control_A,United States
usr_004038,2026-07-18,2026-07-18 19:32:49,Paid Search (Google),Android,v2.5.2,Variant_B,United States
usr_004039,2026-08-16,2026-08-16 15:14:30,Referral,iOS,v2.5.1,Variant_B,United States
usr_004040,2026-06-03,2026-06-03 15:57:12,Meta Ads (Instagram),Android,v2.5.3,Variant_B,Canada
usr_004041,2026-08-01,2026-08-01 05:21:04,Organic Search,Android,v2.5.3,Control_A,Canada
usr_004042,2026-07-23,2026-07-23 13:46:24,Meta Ads (Instagram),Android,v2.5.2,Control_A,United States
usr_004043,2026-08-05,2026-08-05 11:01:16,Influencer Campaign,Android,v2.5.2,Control_A,India
usr_004044,2026-06-17,2026-06-17 07:41:15,Influencer Campaign,Android,v2.5.2,Variant_B,United Kingdom
usr_004045,2026-08-10,2026-08-10 18:55:02,Referral,Android,v2.5.1,Control_A,India
usr_004046,2026-06-23,2026-06-23 14:21:52,Referral,iOS,v2.5.1,Control_A,United Kingdom
usr_004047,2026-07-29,2026-07-29 09:16:04,Paid Search (Google),iOS,v2.5.3,Control_A,United States
usr_004048,2026-08-28,2026-08-28 07:34:18,Influencer Campaign,iOS,v2.5.2,Variant_B,Canada
usr_004049,2026-06-19,2026-06-19 16:38:34,Meta Ads (Instagram),Android,v2.5.3,Control_A,Canada
usr_004050,2026-06-02,2026-06-02 07:29:56,Meta Ads (Instagram),iOS,v2.5.1,Variant_B,India
usr_004051,2026-06-23,2026-06-23 17:21:24,Meta Ads (Instagram),Android,v2.5.1,Control_A,United States
usr_004052,2026-08-07,2026-08-07 22:38:44,Meta Ads (Instagram),Android,v2.5.1,Variant_B,United Kingdom
usr_004053,2026-08-11,2026-08-11 01:14:48,Meta Ads (Instagram),Android,v2.5.3,Variant_B,United States
usr_004054,2026-07-28,2026-07-28 00:12:41,Meta Ads (Instagram),Android,v2.5.1,Control_A,Germany
usr_004055,2026-06-24,2026-06-24 19:29:17,Meta Ads (Instagram),Android,v2.5.1,Control_A,United Kingdom
usr_004056,2026-08-25,2026-08-25 06:00:15,Referral,Android,v2.5.2,Control_A,Canada
usr_004057,2026-06-07,2026-06-07 10:35:20,Paid Search (Google),Android,v2.5.1,Variant_B,United States
usr_004058,2026-08-24,2026-08-24 01:40:27,Paid Search (Google),Android,v2.5.2,Variant_B,United States
usr_004059,2026-08-22,2026-08-22 11:47:12,Paid Search (Google),Web,v3.1.0-web,Variant_B,Germany
usr_004060,2026-07-20,2026-07-20 04:22:13,Meta Ads (Instagram),Android,v2.5.1,Control_A,India
usr_004061,2026-08-16,2026-08-16 07:54:18,Meta Ads (Instagram),Android,v2.5.2,Variant_B,India
usr_004062,2026-06-13,2026-06-13 18:30:49,Influencer Campaign,Web,v3.1.0-web,Variant_B,United States
usr_004063,2026-07-21,2026-07-21 17:54:51,Influencer Campaign,iOS,v2.5.3,Variant_B,Germany
usr_004064,2026-06-02,2026-06-02 06:52:53,Referral,iOS,v2.5.3,Control_A,United States
usr_004065,2026-06-04,2026-06-04 22:50:47,Paid Search (Google),Android,v2.5.1,Control_A,Canada
usr_004066,2026-08-09,2026-08-09 10:43:10,Paid Search (Google),Android,v2.5.1,Variant_B,India
usr_004067,2026-07-23,2026-07-23 08:53:36,Meta Ads (Instagram),iOS,v2.5.1,Control_A,India
usr_004068,2026-06-07,2026-06-07 11:17:09,Paid Search (Google),iOS,v2.5.3,Variant_B,Germany
usr_004069,2026-06-17,2026-06-17 18:20:43,Organic Search,iOS,v2.5.3,Control_A,United States
usr_004070,2026-06-11,2026-06-11 20:49:36,Referral,Android,v2.5.1,Control_A,Germany
usr_004071,2026-06-24,2026-06-24 10:49:04,Paid Search (Google),Android,v2.5.3,Control_A,United Kingdom
usr_004072,2026-07-14,2026-07-14 14:54:06,Paid Search (Google),iOS,v2.5.1,Variant_B,Germany
usr_004073,2026-08-25,2026-08-25 20:45:01,Organic Search,Android,v2.5.3,Control_A,India
usr_004074,2026-07-16,2026-07-16 11:36:05,Referral,Android,v2.5.3,Variant_B,United Kingdom
usr_004075,2026-06-16,2026-06-16 02:15:01,Referral,Android,v2.5.1,Control_A,United Kingdom
usr_004076,2026-06-16,2026-06-16 00:28:15,Meta Ads (Instagram),Android,v2.5.1,Control_A,United Kingdom
usr_004077,2026-06-08,2026-06-08 05:42:42,Paid Search (Google),Android,v2.5.1,Control_A,Canada
usr_004078,2026-08-28,2026-08-28 09:46:44,Meta Ads (Instagram),iOS,v2.5.1,Control_A,Canada
usr_004079,2026-07-26,2026-07-26 22:00:20,Organic Search,Android,v2.5.3,Variant_B,United States
usr_004080,2026-08-09,2026-08-09 05:08:34,Organic Search,Android,v2.5.3,Variant_B,India
usr_004081,2026-08-06,2026-08-06 10:42:55,Influencer Campaign,iOS,v2.5.3,Control_A,United States
usr_004082,2026-07-27,2026-07-27 10:40:41,Meta Ads (Instagram),Android,v2.5.1,Variant_B,United Kingdom
usr_004083,2026-07-15,2026-07-15 17:29:24,Meta Ads (Instagram),iOS,v2.5.1,Control_A,United States
usr_004084,2026-07-22,2026-07-22 09:38:19,Meta Ads (Instagram),iOS,v2.5.2,Control_A,Canada
usr_004085,2026-06-02,2026-06-02 16:57:29,Organic Search,Android,v2.5.1,Control_A,United States
usr_004086,2026-07-14,2026-07-14 01:05:55,Meta Ads (Instagram),Android,v2.5.3,Control_A,Germany
usr_004087,2026-08-14,2026-08-14 07:26:50,Organic Search,iOS,v2.5.2,Control_A,Germany
usr_004088,2026-07-04,2026-07-04 07:22:03,Meta Ads (Instagram),iOS,v2.5.2,Control_A,United States
usr_004089,2026-07-16,2026-07-16 00:06:01,Meta Ads (Instagram),Web,v3.1.0-web,Variant_B,Canada
usr_004090,2026-06-20,2026-06-20 00:38:08,Paid Search (Google),Android,v2.5.3,Variant_B,Canada
usr_004091,2026-06-05,2026-06-05 05:10:57,Meta Ads (Instagram),Android,v2.5.2,Variant_B,Germany
usr_004092,2026-08-10,2026-08-10 17:25:52,Meta Ads (Instagram),Android,v2.5.3,Control_A,United Kingdom
usr_004093,2026-06-16,2026-06-16 20:48:12,Paid Search (Google),Android,v2.5.1,Control_A,India
usr_004094,2026-07-15,2026-07-15 17:48:58,Paid Search (Google),Android,v2.5.2,Variant_B,India
usr_004095,2026-06-11,2026-06-11 01:13:53,Organic Search,Android,v2.5.1,Control_A,United States
usr_004096,2026-06-25,2026-06-25 08:41:16,Meta Ads (Instagram),iOS,v2.5.3,Variant_B,Germany
usr_004097,2026-08-15,2026-08-15 20:43:07,Referral,iOS,v2.5.3,Control_A,Germany
usr_004098,2026-06-10,2026-06-10 19:14:02,Meta Ads (Instagram),iOS,v2.5.1,Variant_B,United States
usr_004099,2026-06-25,2026-06-25 06:13:21,Influencer Campaign,Android,v2.5.3,Variant_B,United States
usr_004100,2026-08-01,2026-08-01 04:33:18,Meta Ads (Instagram),iOS,v2.5.2,Variant_B,Germany
usr_004101,2026-07-27,2026-07-27 23:08:23,Meta Ads (Instagram),iOS,v2.5.2,Control_A,India
usr_004102,2026-08-15,2026-08-15 05:02:05,Meta Ads (Instagram),Android,v2.5.2,Variant_B,United Kingdom
usr_004103,2026-07-25,2026-07-25 11:51:22,Meta Ads (Instagram),Android,v2.5.3,Control_A,Canada
usr_004104,2026-06-27,2026-06-27 18:40:29,Paid Search (Google),iOS,v2.5.3,Control_A,Germany
usr_004105,2026-08-18,2026-08-18 21:06:36,Organic Search,iOS,v2.5.3,Control_A,United Kingdom
usr_004106,2026-06-08,2026-06-08 14:56:12,Referral,iOS,v2.5.1,Variant_B,India
usr_004107,2026-06-02,2026-06-02 06:50:01,Organic Search,Android,v2.5.3,Control_A,India
usr_004108,2026-08-01,2026-08-01 08:43:27,Paid Search (Google),iOS,v2.5.2,Variant_B,Canada
usr_004109,2026-07-01,2026-07-01 23:43:58,Paid Search (Google),Android,v2.5.2,Variant_B,United Kingdom
usr_004110,2026-08-16,2026-08-16 01:57:04,Meta Ads (Instagram),iOS,v2.5.1,Variant_B,United States
usr_004111,2026-06-02,2026-06-02 20:11:58,Organic Search,Android,v2.5.2,Control_A,Canada
usr_004112,2026-08-15,2026-08-15 14:12:05,Organic Search,Android,v2.5.3,Variant_B,Germany
usr_004113,2026-07-17,2026-07-17 00:52:49,Paid Search (Google),Android,v2.5.3,Variant_B,India
usr_004114,2026-07-03,2026-07-03 14:10:10,Meta Ads (Instagram),iOS,v2.5.3,Control_A,Canada
usr_004115,2026-07-15,2026-07-15 08:12:18,Paid Search (Google),Android,v2.5.1,Variant_B,United States
usr_004116,2026-06-22,2026-06-22 18:20:44,Meta Ads (Instagram),Android,v2.5.2,Variant_B,Canada
usr_004117,2026-06-25,2026-06-25 04:22:07,Meta Ads (Instagram),iOS,v2.5.1,Control_A,Canada
usr_004118,2026-07-25,2026-07-25 16:28:33,Paid Search (Google),Android,v2.5.2,Control_A,Canada
usr_004119,2026-08-06,2026-08-06 05:36:48,Paid Search (Google),iOS,v2.5.1,Control_A,India
usr_004120,2026-08-21,2026-08-21 14:25:58,Paid Search (Google),Android,v2.5.3,Control_A,India
usr_004121,2026-07-06,2026-07-06 08:03:24,Meta Ads (Instagram),Android,v2.5.2,Variant_B,United States
usr_004122,2026-07-19,2026-07-19 16:23:03,Meta Ads (Instagram),iOS,v2.5.2,Variant_B,United Kingdom
usr_004123,2026-06-06,2026-06-06 11:36:38,Meta Ads (Instagram),iOS,v2.5.2,Control_A,United Kingdom
usr_004124,2026-06-26,2026-06-26 14:06:07,Paid Search (Google),Web,v3.1.0-web,Control_A,United States
usr_004125,2026-06-05,2026-06-05 13:19:06,Paid Search (Google),Android,v2.5.3,Variant_B,United Kingdom
usr_004126,2026-08-06,2026-08-06 19:50:18,Organic Search,Android,v2.5.3,Variant_B,Germany
usr_004127,2026-08-28,2026-08-28 15:44:17,Meta Ads (Instagram),iOS,v2.5.3,Variant_B,United States
usr_004128,2026-06-01,2026-06-01 22:24:07,Paid Search (Google),Android,v2.5.1,Variant_B,United States
usr_004129,2026-07-18,2026-07-18 11:39:59,Organic Search,Web,v3.1.0-web,Variant_B,United States
usr_004130,2026-08-08,2026-08-08 10:17:36,Meta Ads (Instagram),Android,v2.5.2,Variant_B,Germany
usr_004131,2026-07-02,2026-07-02 07:45:22,Paid Search (Google),Android,v2.5.3,Control_A,Germany
usr_004132,2026-08-05,2026-08-05 02:37:22,Organic Search,Android,v2.5.3,Control_A,United States
usr_004133,2026-06-25,2026-06-25 06:59:59,Organic Search,iOS,v2.5.1,Control_A,India
usr_004134,2026-07-01,2026-07-01 10:46:32,Meta Ads (Instagram),Android,v2.5.2,Variant_B,Germany
usr_004135,2026-08-24,2026-08-24 15:00:13,Referral,iOS,v2.5.3,Control_A,United Kingdom
usr_004136,2026-07-17,2026-07-17 09:39:14,Organic Search,iOS,v2.5.1,Control_A,India
usr_004137,2026-08-26,2026-08-26 08:31:01,Meta Ads (Instagram),Android,v2.5.3,Control_A,Germany
usr_004138,2026-06-17,2026-06-17 04:03:08,Referral,Android,v2.5.1,Control_A,Canada
usr_004139,2026-06-15,2026-06-15 01:21:24,Meta Ads (Instagram),iOS,v2.5.1,Variant_B,Canada
usr_004140,2026-08-06,2026-08-06 02:49:52,Meta Ads (Instagram),Web,v3.1.0-web,Control_A,United Kingdom
usr_004141,2026-07-03,2026-07-03 09:54:18,Paid Search (Google),Android,v2.5.2,Variant_B,United Kingdom
usr_004142,2026-06-07,2026-06-07 09:22:30,Paid Search (Google),Android,v2.5.2,Control_A,United States
usr_004143,2026-06-05,2026-06-05 00:33:03,Meta Ads (Instagram),iOS,v2.5.3,Variant_B,United States
usr_004144,2026-07-01,2026-07-01 03:17:51,Meta Ads (Instagram),Android,v2.5.2,Variant_B,Canada
usr_004145,2026-06-13,2026-06-13 08:35:41,Referral,iOS,v2.5.3,Control_A,Germany
usr_004146,2026-06-14,2026-06-14 04:09:58,Meta Ads (Instagram),iOS,v2.5.1,Variant_B,United States
usr_004147,2026-08-28,2026-08-28 07:24:10,Paid Search (Google),iOS,v2.5.1,Control_A,United Kingdom
usr_004148,2026-06-21,2026-06-21 05:17:19,Meta Ads (Instagram),iOS,v2.5.2,Control_A,Germany
usr_004149,2026-07-14,2026-07-14 08:06:44,Meta Ads (Instagram),iOS,v2.5.3,Variant_B,United Kingdom
usr_004150,2026-08-27,2026-08-27 08:52:37,Organic Search,Android,v2.5.3,Control_A,United Kingdom
usr_004151,2026-06-27,2026-06-27 23:52:47,Paid Search (Google),iOS,v2.5.2,Variant_B,India
usr_004152,2026-07-23,2026-07-23 20:00:16,Paid Search (Google),iOS,v2.5.3,Variant_B,United Kingdom
usr_004153,2026-08-27,2026-08-27 05:59:51,Meta Ads (Instagram),iOS,v2.5.1,Control_A,Canada
usr_004154,2026-07-24,2026-07-24 14:37:03,Meta Ads (Instagram),iOS,v2.5.2,Control_A,United Kingdom
usr_004155,2026-08-25,2026-08-25 16:52:19,Paid Search (Google),iOS,v2.5.1,Control_A,Germany
usr_004156,2026-07-24,2026-07-24 16:48:02,Organic Search,iOS,v2.5.3,Control_A,United States
usr_004157,2026-07-08,2026-07-08 10:40:03,Paid Search (Google),Android,v2.5.1,Variant_B,Germany
usr_004158,2026-07-26,2026-07-26 12:29:10,Referral,Android,v2.5.2,Variant_B,United States
usr_004159,2026-07-30,2026-07-30 15:50:12,Paid Search (Google),Android,v2.5.3,Variant_B,United Kingdom
usr_004160,2026-08-24,2026-08-24 13:50:46,Paid Search (Google),Android,v2.5.3,Control_A,Canada
usr_004161,2026-08-09,2026-08-09 21:06:40,Meta Ads (Instagram),iOS,v2.5.3,Variant_B,Canada
usr_004162,2026-07-02,2026-07-02 09:52:23,Organic Search,iOS,v2.5.3,Control_A,India
usr_004163,2026-06-25,2026-06-25 04:54:40,Meta Ads (Instagram),Web,v3.1.0-web,Variant_B,United States
usr_004164,2026-06-19,2026-06-19 01:50:10,Meta Ads (Instagram),Android,v2.5.3,Variant_B,Canada
usr_004165,2026-06-01,2026-06-01 23:59:21,Meta Ads (Instagram),Android,v2.5.3,Control_A,Canada
usr_004166,2026-06-18,2026-06-18 16:33:53,Influencer Campaign,Android,v2.5.2,Variant_B,United Kingdom
usr_004167,2026-08-16,2026-08-16 18:06:50,Meta Ads (Instagram),Android,v2.5.1,Control_A,Canada
usr_004168,2026-08-17,2026-08-17 14:12:57,Meta Ads (Instagram),iOS,v2.5.1,Variant_B,Germany
usr_004169,2026-06-03,2026-06-03 23:05:51,Meta Ads (Instagram),Android,v2.5.2,Variant_B,Germany
usr_004170,2026-07-19,2026-07-19 07:05:49,Referral,Android,v2.5.1,Variant_B,Germany
usr_004171,2026-07-16,2026-07-16 04:48:57,Meta Ads (Instagram),iOS,v2.5.2,Variant_B,Canada
usr_004172,2026-07-11,2026-07-11 05:36:54,Referral,Android,v2.5.1,Control_A,Germany
usr_004173,2026-07-02,2026-07-02 23:42:40,Paid Search (Google),Android,v2.5.1,Variant_B,United States
usr_004174,2026-08-02,2026-08-02 00:45:02,Influencer Campaign,Android,v2.5.3,Variant_B,Canada
usr_004175,2026-08-29,2026-08-29 01:49:22,Meta Ads (Instagram),Android,v2.5.3,Variant_B,United Kingdom
usr_004176,2026-06-29,2026-06-29 15:29:59,Organic Search,iOS,v2.5.1,Variant_B,Germany
usr_004177,2026-06-24,2026-06-24 19:43:26,Referral,iOS,v2.5.2,Variant_B,Germany
usr_004178,2026-08-21,2026-08-21 09:18:25,Meta Ads (Instagram),Android,v2.5.2,Control_A,India
usr_004179,2026-06-16,2026-06-16 23:41:35,Referral,Android,v2.5.3,Variant_B,United States
usr_004180,2026-07-28,2026-07-28 17:24:14,Referral,Android,v2.5.1,Control_A,Canada
usr_004181,2026-08-26,2026-08-26 13:12:17,Organic Search,Android,v2.5.1,Variant_B,United Kingdom
usr_004182,2026-06-21,2026-06-21 21:23:13,Paid Search (Google),Android,v2.5.1,Variant_B,Canada
usr_004183,2026-06-21,2026-06-21 15:55:15,Paid Search (Google),Android,v2.5.2,Variant_B,United States
usr_004184,2026-07-17,2026-07-17 16:31:01,Meta Ads (Instagram),iOS,v2.5.2,Control_A,Canada
usr_004185,2026-06-03,2026-06-03 20:11:15,Paid Search (Google),Android,v2.5.3,Variant_B,Germany
usr_004186,2026-07-27,2026-07-27 10:09:58,Influencer Campaign,iOS,v2.5.2,Control_A,Canada
usr_004187,2026-08-12,2026-08-12 16:57:09,Organic Search,iOS,v2.5.1,Variant_B,United States
usr_004188,2026-06-03,2026-06-03 04:43:34,Organic Search,Android,v2.5.3,Control_A,United States
usr_004189,2026-07-15,2026-07-15 23:14:51,Meta Ads (Instagram),Web,v3.1.0-web,Control_A,Germany
usr_004190,2026-07-17,2026-07-17 23:32:42,Organic Search,Android,v2.5.1,Control_A,Canada
usr_004191,2026-08-08,2026-08-08 16:52:04,Meta Ads (Instagram),Web,v3.1.0-web,Variant_B,Germany
usr_004192,2026-08-21,2026-08-21 10:10:03,Organic Search,Android,v2.5.1,Variant_B,Canada
usr_004193,2026-06-09,2026-06-09 01:30:56,Paid Search (Google),Web,v3.1.0-web,Variant_B,Germany
usr_004194,2026-06-30,2026-06-30 07:06:29,Paid Search (Google),iOS,v2.5.2,Variant_B,Germany
usr_004195,2026-06-30,2026-06-30 02:21:02,Meta Ads (Instagram),Android,v2.5.2,Variant_B,United Kingdom
usr_004196,2026-07-21,2026-07-21 23:49:45,Influencer Campaign,Android,v2.5.3,Variant_B,India
usr_004197,2026-06-06,2026-06-06 13:49:23,Organic Search,iOS,v2.5.1,Control_A,Canada
usr_004198,2026-07-29,2026-07-29 09:31:38,Paid Search (Google),iOS,v2.5.3,Variant_B,United States
usr_004199,2026-07-03,2026-07-03 17:56:03,Meta Ads (Instagram),Web,v3.1.0-web,Variant_B,United Kingdom
usr_004200,2026-06-01,2026-06-01 02:33:21,Organic Search,iOS,v2.5.2,Control_A,United Kingdom
usr_004201,2026-08-26,2026-08-26 02:56:24,Paid Search (Google),iOS,v2.5.1,Control_A,Germany
usr_004202,2026-07-26,2026-07-26 21:54:23,Meta Ads (Instagram),Web,v3.1.0-web,Control_A,India
usr_004203,2026-07-26,2026-07-26 04:23:59,Paid Search (Google),iOS,v2.5.2,Control_A,Germany
usr_004204,2026-06-06,2026-06-06 11:18:52,Referral,Android,v2.5.1,Control_A,United Kingdom
usr_004205,2026-08-08,2026-08-08 19:40:52,Referral,iOS,v2.5.3,Control_A,India
usr_004206,2026-06-06,2026-06-06 12:36:50,Organic Search,Android,v2.5.2,Variant_B,India
usr_004207,2026-06-04,2026-06-04 12:26:12,Paid Search (Google),Android,v2.5.2,Variant_B,Canada
usr_004208,2026-06-03,2026-06-03 22:44:50,Organic Search,Android,v2.5.3,Control_A,India
usr_004209,2026-07-23,2026-07-23 17:20:33,Meta Ads (Instagram),Android,v2.5.2,Control_A,Canada
usr_004210,2026-06-26,2026-06-26 05:48:08,Paid Search (Google),Web,v3.1.0-web,Variant_B,United States
usr_004211,2026-07-19,2026-07-19 03:32:17,Paid Search (Google),Android,v2.5.1,Control_A,Canada
usr_004212,2026-06-23,2026-06-23 13:13:49,Meta Ads (Instagram),Android,v2.5.2,Variant_B,Germany
usr_004213,2026-06-14,2026-06-14 23:28:15,Meta Ads (Instagram),iOS,v2.5.1,Control_A,India
usr_004214,2026-07-23,2026-07-23 20:52:34,Organic Search,Android,v2.5.2,Variant_B,United Kingdom
usr_004215,2026-07-24,2026-07-24 02:04:26,Meta Ads (Instagram),Android,v2.5.2,Control_A,Germany
usr_004216,2026-06-13,2026-06-13 21:00:04,Meta Ads (Instagram),Android,v2.5.2,Variant_B,Canada
usr_004217,2026-08-02,2026-08-02 06:02:53,Meta Ads (Instagram),Android,v2.5.3,Control_A,India
usr_004218,2026-08-14,2026-08-14 16:48:07,Meta Ads (Instagram),Android,v2.5.2,Variant_B,Canada
usr_004219,2026-08-15,2026-08-15 16:38:05,Organic Search,Android,v2.5.2,Control_A,United Kingdom
usr_004220,2026-06-27,2026-06-27 12:33:30,Meta Ads (Instagram),Web,v3.1.0-web,Control_A,Germany
usr_004221,2026-07-16,2026-07-16 11:41:58,Influencer Campaign,Android,v2.5.3,Control_A,Canada
usr_004222,2026-07-07,2026-07-07 04:01:35,Paid Search (Google),Android,v2.5.2,Variant_B,Canada
usr_004223,2026-06-12,2026-06-12 03:36:34,Influencer Campaign,Android,v2.5.1,Variant_B,Canada
usr_004224,2026-08-22,2026-08-22 17:19:34,Referral,iOS,v2.5.2,Variant_B,United States
usr_004225,2026-06-20,2026-06-20 16:51:14,Organic Search,Android,v2.5.3,Variant_B,United Kingdom
usr_004226,2026-08-28,2026-08-28 22:46:05,Meta Ads (Instagram),iOS,v2.5.2,Variant_B,United States
usr_004227,2026-06-20,2026-06-20 22:29:27,Referral,Android,v2.5.3,Variant_B,India
usr_004228,2026-07-06,2026-07-06 19:18:13,Meta Ads (Instagram),iOS,v2.5.1,Control_A,United States
usr_004229,2026-08-08,2026-08-08 21:22:36,Paid Search (Google),Android,v2.5.3,Control_A,Canada
usr_004230,2026-08-22,2026-08-22 19:33:32,Meta Ads (Instagram),Android,v2.5.2,Control_A,United States
usr_004231,2026-08-01,2026-08-01 18:50:27,Paid Search (Google),iOS,v2.5.2,Variant_B,Germany
usr_004232,2026-06-15,2026-06-15 18:50:12,Referral,Android,v2.5.3,Variant_B,Germany
usr_004233,2026-08-13,2026-08-13 14:20:08,Organic Search,iOS,v2.5.3,Variant_B,United States
usr_004234,2026-08-09,2026-08-09 20:43:14,Organic Search,iOS,v2.5.2,Variant_B,United Kingdom
usr_004235,2026-06-18,2026-06-18 07:24:35,Influencer Campaign,Android,v2.5.2,Variant_B,India
usr_004236,2026-08-11,2026-08-11 16:58:33,Organic Search,Android,v2.5.1,Variant_B,Canada
usr_004237,2026-08-02,2026-08-02 12:03:09,Organic Search,iOS,v2.5.2,Variant_B,Canada
usr_004238,2026-06-08,2026-06-08 22:08:59,Organic Search,Android,v2.5.2,Variant_B,United Kingdom
usr_004239,2026-07-18,2026-07-18 05:40:19,Organic Search,Android,v2.5.1,Variant_B,United States
usr_004240,2026-06-17,2026-06-17 05:03:20,Meta Ads (Instagram),iOS,v2.5.1,Variant_B,United States
usr_004241,2026-07-03,2026-07-03 01:37:46,Influencer Campaign,Android,v2.5.1,Control_A,Canada
usr_004242,2026-06-22,2026-06-22 19:01:41,Influencer Campaign,Android,v2.5.3,Variant_B,United Kingdom
usr_004243,2026-08-27,2026-08-27 08:56:58,Referral,iOS,v2.5.2,Control_A,Canada
usr_004244,2026-07-30,2026-07-30 17:49:17,Organic Search,iOS,v2.5.1,Control_A,United Kingdom
usr_004245,2026-08-10,2026-08-10 17:16:37,Meta Ads (Instagram),Android,v2.5.2,Control_A,United States
usr_004246,2026-06-12,2026-06-12 11:14:48,Paid Search (Google),Android,v2.5.1,Control_A,United Kingdom
usr_004247,2026-06-09,2026-06-09 09:12:55,Meta Ads (Instagram),iOS,v2.5.2,Variant_B,Canada
usr_004248,2026-08-16,2026-08-16 22:00:09,Paid Search (Google),iOS,v2.5.3,Control_A,Germany
usr_004249,2026-06-24,2026-06-24 08:19:46,Paid Search (Google),iOS,v2.5.2,Control_A,Germany
usr_004250,2026-07-09,2026-07-09 20:23:21,Influencer Campaign,iOS,v2.5.2,Control_A,Germany
usr_004251,2026-06-27,2026-06-27 20:27:47,Meta Ads (Instagram),Android,v2.5.2,Variant_B,United States
usr_004252,2026-06-16,2026-06-16 23:01:30,Meta Ads (Instagram),Android,v2.5.2,Control_A,Germany
usr_004253,2026-06-13,2026-06-13 07:48:25,Paid Search (Google),Web,v3.1.0-web,Variant_B,Germany
usr_004254,2026-08-09,2026-08-09 07:29:58,Paid Search (Google),iOS,v2.5.1,Variant_B,United Kingdom
usr_004255,2026-07-02,2026-07-02 10:28:06,Referral,Android,v2.5.1,Variant_B,India
usr_004256,2026-07-05,2026-07-05 22:55:48,Meta Ads (Instagram),iOS,v2.5.3,Variant_B,India
usr_004257,2026-08-13,2026-08-13 00:52:26,Paid Search (Google),Android,v2.5.1,Variant_B,United States
usr_004258,2026-06-07,2026-06-07 03:44:11,Organic Search,iOS,v2.5.2,Variant_B,United States
usr_004259,2026-07-22,2026-07-22 18:13:01,Referral,iOS,v2.5.1,Variant_B,United Kingdom
usr_004260,2026-06-03,2026-06-03 23:03:43,Meta Ads (Instagram),iOS,v2.5.2,Control_A,Germany
usr_004261,2026-07-22,2026-07-22 21:55:11,Referral,Android,v2.5.1,Variant_B,United Kingdom
usr_004262,2026-07-26,2026-07-26 04:14:18,Meta Ads (Instagram),Android,v2.5.2,Control_A,Germany
usr_004263,2026-06-03,2026-06-03 19:13:07,Paid Search (Google),Web,v3.1.0-web,Variant_B,India
usr_004264,2026-07-31,2026-07-31 02:21:05,Influencer Campaign,iOS,v2.5.1,Variant_B,United States
usr_004265,2026-08-20,2026-08-20 05:22:56,Influencer Campaign,iOS,v2.5.3,Control_A,United Kingdom
usr_004266,2026-07-04,2026-07-04 07:43:45,Organic Search,Android,v2.5.3,Variant_B,United Kingdom
usr_004267,2026-08-02,2026-08-02 15:27:30,Influencer Campaign,iOS,v2.5.2,Variant_B,United States
usr_004268,2026-07-24,2026-07-24 10:37:31,Meta Ads (Instagram),iOS,v2.5.1,Variant_B,India
usr_004269,2026-08-28,2026-08-28 23:05:55,Paid Search (Google),Web,v3.1.0-web,Variant_B,United Kingdom
usr_004270,2026-07-07,2026-07-07 12:55:30,Meta Ads (Instagram),Android,v2.5.1,Control_A,United Kingdom
usr_004271,2026-06-11,2026-06-11 13:23:15,Referral,Android,v2.5.2,Variant_B,India
usr_004272,2026-08-09,2026-08-09 19:50:16,Meta Ads (Instagram),iOS,v2.5.1,Variant_B,Canada
usr_004273,2026-08-15,2026-08-15 09:46:15,Paid Search (Google),iOS,v2.5.2,Control_A,United States
usr_004274,2026-08-01,2026-08-01 12:21:02,Paid Search (Google),Android,v2.5.2,Control_A,Canada
usr_004275,2026-06-16,2026-06-16 02:05:37,Organic Search,Android,v2.5.1,Control_A,United States
usr_004276,2026-08-04,2026-08-04 03:22:20,Paid Search (Google),Android,v2.5.3,Control_A,Canada
usr_004277,2026-08-06,2026-08-06 20:01:50,Referral,iOS,v2.5.1,Variant_B,India
usr_004278,2026-08-21,2026-08-21 17:21:28,Organic Search,iOS,v2.5.3,Variant_B,Canada
usr_004279,2026-07-27,2026-07-27 05:40:41,Meta Ads (Instagram),Android,v2.5.2,Variant_B,Germany
usr_004280,2026-07-31,2026-07-31 07:04:53,Meta Ads (Instagram),Android,v2.5.2,Variant_B,United Kingdom
usr_004281,2026-07-25,2026-07-25 07:16:15,Meta Ads (Instagram),Android,v2.5.3,Control_A,United Kingdom
usr_004282,2026-08-13,2026-08-13 05:22:40,Paid Search (Google),iOS,v2.5.3,Control_A,United States
usr_004283,2026-06-07,2026-06-07 01:42:36,Paid Search (Google),Android,v2.5.3,Variant_B,India
usr_004284,2026-06-22,2026-06-22 00:22:13,Referral,Web,v3.1.0-web,Control_A,India
usr_004285,2026-07-20,2026-07-20 09:21:54,Organic Search,Web,v3.1.0-web,Variant_B,United States
usr_004286,2026-07-21,2026-07-21 11:34:59,Influencer Campaign,iOS,v2.5.1,Control_A,United States
usr_004287,2026-07-20,2026-07-20 17:53:59,Referral,Android,v2.5.2,Variant_B,Canada
usr_004288,2026-07-18,2026-07-18 04:02:34,Paid Search (Google),Android,v2.5.2,Control_A,United States
usr_004289,2026-07-08,2026-07-08 17:12:28,Meta Ads (Instagram),iOS,v2.5.2,Variant_B,Canada
usr_004290,2026-06-27,2026-06-27 15:24:43,Influencer Campaign,Android,v2.5.1,Control_A,India
usr_004291,2026-06-21,2026-06-21 08:41:14,Influencer Campaign,Android,v2.5.3,Control_A,Canada
usr_004292,2026-08-26,2026-08-26 23:03:10,Paid Search (Google),iOS,v2.5.2,Variant_B,United Kingdom
usr_004293,2026-08-11,2026-08-11 02:37:07,Paid Search (Google),Web,v3.1.0-web,Variant_B,United States
usr_004294,2026-06-03,2026-06-03 08:47:15,Influencer Campaign,Android,v2.5.1,Control_A,India
usr_004295,2026-08-03,2026-08-03 08:11:45,Influencer Campaign,iOS,v2.5.3,Control_A,Canada
usr_004296,2026-08-24,2026-08-24 14:07:12,Paid Search (Google),Android,v2.5.1,Variant_B,United Kingdom
usr_004297,2026-06-19,2026-06-19 14:06:57,Organic Search,iOS,v2.5.3,Control_A,United Kingdom
usr_004298,2026-07-26,2026-07-26 12:01:37,Influencer Campaign,Android,v2.5.1,Control_A,United States
usr_004299,2026-07-14,2026-07-14 19:49:28,Influencer Campaign,Android,v2.5.3,Control_A,Germany
usr_004300,2026-08-27,2026-08-27 19:48:32,Influencer Campaign,Android,v2.5.3,Variant_B,United Kingdom
usr_004301,2026-06-21,2026-06-21 18:35:27,Referral,iOS,v2.5.1,Control_A,United Kingdom
usr_004302,2026-07-25,2026-07-25 07:39:07,Meta Ads (Instagram),Android,v2.5.1,Variant_B,Canada
usr_004303,2026-07-25,2026-07-25 17:40:58,Meta Ads (Instagram),iOS,v2.5.3,Variant_B,India
usr_004304,2026-08-03,2026-08-03 01:31:37,Organic Search,Android,v2.5.2,Variant_B,United Kingdom
usr_004305,2026-07-19,2026-07-19 00:54:03,Paid Search (Google),iOS,v2.5.2,Control_A,Canada
usr_004306,2026-06-24,2026-06-24 20:43:28,Paid Search (Google),Android,v2.5.2,Control_A,United States
usr_004307,2026-08-20,2026-08-20 06:33:50,Organic Search,Android,v2.5.2,Control_A,Germany
usr_004308,2026-08-27,2026-08-27 23:35:37,Organic Search,Android,v2.5.3,Variant_B,Canada
usr_004309,2026-08-14,2026-08-14 13:20:48,Paid Search (Google),Android,v2.5.1,Variant_B,United States
usr_004310,2026-07-29,2026-07-29 05:40:20,Influencer Campaign,Android,v2.5.3,Variant_B,Canada
usr_004311,2026-08-18,2026-08-18 16:23:54,Organic Search,Android,v2.5.3,Variant_B,United States
usr_004312,2026-06-09,2026-06-09 15:10:29,Paid Search (Google),iOS,v2.5.2,Variant_B,Canada
usr_004313,2026-08-16,2026-08-16 02:53:30,Organic Search,Android,v2.5.3,Variant_B,United States
usr_004314,2026-06-30,2026-06-30 15:00:11,Organic Search,Android,v2.5.2,Control_A,Germany
usr_004315,2026-07-04,2026-07-04 22:52:19,Influencer Campaign,iOS,v2.5.3,Variant_B,Germany
usr_004316,2026-08-18,2026-08-18 03:41:50,Referral,Android,v2.5.2,Control_A,United Kingdom
usr_004317,2026-08-04,2026-08-04 08:54:19,Influencer Campaign,Web,v3.1.0-web,Variant_B,United Kingdom
usr_004318,2026-06-02,2026-06-02 04:54:52,Meta Ads (Instagram),iOS,v2.5.2,Variant_B,United States
usr_004319,2026-08-22,2026-08-22 21:31:08,Meta Ads (Instagram),iOS,v2.5.3,Control_A,United States
usr_004320,2026-07-23,2026-07-23 10:28:43,Referral,iOS,v2.5.3,Variant_B,Germany
usr_004321,2026-08-02,2026-08-02 23:02:58,Influencer Campaign,Android,v2.5.2,Variant_B,Canada
usr_004322,2026-06-04,2026-06-04 01:48:16,Meta Ads (Instagram),Web,v3.1.0-web,Variant_B,India
usr_004323,2026-08-08,2026-08-08 11:19:31,Organic Search,Android,v2.5.1,Variant_B,India
usr_004324,2026-07-10,2026-07-10 01:17:18,Paid Search (Google),Android,v2.5.2,Variant_B,Canada
usr_004325,2026-08-26,2026-08-26 00:56:57,Meta Ads (Instagram),iOS,v2.5.2,Variant_B,Germany
usr_004326,2026-06-07,2026-06-07 06:19:14,Paid Search (Google),iOS,v2.5.2,Variant_B,India
usr_004327,2026-06-29,2026-06-29 08:58:54,Referral,Android,v2.5.2,Variant_B,India
usr_004328,2026-07-06,2026-07-06 09:39:57,Paid Search (Google),Android,v2.5.2,Variant_B,Germany
usr_004329,2026-06-26,2026-06-26 19:22:35,Meta Ads (Instagram),iOS,v2.5.1,Control_A,United Kingdom
usr_004330,2026-06-03,2026-06-03 04:29:25,Organic Search,iOS,v2.5.3,Control_A,Canada
usr_004331,2026-08-13,2026-08-13 01:09:49,Paid Search (Google),Android,v2.5.2,Control_A,United Kingdom
usr_004332,2026-06-13,2026-06-13 02:52:02,Referral,iOS,v2.5.1,Control_A,Germany
usr_004333,2026-08-22,2026-08-22 17:22:11,Organic Search,iOS,v2.5.2,Variant_B,Canada
usr_004334,2026-08-16,2026-08-16 23:43:04,Meta Ads (Instagram),Android,v2.5.2,Variant_B,Germany
usr_004335,2026-08-02,2026-08-02 11:26:16,Meta Ads (Instagram),iOS,v2.5.1,Control_A,United States
usr_004336,2026-08-03,2026-08-03 23:20:52,Paid Search (Google),Android,v2.5.2,Variant_B,India
usr_004337,2026-06-23,2026-06-23 15:24:25,Meta Ads (Instagram),iOS,v2.5.1,Variant_B,United States
usr_004338,2026-08-11,2026-08-11 01:57:33,Paid Search (Google),Android,v2.5.3,Control_A,Germany
usr_004339,2026-07-18,2026-07-18 15:31:29,Influencer Campaign,iOS,v2.5.3,Variant_B,United Kingdom
usr_004340,2026-07-11,2026-07-11 23:33:24,Paid Search (Google),Android,v2.5.3,Control_A,Germany
usr_004341,2026-07-16,2026-07-16 06:09:37,Influencer Campaign,iOS,v2.5.3,Control_A,United States
usr_004342,2026-06-05,2026-06-05 03:36:04,Meta Ads (Instagram),Android,v2.5.2,Control_A,India
usr_004343,2026-08-16,2026-08-16 18:41:53,Organic Search,Android,v2.5.1,Variant_B,United Kingdom
usr_004344,2026-07-22,2026-07-22 09:37:41,Organic Search,Web,v3.1.0-web,Control_A,India
usr_004345,2026-06-05,2026-06-05 17:53:41,Referral,iOS,v2.5.2,Control_A,Canada
usr_004346,2026-07-31,2026-07-31 23:22:47,Paid Search (Google),Web,v3.1.0-web,Control_A,United States
usr_004347,2026-06-09,2026-06-09 15:15:37,Paid Search (Google),iOS,v2.5.2,Control_A,United States
usr_004348,2026-06-16,2026-06-16 01:26:21,Paid Search (Google),iOS,v2.5.3,Variant_B,United States
usr_004349,2026-08-05,2026-08-05 05:32:58,Meta Ads (Instagram),Android,v2.5.2,Control_A,Germany
usr_004350,2026-06-27,2026-06-27 11:47:06,Paid Search (Google),Android,v2.5.2,Variant_B,India
usr_004351,2026-06-06,2026-06-06 14:30:02,Paid Search (Google),iOS,v2.5.3,Variant_B,United Kingdom
usr_004352,2026-08-29,2026-08-29 07:08:20,Organic Search,iOS,v2.5.2,Control_A,United States
usr_004353,2026-07-15,2026-07-15 02:38:02,Meta Ads (Instagram),iOS,v2.5.3,Control_A,United Kingdom
usr_004354,2026-06-25,2026-06-25 01:38:09,Organic Search,Android,v2.5.1,Variant_B,India
usr_004355,2026-07-19,2026-07-19 16:41:56,Meta Ads (Instagram),Android,v2.5.3,Control_A,Canada
usr_004356,2026-07-31,2026-07-31 22:53:58,Organic Search,Android,v2.5.1,Control_A,United Kingdom
usr_004357,2026-08-02,2026-08-02 00:24:00,Meta Ads (Instagram),Android,v2.5.1,Variant_B,United Kingdom
usr_004358,2026-08-09,2026-08-09 20:37:07,Meta Ads (Instagram),Web,v3.1.0-web,Control_A,Germany
usr_004359,2026-07-20,2026-07-20 10:33:56,Meta Ads (Instagram),Android,v2.5.3,Variant_B,India
usr_004360,2026-06-12,2026-06-12 17:17:23,Paid Search (Google),Web,v3.1.0-web,Variant_B,Canada
usr_004361,2026-07-25,2026-07-25 16:58:32,Paid Search (Google),Android,v2.5.3,Variant_B,Germany
usr_004362,2026-06-04,2026-06-04 14:06:33,Referral,Web,v3.1.0-web,Variant_B,Canada
usr_004363,2026-07-29,2026-07-29 17:37:27,Paid Search (Google),iOS,v2.5.3,Control_A,Germany
usr_004364,2026-06-29,2026-06-29 07:14:07,Meta Ads (Instagram),iOS,v2.5.1,Variant_B,United Kingdom
usr_004365,2026-06-21,2026-06-21 11:21:00,Meta Ads (Instagram),iOS,v2.5.1,Control_A,India
usr_004366,2026-06-13,2026-06-13 16:39:13,Organic Search,iOS,v2.5.2,Variant_B,India
usr_004367,2026-08-20,2026-08-20 03:06:55,Meta Ads (Instagram),Android,v2.5.2,Variant_B,Canada
usr_004368,2026-07-06,2026-07-06 18:41:43,Influencer Campaign,Android,v2.5.2,Variant_B,United States
usr_004369,2026-07-09,2026-07-09 15:33:59,Meta Ads (Instagram),Android,v2.5.2,Variant_B,United Kingdom
usr_004370,2026-06-28,2026-06-28 02:33:28,Paid Search (Google),iOS,v2.5.2,Control_A,India
usr_004371,2026-07-01,2026-07-01 07:11:02,Paid Search (Google),Android,v2.5.3,Variant_B,United Kingdom
usr_004372,2026-07-16,2026-07-16 09:40:36,Organic Search,Web,v3.1.0-web,Variant_B,United States
usr_004373,2026-06-14,2026-06-14 16:53:58,Referral,Android,v2.5.3,Variant_B,India
usr_004374,2026-08-15,2026-08-15 01:54:15,Meta Ads (Instagram),Android,v2.5.3,Variant_B,United States
usr_004375,2026-07-11,2026-07-11 21:23:12,Meta Ads (Instagram),Android,v2.5.1,Variant_B,United States
usr_004376,2026-06-12,2026-06-12 21:41:19,Paid Search (Google),iOS,v2.5.2,Control_A,Germany
usr_004377,2026-06-29,2026-06-29 09:26:56,Paid Search (Google),Android,v2.5.1,Control_A,Germany
usr_004378,2026-06-01,2026-06-01 05:21:20,Referral,Web,v3.1.0-web,Variant_B,United Kingdom
usr_004379,2026-08-13,2026-08-13 18:57:21,Referral,iOS,v2.5.1,Control_A,Canada
usr_004380,2026-08-19,2026-08-19 14:30:30,Meta Ads (Instagram),iOS,v2.5.3,Control_A,United Kingdom
usr_004381,2026-06-24,2026-06-24 16:29:26,Meta Ads (Instagram),Android,v2.5.3,Control_A,India
usr_004382,2026-07-15,2026-07-15 16:47:59,Organic Search,iOS,v2.5.1,Variant_B,United Kingdom
usr_004383,2026-07-11,2026-07-11 14:25:39,Meta Ads (Instagram),iOS,v2.5.3,Control_A,United Kingdom
usr_004384,2026-08-20,2026-08-20 09:52:21,Organic Search,Android,v2.5.2,Variant_B,Germany
usr_004385,2026-06-05,2026-06-05 09:41:53,Paid Search (Google),iOS,v2.5.2,Variant_B,Canada
usr_004386,2026-08-13,2026-08-13 21:52:49,Paid Search (Google),Android,v2.5.1,Control_A,United Kingdom
usr_004387,2026-06-05,2026-06-05 14:23:51,Organic Search,iOS,v2.5.2,Control_A,Canada
usr_004388,2026-07-03,2026-07-03 03:05:33,Paid Search (Google),Android,v2.5.3,Variant_B,United Kingdom
usr_004389,2026-08-21,2026-08-21 13:09:37,Meta Ads (Instagram),iOS,v2.5.1,Control_A,United Kingdom
usr_004390,2026-08-01,2026-08-01 01:54:43,Meta Ads (Instagram),Android,v2.5.3,Control_A,United States
usr_004391,2026-07-22,2026-07-22 04:46:00,Paid Search (Google),Android,v2.5.1,Control_A,United Kingdom
usr_004392,2026-07-17,2026-07-17 05:18:50,Meta Ads (Instagram),iOS,v2.5.2,Control_A,Canada
usr_004393,2026-06-30,2026-06-30 10:25:47,Referral,iOS,v2.5.1,Variant_B,Germany
usr_004394,2026-08-10,2026-08-10 15:04:48,Referral,Android,v2.5.3,Control_A,Canada
usr_004395,2026-08-12,2026-08-12 21:08:42,Paid Search (Google),Android,v2.5.1,Variant_B,Canada
usr_004396,2026-06-19,2026-06-19 20:57:22,Meta Ads (Instagram),iOS,v2.5.2,Control_A,Germany
usr_004397,2026-08-01,2026-08-01 18:22:12,Referral,iOS,v2.5.2,Control_A,United Kingdom
usr_004398,2026-07-12,2026-07-12 17:25:06,Influencer Campaign,Web,v3.1.0-web,Variant_B,Canada
usr_004399,2026-07-14,2026-07-14 14:36:55,Paid Search (Google),iOS,v2.5.1,Variant_B,Germany
usr_004400,2026-08-28,2026-08-28 23:24:28,Paid Search (Google),Android,v2.5.2,Control_A,India
usr_004401,2026-07-04,2026-07-04 09:36:03,Paid Search (Google),Android,v2.5.1,Variant_B,Canada
usr_004402,2026-08-13,2026-08-13 08:06:54,Influencer Campaign,iOS,v2.5.2,Control_A,Germany
usr_004403,2026-08-11,2026-08-11 23:18:02,Meta Ads (Instagram),Android,v2.5.3,Variant_B,United Kingdom
usr_004404,2026-08-23,2026-08-23 00:02:26,Meta Ads (Instagram),iOS,v2.5.3,Variant_B,India
usr_004405,2026-06-14,2026-06-14 10:03:24,Organic Search,iOS,v2.5.1,Control_A,United Kingdom
usr_004406,2026-08-16,2026-08-16 01:59:48,Meta Ads (Instagram),Android,v2.5.2,Variant_B,India
usr_004407,2026-08-22,2026-08-22 07:19:13,Meta Ads (Instagram),Web,v3.1.0-web,Variant_B,India
usr_004408,2026-07-20,2026-07-20 13:22:19,Meta Ads (Instagram),Android,v2.5.2,Control_A,India
usr_004409,2026-08-08,2026-08-08 20:23:13,Paid Search (Google),Web,v3.1.0-web,Variant_B,Germany
usr_004410,2026-06-04,2026-06-04 12:31:07,Influencer Campaign,iOS,v2.5.1,Control_A,United Kingdom
usr_004411,2026-08-11,2026-08-11 06:02:55,Meta Ads (Instagram),Android,v2.5.3,Variant_B,India
usr_004412,2026-07-20,2026-07-20 02:08:33,Referral,iOS,v2.5.2,Variant_B,United Kingdom
usr_004413,2026-07-17,2026-07-17 05:03:25,Paid Search (Google),iOS,v2.5.1,Control_A,United Kingdom
usr_004414,2026-06-15,2026-06-15 02:36:44,Meta Ads (Instagram),Web,v3.1.0-web,Variant_B,United Kingdom
usr_004415,2026-06-14,2026-06-14 04:20:29,Organic Search,iOS,v2.5.3,Control_A,India
usr_004416,2026-07-15,2026-07-15 18:28:38,Influencer Campaign,iOS,v2.5.1,Control_A,United Kingdom
usr_004417,2026-06-17,2026-06-17 11:22:52,Meta Ads (Instagram),iOS,v2.5.1,Variant_B,United Kingdom
usr_004418,2026-07-07,2026-07-07 15:48:48,Meta Ads (Instagram),iOS,v2.5.2,Control_A,India
usr_004419,2026-07-13,2026-07-13 23:46:32,Meta Ads (Instagram),Android,v2.5.1,Control_A,United Kingdom
usr_004420,2026-07-29,2026-07-29 18:13:32,Paid Search (Google),Android,v2.5.3,Variant_B,India
usr_004421,2026-06-04,2026-06-04 06:52:42,Paid Search (Google),Android,v2.5.1,Control_A,United Kingdom
usr_004422,2026-07-22,2026-07-22 16:34:39,Meta Ads (Instagram),iOS,v2.5.1,Variant_B,India
usr_004423,2026-08-09,2026-08-09 15:07:11,Referral,Android,v2.5.1,Control_A,Germany
usr_004424,2026-06-30,2026-06-30 20:10:24,Meta Ads (Instagram),Android,v2.5.2,Control_A,United States
usr_004425,2026-07-13,2026-07-13 18:36:44,Paid Search (Google),Android,v2.5.2,Control_A,United Kingdom
usr_004426,2026-08-24,2026-08-24 23:35:43,Meta Ads (Instagram),iOS,v2.5.1,Variant_B,United States
usr_004427,2026-06-13,2026-06-13 20:25:46,Paid Search (Google),iOS,v2.5.1,Variant_B,United Kingdom
usr_004428,2026-07-07,2026-07-07 03:37:06,Meta Ads (Instagram),iOS,v2.5.2,Variant_B,Germany
usr_004429,2026-08-08,2026-08-08 00:12:05,Paid Search (Google),Android,v2.5.2,Control_A,United Kingdom
usr_004430,2026-06-30,2026-06-30 14:32:22,Paid Search (Google),Android,v2.5.2,Control_A,United Kingdom
usr_004431,2026-08-07,2026-08-07 16:10:43,Organic Search,iOS,v2.5.2,Control_A,India
usr_004432,2026-08-22,2026-08-22 19:52:51,Paid Search (Google),iOS,v2.5.3,Control_A,Germany
usr_004433,2026-08-20,2026-08-20 01:15:00,Meta Ads (Instagram),Android,v2.5.2,Variant_B,India
usr_004434,2026-08-21,2026-08-21 00:47:30,Organic Search,iOS,v2.5.1,Variant_B,United States
usr_004435,2026-08-05,2026-08-05 00:24:35,Paid Search (Google),Android,v2.5.1,Variant_B,India
usr_004436,2026-07-25,2026-07-25 11:12:58,Paid Search (Google),Android,v2.5.1,Control_A,India
usr_004437,2026-06-30,2026-06-30 17:28:46,Meta Ads (Instagram),iOS,v2.5.2,Variant_B,United States
usr_004438,2026-07-15,2026-07-15 09:03:10,Organic Search,iOS,v2.5.2,Control_A,India
usr_004439,2026-07-17,2026-07-17 07:33:51,Referral,iOS,v2.5.1,Variant_B,India
usr_004440,2026-08-29,2026-08-29 22:34:41,Meta Ads (Instagram),Android,v2.5.2,Variant_B,Germany
usr_004441,2026-07-23,2026-07-23 22:42:33,Meta Ads (Instagram),iOS,v2.5.1,Variant_B,India
usr_004442,2026-06-29,2026-06-29 10:45:24,Paid Search (Google),Android,v2.5.3,Variant_B,United States
usr_004443,2026-08-12,2026-08-12 11:51:55,Organic Search,iOS,v2.5.2,Control_A,Canada
usr_004444,2026-07-23,2026-07-23 19:04:43,Referral,iOS,v2.5.3,Variant_B,India
usr_004445,2026-07-19,2026-07-19 22:06:44,Organic Search,Android,v2.5.1,Variant_B,India
usr_004446,2026-07-21,2026-07-21 14:27:16,Referral,iOS,v2.5.1,Variant_B,India
usr_004447,2026-08-28,2026-08-28 15:12:09,Meta Ads (Instagram),iOS,v2.5.1,Variant_B,Germany
usr_004448,2026-06-16,2026-06-16 13:37:51,Paid Search (Google),iOS,v2.5.1,Control_A,Canada
usr_004449,2026-06-04,2026-06-04 01:50:37,Organic Search,Android,v2.5.1,Variant_B,Germany
usr_004450,2026-06-27,2026-06-27 07:58:24,Paid Search (Google),Android,v2.5.2,Variant_B,India
usr_004451,2026-06-03,2026-06-03 09:54:20,Organic Search,Web,v3.1.0-web,Control_A,United States
usr_004452,2026-06-13,2026-06-13 17:41:08,Referral,Android,v2.5.2,Variant_B,United States
usr_004453,2026-07-15,2026-07-15 11:21:02,Meta Ads (Instagram),Web,v3.1.0-web,Control_A,Germany
usr_004454,2026-08-07,2026-08-07 08:51:46,Meta Ads (Instagram),Android,v2.5.1,Control_A,India
usr_004455,2026-06-03,2026-06-03 22:47:41,Paid Search (Google),iOS,v2.5.1,Control_A,Germany
usr_004456,2026-07-14,2026-07-14 06:41:22,Meta Ads (Instagram),iOS,v2.5.2,Control_A,Canada
usr_004457,2026-06-05,2026-06-05 14:13:50,Paid Search (Google),iOS,v2.5.2,Variant_B,Canada
usr_004458,2026-07-20,2026-07-20 08:07:21,Paid Search (Google),iOS,v2.5.2,Control_A,United Kingdom
usr_004459,2026-06-15,2026-06-15 10:08:36,Meta Ads (Instagram),iOS,v2.5.1,Control_A,Germany
usr_004460,2026-06-24,2026-06-24 08:15:22,Meta Ads (Instagram),iOS,v2.5.2,Control_A,Germany
usr_004461,2026-06-06,2026-06-06 04:31:59,Meta Ads (Instagram),Android,v2.5.1,Variant_B,United States
usr_004462,2026-08-07,2026-08-07 02:52:02,Organic Search,iOS,v2.5.3,Control_A,Germany
usr_004463,2026-07-26,2026-07-26 10:27:39,Paid Search (Google),Web,v3.1.0-web,Variant_B,United States
usr_004464,2026-07-22,2026-07-22 08:11:02,Paid Search (Google),iOS,v2.5.1,Variant_B,United Kingdom
usr_004465,2026-08-29,2026-08-29 00:10:09,Organic Search,Android,v2.5.2,Control_A,United Kingdom
usr_004466,2026-07-02,2026-07-02 23:12:37,Paid Search (Google),Android,v2.5.1,Variant_B,Germany
usr_004467,2026-08-15,2026-08-15 10:24:39,Paid Search (Google),Android,v2.5.1,Variant_B,Germany
usr_004468,2026-07-13,2026-07-13 01:13:20,Organic Search,Android,v2.5.1,Variant_B,Germany
usr_004469,2026-06-09,2026-06-09 19:52:05,Influencer Campaign,Android,v2.5.3,Variant_B,United States
usr_004470,2026-08-23,2026-08-23 22:58:44,Influencer Campaign,Web,v3.1.0-web,Variant_B,India
usr_004471,2026-06-30,2026-06-30 03:19:27,Meta Ads (Instagram),Web,v3.1.0-web,Variant_B,United Kingdom
usr_004472,2026-06-02,2026-06-02 09:20:00,Meta Ads (Instagram),Web,v3.1.0-web,Control_A,United Kingdom
usr_004473,2026-07-18,2026-07-18 23:47:05,Organic Search,Android,v2.5.1,Variant_B,Germany
usr_004474,2026-08-29,2026-08-29 05:53:57,Organic Search,Android,v2.5.1,Variant_B,United Kingdom
usr_004475,2026-08-25,2026-08-25 00:34:27,Influencer Campaign,iOS,v2.5.3,Variant_B,Germany
usr_004476,2026-08-11,2026-08-11 15:35:48,Influencer Campaign,iOS,v2.5.2,Control_A,United States
usr_004477,2026-06-11,2026-06-11 16:32:51,Influencer Campaign,iOS,v2.5.2,Control_A,Canada
usr_004478,2026-06-02,2026-06-02 11:16:18,Meta Ads (Instagram),Android,v2.5.3,Variant_B,United Kingdom
usr_004479,2026-08-20,2026-08-20 01:02:57,Meta Ads (Instagram),Android,v2.5.2,Control_A,United States
usr_004480,2026-07-05,2026-07-05 04:14:23,Paid Search (Google),iOS,v2.5.1,Control_A,Germany
usr_004481,2026-08-25,2026-08-25 02:03:56,Influencer Campaign,iOS,v2.5.1,Variant_B,India
usr_004482,2026-07-31,2026-07-31 11:36:07,Meta Ads (Instagram),Android,v2.5.1,Variant_B,United States
usr_004483,2026-08-28,2026-08-28 03:35:28,Meta Ads (Instagram),iOS,v2.5.2,Control_A,Germany
usr_004484,2026-07-19,2026-07-19 14:01:46,Meta Ads (Instagram),iOS,v2.5.2,Variant_B,Germany
usr_004485,2026-07-04,2026-07-04 23:06:17,Referral,Android,v2.5.3,Variant_B,Germany
usr_004486,2026-07-11,2026-07-11 06:04:13,Meta Ads (Instagram),iOS,v2.5.2,Control_A,United States
usr_004487,2026-06-23,2026-06-23 11:44:32,Paid Search (Google),iOS,v2.5.3,Variant_B,India
usr_004488,2026-06-19,2026-06-19 21:13:47,Paid Search (Google),Android,v2.5.1,Variant_B,Canada
usr_004489,2026-06-04,2026-06-04 16:15:25,Organic Search,iOS,v2.5.2,Control_A,Germany
usr_004490,2026-08-22,2026-08-22 07:16:10,Paid Search (Google),Android,v2.5.3,Control_A,India
usr_004491,2026-06-13,2026-06-13 20:35:13,Paid Search (Google),Android,v2.5.3,Variant_B,Germany
usr_004492,2026-08-03,2026-08-03 15:45:44,Meta Ads (Instagram),iOS,v2.5.1,Control_A,India
usr_004493,2026-08-10,2026-08-10 20:50:14,Influencer Campaign,Android,v2.5.1,Variant_B,India
usr_004494,2026-06-07,2026-06-07 00:29:02,Meta Ads (Instagram),Android,v2.5.1,Variant_B,Germany
usr_004495,2026-06-06,2026-06-06 19:08:53,Paid Search (Google),Android,v2.5.2,Variant_B,United Kingdom
usr_004496,2026-06-07,2026-06-07 04:13:36,Influencer Campaign,Android,v2.5.3,Control_A,United Kingdom
usr_004497,2026-07-11,2026-07-11 21:54:19,Meta Ads (Instagram),iOS,v2.5.1,Variant_B,Canada
usr_004498,2026-07-11,2026-07-11 16:39:38,Organic Search,Android,v2.5.3,Control_A,United Kingdom
usr_004499,2026-06-22,2026-06-22 21:14:49,Organic Search,Android,v2.5.3,Variant_B,Canada
usr_004500,2026-08-29,2026-08-29 11:01:25,Meta Ads (Instagram),Web,v3.1.0-web,Variant_B,Canada
usr_004501,2026-06-10,2026-06-10 22:44:37,Paid Search (Google),iOS,v2.5.3,Control_A,United States
usr_004502,2026-06-20,2026-06-20 18:26:29,Meta Ads (Instagram),iOS,v2.5.3,Variant_B,United Kingdom
usr_004503,2026-06-11,2026-06-11 07:37:11,Referral,iOS,v2.5.1,Control_A,United States
usr_004504,2026-06-26,2026-06-26 14:01:26,Organic Search,Android,v2.5.1,Variant_B,Germany
usr_004505,2026-07-05,2026-07-05 21:48:09,Paid Search (Google),Android,v2.5.2,Variant_B,United States
usr_004506,2026-07-17,2026-07-17 03:51:41,Meta Ads (Instagram),iOS,v2.5.2,Variant_B,India
usr_004507,2026-08-28,2026-08-28 21:05:13,Paid Search (Google),Android,v2.5.2,Variant_B,Germany
usr_004508,2026-06-09,2026-06-09 18:07:22,Paid Search (Google),Android,v2.5.3,Variant_B,Canada
usr_004509,2026-08-08,2026-08-08 23:54:11,Organic Search,Android,v2.5.2,Variant_B,Germany
usr_004510,2026-06-28,2026-06-28 14:26:09,Organic Search,iOS,v2.5.3,Control_A,United States
usr_004511,2026-08-11,2026-08-11 03:29:27,Paid Search (Google),iOS,v2.5.2,Control_A,United States
usr_004512,2026-08-21,2026-08-21 03:44:42,Organic Search,iOS,v2.5.1,Variant_B,Germany
usr_004513,2026-07-04,2026-07-04 18:17:04,Organic Search,iOS,v2.5.2,Control_A,Germany
usr_004514,2026-07-04,2026-07-04 22:59:20,Paid Search (Google),Android,v2.5.1,Control_A,India
usr_004515,2026-06-17,2026-06-17 07:22:03,Paid Search (Google),Android,v2.5.3,Variant_B,United Kingdom
usr_004516,2026-06-16,2026-06-16 14:48:48,Influencer Campaign,iOS,v2.5.3,Control_A,India
usr_004517,2026-08-10,2026-08-10 17:24:48,Meta Ads (Instagram),Android,v2.5.3,Control_A,United Kingdom
usr_004518,2026-06-06,2026-06-06 13:33:23,Organic Search,iOS,v2.5.1,Variant_B,United Kingdom
usr_004519,2026-07-19,2026-07-19 07:12:10,Meta Ads (Instagram),Android,v2.5.1,Control_A,Canada
usr_004520,2026-06-13,2026-06-13 13:57:05,Paid Search (Google),Android,v2.5.1,Control_A,India
usr_004521,2026-08-24,2026-08-24 09:18:03,Meta Ads (Instagram),Android,v2.5.2,Variant_B,United States
usr_004522,2026-06-01,2026-06-01 18:57:07,Paid Search (Google),Web,v3.1.0-web,Control_A,India
usr_004523,2026-06-08,2026-06-08 02:36:38,Meta Ads (Instagram),iOS,v2.5.3,Variant_B,Canada
usr_004524,2026-07-31,2026-07-31 14:58:04,Paid Search (Google),Android,v2.5.2,Control_A,India
usr_004525,2026-07-26,2026-07-26 06:29:08,Referral,iOS,v2.5.1,Control_A,United States
usr_004526,2026-07-17,2026-07-17 17:00:03,Influencer Campaign,iOS,v2.5.1,Control_A,Germany
usr_004527,2026-07-31,2026-07-31 17:41:40,Paid Search (Google),Android,v2.5.2,Variant_B,Germany
usr_004528,2026-08-25,2026-08-25 22:37:24,Paid Search (Google),iOS,v2.5.1,Control_A,United States
usr_004529,2026-08-15,2026-08-15 22:14:00,Paid Search (Google),Android,v2.5.2,Control_A,Germany
usr_004530,2026-08-06,2026-08-06 14:37:11,Referral,Android,v2.5.2,Variant_B,United Kingdom
usr_004531,2026-07-30,2026-07-30 22:41:05,Organic Search,Android,v2.5.2,Control_A,United States
usr_004532,2026-07-15,2026-07-15 02:06:12,Referral,iOS,v2.5.3,Control_A,United States
usr_004533,2026-08-04,2026-08-04 15:16:34,Meta Ads (Instagram),Android,v2.5.2,Variant_B,United States
usr_004534,2026-07-02,2026-07-02 18:03:20,Influencer Campaign,Web,v3.1.0-web,Control_A,United Kingdom
usr_004535,2026-07-09,2026-07-09 08:44:12,Meta Ads (Instagram),Android,v2.5.1,Variant_B,United States
usr_004536,2026-06-10,2026-06-10 20:31:43,Meta Ads (Instagram),Android,v2.5.2,Control_A,Canada
usr_004537,2026-06-02,2026-06-02 07:05:50,Meta Ads (Instagram),iOS,v2.5.1,Control_A,India
usr_004538,2026-07-13,2026-07-13 02:09:06,Meta Ads (Instagram),Android,v2.5.2,Control_A,United Kingdom
usr_004539,2026-07-24,2026-07-24 22:40:16,Meta Ads (Instagram),iOS,v2.5.1,Control_A,United Kingdom
usr_004540,2026-06-15,2026-06-15 07:21:18,Paid Search (Google),Android,v2.5.1,Variant_B,Germany
usr_004541,2026-07-07,2026-07-07 14:01:04,Meta Ads (Instagram),Web,v3.1.0-web,Control_A,Canada
usr_004542,2026-08-13,2026-08-13 22:00:39,Paid Search (Google),Android,v2.5.3,Control_A,Germany
usr_004543,2026-06-17,2026-06-17 00:44:15,Paid Search (Google),iOS,v2.5.1,Control_A,Germany
usr_004544,2026-08-12,2026-08-12 22:10:38,Influencer Campaign,iOS,v2.5.1,Control_A,United States
usr_004545,2026-07-26,2026-07-26 09:30:47,Organic Search,Android,v2.5.1,Variant_B,United States
usr_004546,2026-06-25,2026-06-25 22:38:01,Paid Search (Google),Android,v2.5.2,Control_A,India
usr_004547,2026-06-15,2026-06-15 15:57:45,Influencer Campaign,Android,v2.5.1,Control_A,United States
usr_004548,2026-07-22,2026-07-22 04:59:11,Paid Search (Google),Android,v2.5.1,Control_A,Canada
usr_004549,2026-07-12,2026-07-12 09:16:34,Influencer Campaign,iOS,v2.5.3,Variant_B,United States
usr_004550,2026-06-24,2026-06-24 18:22:54,Meta Ads (Instagram),Web,v3.1.0-web,Variant_B,United States
usr_004551,2026-07-11,2026-07-11 01:51:24,Paid Search (Google),iOS,v2.5.3,Variant_B,Canada
usr_004552,2026-07-30,2026-07-30 02:04:33,Meta Ads (Instagram),iOS,v2.5.2,Variant_B,United States
usr_004553,2026-07-28,2026-07-28 00:34:41,Meta Ads (Instagram),Android,v2.5.1,Variant_B,Germany
usr_004554,2026-06-28,2026-06-28 19:39:02,Meta Ads (Instagram),iOS,v2.5.1,Variant_B,India
usr_004555,2026-07-01,2026-07-01 06:57:50,Paid Search (Google),iOS,v2.5.1,Variant_B,Canada
usr_004556,2026-08-02,2026-08-02 13:03:03,Meta Ads (Instagram),Android,v2.5.1,Control_A,United Kingdom
usr_004557,2026-07-20,2026-07-20 17:42:51,Meta Ads (Instagram),iOS,v2.5.2,Control_A,United States
usr_004558,2026-06-06,2026-06-06 15:01:24,Meta Ads (Instagram),Android,v2.5.2,Control_A,India
usr_004559,2026-06-08,2026-06-08 19:24:58,Paid Search (Google),Android,v2.5.2,Variant_B,India
usr_004560,2026-08-24,2026-08-24 06:47:20,Influencer Campaign,iOS,v2.5.1,Variant_B,India
usr_004561,2026-07-18,2026-07-18 11:04:18,Meta Ads (Instagram),Android,v2.5.2,Control_A,India
usr_004562,2026-07-27,2026-07-27 06:14:49,Paid Search (Google),Android,v2.5.1,Control_A,United Kingdom
usr_004563,2026-06-11,2026-06-11 13:16:18,Paid Search (Google),iOS,v2.5.2,Variant_B,United States
usr_004564,2026-07-05,2026-07-05 17:41:15,Meta Ads (Instagram),iOS,v2.5.1,Variant_B,United Kingdom
usr_004565,2026-06-23,2026-06-23 18:31:10,Paid Search (Google),Android,v2.5.1,Variant_B,India
usr_004566,2026-06-05,2026-06-05 02:41:46,Meta Ads (Instagram),Web,v3.1.0-web,Control_A,United States
usr_004567,2026-06-11,2026-06-11 22:13:58,Paid Search (Google),Web,v3.1.0-web,Variant_B,United States
usr_004568,2026-06-05,2026-06-05 10:38:22,Meta Ads (Instagram),iOS,v2.5.3,Variant_B,United Kingdom
usr_004569,2026-08-08,2026-08-08 05:57:57,Meta Ads (Instagram),Web,v3.1.0-web,Control_A,Canada
usr_004570,2026-07-12,2026-07-12 07:30:25,Paid Search (Google),Android,v2.5.3,Variant_B,India
usr_004571,2026-07-18,2026-07-18 01:44:33,Referral,iOS,v2.5.3,Control_A,United Kingdom
usr_004572,2026-08-20,2026-08-20 10:20:11,Paid Search (Google),Android,v2.5.1,Control_A,United Kingdom
usr_004573,2026-08-01,2026-08-01 08:04:04,Meta Ads (Instagram),Web,v3.1.0-web,Control_A,Germany
usr_004574,2026-07-31,2026-07-31 03:43:27,Meta Ads (Instagram),iOS,v2.5.2,Variant_B,United States
usr_004575,2026-08-07,2026-08-07 20:54:53,Paid Search (Google),Android,v2.5.3,Variant_B,United States
usr_004576,2026-08-13,2026-08-13 11:16:51,Meta Ads (Instagram),Android,v2.5.1,Variant_B,United States
usr_004577,2026-07-25,2026-07-25 04:26:02,Organic Search,Android,v2.5.3,Control_A,Canada
usr_004578,2026-06-29,2026-06-29 00:50:32,Referral,Android,v2.5.2,Variant_B,India
usr_004579,2026-07-07,2026-07-07 16:14:15,Meta Ads (Instagram),iOS,v2.5.3,Control_A,Canada
usr_004580,2026-07-29,2026-07-29 19:57:22,Meta Ads (Instagram),Android,v2.5.3,Variant_B,Canada
usr_004581,2026-07-27,2026-07-27 17:06:30,Influencer Campaign,Android,v2.5.2,Variant_B,United Kingdom
usr_004582,2026-06-19,2026-06-19 06:32:51,Paid Search (Google),iOS,v2.5.1,Variant_B,United States
usr_004583,2026-08-14,2026-08-14 08:00:54,Meta Ads (Instagram),iOS,v2.5.3,Control_A,India
usr_004584,2026-08-07,2026-08-07 22:51:36,Organic Search,Android,v2.5.3,Variant_B,Germany
usr_004585,2026-06-10,2026-06-10 21:43:55,Referral,iOS,v2.5.1,Variant_B,Germany
usr_004586,2026-06-15,2026-06-15 18:20:19,Meta Ads (Instagram),Android,v2.5.1,Variant_B,United Kingdom
usr_004587,2026-07-25,2026-07-25 17:38:28,Referral,iOS,v2.5.1,Variant_B,Canada
usr_004588,2026-07-29,2026-07-29 14:32:26,Meta Ads (Instagram),iOS,v2.5.3,Control_A,Germany
usr_004589,2026-07-07,2026-07-07 21:27:27,Referral,Android,v2.5.3,Variant_B,United Kingdom
usr_004590,2026-08-27,2026-08-27 09:41:34,Paid Search (Google),iOS,v2.5.2,Control_A,United States
usr_004591,2026-06-19,2026-06-19 15:04:03,Influencer Campaign,Android,v2.5.3,Control_A,United States
usr_004592,2026-06-30,2026-06-30 17:42:36,Paid Search (Google),Android,v2.5.1,Variant_B,United States
usr_004593,2026-06-02,2026-06-02 03:49:20,Organic Search,Android,v2.5.1,Control_A,India
usr_004594,2026-08-26,2026-08-26 01:06:47,Referral,iOS,v2.5.3,Variant_B,India
usr_004595,2026-08-23,2026-08-23 08:58:12,Paid Search (Google),iOS,v2.5.1,Control_A,Germany
usr_004596,2026-08-12,2026-08-12 08:52:28,Meta Ads (Instagram),iOS,v2.5.3,Variant_B,United States
usr_004597,2026-06-19,2026-06-19 20:54:45,Referral,iOS,v2.5.1,Variant_B,India
usr_004598,2026-06-06,2026-06-06 12:53:48,Referral,Web,v3.1.0-web,Variant_B,India
usr_004599,2026-07-03,2026-07-03 02:48:33,Meta Ads (Instagram),Android,v2.5.1,Control_A,India
usr_004600,2026-07-31,2026-07-31 08:28:46,Meta Ads (Instagram),Android,v2.5.1,Variant_B,United Kingdom
usr_004601,2026-08-04,2026-08-04 11:09:27,Meta Ads (Instagram),Android,v2.5.2,Control_A,United States
usr_004602,2026-08-20,2026-08-20 21:59:28,Referral,iOS,v2.5.3,Control_A,United Kingdom
usr_004603,2026-08-12,2026-08-12 11:53:40,Organic Search,Android,v2.5.2,Control_A,Canada
usr_004604,2026-07-10,2026-07-10 13:43:25,Organic Search,Web,v3.1.0-web,Control_A,India
usr_004605,2026-06-30,2026-06-30 04:54:01,Organic Search,Web,v3.1.0-web,Control_A,United States
usr_004606,2026-07-06,2026-07-06 13:22:12,Paid Search (Google),iOS,v2.5.3,Variant_B,United Kingdom
usr_004607,2026-07-07,2026-07-07 08:36:02,Referral,iOS,v2.5.3,Variant_B,United Kingdom
usr_004608,2026-06-19,2026-06-19 15:21:28,Meta Ads (Instagram),Android,v2.5.1,Variant_B,India
usr_004609,2026-08-05,2026-08-05 12:32:09,Paid Search (Google),iOS,v2.5.2,Control_A,Canada
usr_004610,2026-06-15,2026-06-15 00:15:37,Organic Search,iOS,v2.5.3,Control_A,Canada
usr_004611,2026-08-11,2026-08-11 05:28:18,Influencer Campaign,Android,v2.5.1,Variant_B,United Kingdom
usr_004612,2026-08-09,2026-08-09 22:20:21,Meta Ads (Instagram),iOS,v2.5.2,Control_A,United Kingdom
usr_004613,2026-06-03,2026-06-03 05:47:51,Paid Search (Google),iOS,v2.5.1,Variant_B,Germany
usr_004614,2026-06-20,2026-06-20 13:56:34,Organic Search,Web,v3.1.0-web,Control_A,India
usr_004615,2026-07-11,2026-07-11 20:25:32,Paid Search (Google),Web,v3.1.0-web,Variant_B,India
usr_004616,2026-08-10,2026-08-10 07:19:48,Referral,Android,v2.5.1,Variant_B,India
usr_004617,2026-08-15,2026-08-15 00:49:55,Organic Search,iOS,v2.5.1,Control_A,India
usr_004618,2026-08-25,2026-08-25 03:32:11,Meta Ads (Instagram),Android,v2.5.3,Variant_B,India
usr_004619,2026-07-26,2026-07-26 16:53:38,Meta Ads (Instagram),Web,v3.1.0-web,Variant_B,Canada
usr_004620,2026-06-30,2026-06-30 21:58:59,Organic Search,Android,v2.5.2,Control_A,Canada
usr_004621,2026-08-23,2026-08-23 13:20:43,Meta Ads (Instagram),Android,v2.5.2,Control_A,United States
usr_004622,2026-08-05,2026-08-05 17:35:59,Influencer Campaign,iOS,v2.5.1,Control_A,United Kingdom
usr_004623,2026-08-19,2026-08-19 11:11:46,Referral,Android,v2.5.1,Variant_B,India
usr_004624,2026-06-21,2026-06-21 07:11:41,Meta Ads (Instagram),Web,v3.1.0-web,Variant_B,United Kingdom
usr_004625,2026-07-04,2026-07-04 12:36:35,Paid Search (Google),iOS,v2.5.2,Control_A,India
usr_004626,2026-08-20,2026-08-20 02:20:56,Meta Ads (Instagram),Web,v3.1.0-web,Variant_B,Germany
usr_004627,2026-07-14,2026-07-14 18:35:08,Organic Search,Android,v2.5.3,Variant_B,United States
usr_004628,2026-06-11,2026-06-11 18:50:02,Paid Search (Google),iOS,v2.5.2,Control_A,United Kingdom
usr_004629,2026-07-15,2026-07-15 12:55:30,Referral,iOS,v2.5.2,Variant_B,United Kingdom
usr_004630,2026-08-20,2026-08-20 04:15:06,Meta Ads (Instagram),iOS,v2.5.3,Variant_B,India
usr_004631,2026-08-24,2026-08-24 07:40:29,Referral,Android,v2.5.1,Control_A,Germany
usr_004632,2026-07-03,2026-07-03 04:22:31,Referral,Android,v2.5.2,Control_A,United States
usr_004633,2026-08-27,2026-08-27 23:50:58,Paid Search (Google),Android,v2.5.2,Variant_B,India
usr_004634,2026-08-17,2026-08-17 00:25:16,Meta Ads (Instagram),iOS,v2.5.2,Variant_B,United States
usr_004635,2026-08-11,2026-08-11 00:38:50,Meta Ads (Instagram),Android,v2.5.3,Control_A,United Kingdom
usr_004636,2026-06-05,2026-06-05 09:18:48,Paid Search (Google),iOS,v2.5.2,Variant_B,Canada
usr_004637,2026-07-05,2026-07-05 23:44:39,Referral,Android,v2.5.3,Control_A,United Kingdom
usr_004638,2026-07-04,2026-07-04 02:55:33,Meta Ads (Instagram),Android,v2.5.1,Variant_B,United Kingdom
usr_004639,2026-07-10,2026-07-10 03:41:23,Meta Ads (Instagram),Android,v2.5.2,Variant_B,United Kingdom
usr_004640,2026-06-02,2026-06-02 01:32:34,Organic Search,Android,v2.5.1,Variant_B,United Kingdom
usr_004641,2026-07-08,2026-07-08 03:07:33,Meta Ads (Instagram),iOS,v2.5.1,Control_A,United States
usr_004642,2026-07-22,2026-07-22 11:13:56,Paid Search (Google),iOS,v2.5.2,Control_A,Canada
usr_004643,2026-06-05,2026-06-05 23:48:22,Meta Ads (Instagram),Android,v2.5.2,Variant_B,India
usr_004644,2026-08-21,2026-08-21 19:19:29,Paid Search (Google),Android,v2.5.3,Variant_B,Canada
usr_004645,2026-07-02,2026-07-02 20:03:48,Paid Search (Google),iOS,v2.5.1,Variant_B,United States
usr_004646,2026-06-20,2026-06-20 02:33:56,Meta Ads (Instagram),iOS,v2.5.3,Control_A,Germany
usr_004647,2026-08-05,2026-08-05 00:00:49,Influencer Campaign,Android,v2.5.2,Control_A,Canada
usr_004648,2026-08-12,2026-08-12 01:00:02,Meta Ads (Instagram),iOS,v2.5.3,Control_A,United States
usr_004649,2026-07-27,2026-07-27 05:37:05,Meta Ads (Instagram),Android,v2.5.1,Control_A,Canada
usr_004650,2026-08-09,2026-08-09 23:35:36,Organic Search,Android,v2.5.1,Control_A,Germany
usr_004651,2026-08-03,2026-08-03 12:57:43,Meta Ads (Instagram),Android,v2.5.1,Control_A,Germany
usr_004652,2026-06-06,2026-06-06 04:58:56,Meta Ads (Instagram),Android,v2.5.2,Control_A,Canada
usr_004653,2026-07-02,2026-07-02 15:53:50,Paid Search (Google),iOS,v2.5.3,Variant_B,United States
usr_004654,2026-06-04,2026-06-04 04:20:33,Referral,Android,v2.5.3,Control_A,United Kingdom
usr_004655,2026-06-22,2026-06-22 21:58:22,Meta Ads (Instagram),iOS,v2.5.1,Control_A,India
usr_004656,2026-08-02,2026-08-02 19:55:24,Meta Ads (Instagram),iOS,v2.5.2,Variant_B,United Kingdom
usr_004657,2026-08-26,2026-08-26 20:56:27,Meta Ads (Instagram),iOS,v2.5.1,Control_A,India
usr_004658,2026-07-19,2026-07-19 12:19:57,Meta Ads (Instagram),iOS,v2.5.3,Control_A,India
usr_004659,2026-08-12,2026-08-12 23:37:09,Paid Search (Google),Android,v2.5.1,Variant_B,Germany
usr_004660,2026-06-21,2026-06-21 14:06:42,Referral,Android,v2.5.2,Variant_B,India
usr_004661,2026-07-20,2026-07-20 18:50:29,Meta Ads (Instagram),Web,v3.1.0-web,Variant_B,Canada
usr_004662,2026-07-31,2026-07-31 22:44:38,Meta Ads (Instagram),iOS,v2.5.3,Control_A,Germany
usr_004663,2026-08-18,2026-08-18 20:48:20,Paid Search (Google),Android,v2.5.1,Variant_B,Germany
usr_004664,2026-07-08,2026-07-08 02:49:35,Meta Ads (Instagram),Android,v2.5.2,Variant_B,United States
usr_004665,2026-07-16,2026-07-16 09:19:41,Organic Search,iOS,v2.5.3,Variant_B,India
usr_004666,2026-06-22,2026-06-22 07:09:54,Meta Ads (Instagram),Android,v2.5.1,Control_A,Canada
usr_004667,2026-06-01,2026-06-01 23:01:32,Organic Search,Web,v3.1.0-web,Control_A,United Kingdom
usr_004668,2026-07-07,2026-07-07 22:04:37,Meta Ads (Instagram),Android,v2.5.2,Variant_B,India
usr_004669,2026-06-02,2026-06-02 12:10:11,Meta Ads (Instagram),iOS,v2.5.3,Variant_B,Germany
usr_004670,2026-06-21,2026-06-21 17:30:47,Paid Search (Google),iOS,v2.5.1,Variant_B,India
usr_004671,2026-07-21,2026-07-21 02:57:37,Paid Search (Google),Android,v2.5.1,Control_A,Germany
usr_004672,2026-08-01,2026-08-01 15:53:03,Organic Search,Android,v2.5.1,Control_A,United Kingdom
usr_004673,2026-08-26,2026-08-26 12:51:25,Meta Ads (Instagram),iOS,v2.5.3,Variant_B,Canada
usr_004674,2026-06-05,2026-06-05 14:25:31,Paid Search (Google),iOS,v2.5.3,Variant_B,United Kingdom
usr_004675,2026-07-01,2026-07-01 09:10:52,Meta Ads (Instagram),iOS,v2.5.3,Control_A,India
usr_004676,2026-08-25,2026-08-25 03:05:09,Organic Search,Android,v2.5.1,Control_A,United States
usr_004677,2026-07-19,2026-07-19 03:51:22,Organic Search,iOS,v2.5.2,Control_A,Canada
usr_004678,2026-07-10,2026-07-10 04:11:13,Meta Ads (Instagram),iOS,v2.5.3,Variant_B,Germany
usr_004679,2026-07-01,2026-07-01 02:25:57,Organic Search,Android,v2.5.1,Variant_B,United Kingdom
usr_004680,2026-07-23,2026-07-23 21:48:13,Paid Search (Google),Android,v2.5.2,Control_A,Germany
usr_004681,2026-07-23,2026-07-23 23:42:32,Meta Ads (Instagram),Android,v2.5.1,Control_A,Germany
usr_004682,2026-06-11,2026-06-11 17:57:27,Meta Ads (Instagram),Android,v2.5.1,Variant_B,United States
usr_004683,2026-08-04,2026-08-04 13:23:40,Meta Ads (Instagram),iOS,v2.5.1,Control_A,United States
usr_004684,2026-08-14,2026-08-14 05:41:57,Organic Search,iOS,v2.5.3,Control_A,Canada
usr_004685,2026-06-19,2026-06-19 19:49:22,Organic Search,Android,v2.5.1,Control_A,India
usr_004686,2026-07-26,2026-07-26 03:37:41,Influencer Campaign,iOS,v2.5.1,Variant_B,Canada
usr_004687,2026-07-10,2026-07-10 21:52:58,Paid Search (Google),Android,v2.5.3,Control_A,United States
usr_004688,2026-06-20,2026-06-20 03:01:04,Organic Search,Web,v3.1.0-web,Control_A,United States
usr_004689,2026-08-20,2026-08-20 07:20:53,Influencer Campaign,Android,v2.5.3,Control_A,United Kingdom
usr_004690,2026-08-20,2026-08-20 12:08:17,Referral,iOS,v2.5.3,Control_A,India
usr_004691,2026-07-08,2026-07-08 19:13:18,Paid Search (Google),Android,v2.5.1,Control_A,United States
usr_004692,2026-06-02,2026-06-02 05:32:28,Organic Search,Android,v2.5.3,Variant_B,Canada
usr_004693,2026-07-12,2026-07-12 20:30:31,Influencer Campaign,iOS,v2.5.1,Control_A,India
usr_004694,2026-06-27,2026-06-27 18:19:17,Meta Ads (Instagram),Web,v3.1.0-web,Control_A,United Kingdom
usr_004695,2026-07-25,2026-07-25 20:34:44,Referral,iOS,v2.5.2,Control_A,Germany
usr_004696,2026-06-24,2026-06-24 21:24:51,Referral,Android,v2.5.3,Control_A,United Kingdom
usr_004697,2026-06-25,2026-06-25 20:53:52,Organic Search,Android,v2.5.1,Control_A,Germany
usr_004698,2026-07-30,2026-07-30 17:43:04,Paid Search (Google),Android,v2.5.1,Variant_B,Germany
usr_004699,2026-06-29,2026-06-29 01:35:13,Meta Ads (Instagram),Android,v2.5.1,Control_A,United States
usr_004700,2026-08-23,2026-08-23 12:24:19,Meta Ads (Instagram),Android,v2.5.3,Variant_B,United Kingdom
usr_004701,2026-07-28,2026-07-28 17:07:18,Paid Search (Google),iOS,v2.5.2,Variant_B,United Kingdom
usr_004702,2026-06-17,2026-06-17 04:18:13,Organic Search,Android,v2.5.2,Variant_B,United States
usr_004703,2026-08-15,2026-08-15 01:49:41,Referral,iOS,v2.5.1,Control_A,Canada
usr_004704,2026-07-21,2026-07-21 08:24:30,Paid Search (Google),Web,v3.1.0-web,Variant_B,United Kingdom
usr_004705,2026-08-22,2026-08-22 20:00:32,Referral,iOS,v2.5.1,Variant_B,Germany
usr_004706,2026-06-04,2026-06-04 19:42:48,Meta Ads (Instagram),iOS,v2.5.2,Control_A,Germany
usr_004707,2026-07-27,2026-07-27 14:56:53,Organic Search,Android,v2.5.1,Control_A,United States
usr_004708,2026-07-15,2026-07-15 04:40:50,Paid Search (Google),Android,v2.5.1,Control_A,United Kingdom
usr_004709,2026-07-30,2026-07-30 11:00:27,Organic Search,Android,v2.5.3,Control_A,India
usr_004710,2026-07-23,2026-07-23 19:22:27,Organic Search,Android,v2.5.2,Control_A,United States
usr_004711,2026-07-23,2026-07-23 00:13:49,Meta Ads (Instagram),iOS,v2.5.2,Variant_B,United Kingdom
usr_004712,2026-06-18,2026-06-18 04:25:15,Organic Search,iOS,v2.5.1,Variant_B,Canada
usr_004713,2026-08-18,2026-08-18 04:57:50,Influencer Campaign,Android,v2.5.3,Variant_B,India
usr_004714,2026-08-03,2026-08-03 00:24:20,Paid Search (Google),Android,v2.5.1,Variant_B,India
usr_004715,2026-07-03,2026-07-03 20:08:20,Influencer Campaign,Web,v3.1.0-web,Variant_B,Canada
usr_004716,2026-06-22,2026-06-22 20:19:09,Paid Search (Google),Android,v2.5.3,Variant_B,United Kingdom
usr_004717,2026-06-10,2026-06-10 04:44:06,Meta Ads (Instagram),Web,v3.1.0-web,Variant_B,India
usr_004718,2026-08-10,2026-08-10 15:01:50,Referral,Android,v2.5.3,Control_A,United Kingdom
usr_004719,2026-08-24,2026-08-24 03:34:32,Meta Ads (Instagram),Web,v3.1.0-web,Control_A,United States
usr_004720,2026-08-25,2026-08-25 00:16:12,Meta Ads (Instagram),iOS,v2.5.2,Variant_B,Canada
usr_004721,2026-06-02,2026-06-02 02:51:10,Meta Ads (Instagram),Web,v3.1.0-web,Control_A,United States
usr_004722,2026-06-17,2026-06-17 07:38:55,Paid Search (Google),iOS,v2.5.2,Control_A,Germany
usr_004723,2026-06-21,2026-06-21 15:02:03,Referral,Android,v2.5.2,Variant_B,United States
usr_004724,2026-08-21,2026-08-21 10:06:35,Organic Search,Android,v2.5.1,Control_A,India
usr_004725,2026-08-15,2026-08-15 04:24:36,Meta Ads (Instagram),Android,v2.5.2,Control_A,Canada
usr_004726,2026-07-18,2026-07-18 04:32:27,Referral,Android,v2.5.1,Variant_B,Germany
usr_004727,2026-08-02,2026-08-02 17:06:53,Meta Ads (Instagram),Android,v2.5.1,Control_A,Germany
usr_004728,2026-08-23,2026-08-23 14:33:15,Referral,Android,v2.5.1,Variant_B,Germany
usr_004729,2026-07-16,2026-07-16 15:25:53,Paid Search (Google),Web,v3.1.0-web,Variant_B,United States
usr_004730,2026-08-08,2026-08-08 12:27:32,Meta Ads (Instagram),Android,v2.5.1,Control_A,United Kingdom
usr_004731,2026-07-01,2026-07-01 04:57:52,Meta Ads (Instagram),Android,v2.5.1,Control_A,United Kingdom
usr_004732,2026-07-08,2026-07-08 02:16:23,Meta Ads (Instagram),Android,v2.5.2,Control_A,Canada
usr_004733,2026-06-01,2026-06-01 13:47:11,Meta Ads (Instagram),Android,v2.5.1,Control_A,Canada
usr_004734,2026-07-20,2026-07-20 10:54:17,Paid Search (Google),iOS,v2.5.2,Control_A,United States
usr_004735,2026-07-24,2026-07-24 01:18:17,Meta Ads (Instagram),iOS,v2.5.3,Control_A,United Kingdom
usr_004736,2026-08-07,2026-08-07 08:19:17,Meta Ads (Instagram),iOS,v2.5.2,Control_A,Germany
usr_004737,2026-07-27,2026-07-27 03:59:38,Organic Search,iOS,v2.5.2,Variant_B,Canada
usr_004738,2026-08-01,2026-08-01 02:41:26,Influencer Campaign,Android,v2.5.1,Variant_B,United States
usr_004739,2026-07-13,2026-07-13 17:21:04,Meta Ads (Instagram),iOS,v2.5.3,Variant_B,United States
usr_004740,2026-07-07,2026-07-07 06:13:00,Organic Search,Android,v2.5.3,Variant_B,Germany
usr_004741,2026-06-11,2026-06-11 23:26:33,Organic Search,iOS,v2.5.3,Control_A,India
usr_004742,2026-08-10,2026-08-10 07:22:07,Meta Ads (Instagram),Android,v2.5.3,Control_A,United Kingdom
usr_004743,2026-07-14,2026-07-14 13:55:16,Organic Search,Android,v2.5.3,Control_A,United Kingdom
usr_004744,2026-07-17,2026-07-17 16:21:24,Paid Search (Google),Android,v2.5.2,Variant_B,Canada
usr_004745,2026-07-26,2026-07-26 21:03:50,Meta Ads (Instagram),Web,v3.1.0-web,Control_A,United States
usr_004746,2026-06-18,2026-06-18 17:17:02,Organic Search,Android,v2.5.3,Variant_B,United Kingdom
usr_004747,2026-06-20,2026-06-20 22:50:10,Meta Ads (Instagram),iOS,v2.5.2,Control_A,United Kingdom
usr_004748,2026-07-25,2026-07-25 00:22:52,Meta Ads (Instagram),iOS,v2.5.1,Variant_B,India
usr_004749,2026-06-14,2026-06-14 08:39:26,Influencer Campaign,Web,v3.1.0-web,Variant_B,Germany
usr_004750,2026-08-25,2026-08-25 22:22:43,Paid Search (Google),iOS,v2.5.2,Variant_B,United States
usr_004751,2026-07-09,2026-07-09 02:36:16,Meta Ads (Instagram),iOS,v2.5.3,Variant_B,India
usr_004752,2026-07-01,2026-07-01 16:19:35,Paid Search (Google),iOS,v2.5.1,Variant_B,United Kingdom
usr_004753,2026-07-18,2026-07-18 20:46:57,Referral,Android,v2.5.2,Variant_B,United Kingdom
usr_004754,2026-08-07,2026-08-07 17:07:19,Referral,Web,v3.1.0-web,Control_A,India
usr_004755,2026-06-18,2026-06-18 01:56:07,Organic Search,Web,v3.1.0-web,Variant_B,Canada
usr_004756,2026-07-24,2026-07-24 00:35:22,Paid Search (Google),iOS,v2.5.2,Variant_B,United States
usr_004757,2026-08-28,2026-08-28 02:14:27,Meta Ads (Instagram),Android,v2.5.3,Control_A,United States
usr_004758,2026-08-25,2026-08-25 22:13:00,Referral,Android,v2.5.2,Control_A,United Kingdom
usr_004759,2026-06-09,2026-06-09 00:24:46,Referral,Android,v2.5.2,Control_A,United Kingdom
usr_004760,2026-08-15,2026-08-15 13:08:07,Meta Ads (Instagram),iOS,v2.5.1,Variant_B,Germany
usr_004761,2026-08-16,2026-08-16 20:00:53,Meta Ads (Instagram),Android,v2.5.3,Variant_B,Germany
usr_004762,2026-07-05,2026-07-05 14:11:11,Referral,Android,v2.5.1,Variant_B,United Kingdom
usr_004763,2026-08-06,2026-08-06 05:10:14,Meta Ads (Instagram),iOS,v2.5.3,Control_A,United Kingdom
usr_004764,2026-08-23,2026-08-23 19:48:37,Referral,Web,v3.1.0-web,Variant_B,Canada
usr_004765,2026-06-28,2026-06-28 13:12:56,Paid Search (Google),Android,v2.5.3,Control_A,Germany
usr_004766,2026-08-05,2026-08-05 05:39:40,Referral,Android,v2.5.2,Control_A,United Kingdom
usr_004767,2026-07-30,2026-07-30 15:36:45,Meta Ads (Instagram),Android,v2.5.1,Control_A,Canada
usr_004768,2026-06-16,2026-06-16 00:45:44,Meta Ads (Instagram),iOS,v2.5.1,Variant_B,United Kingdom
usr_004769,2026-06-28,2026-06-28 12:20:07,Meta Ads (Instagram),Android,v2.5.1,Control_A,United Kingdom
usr_004770,2026-07-03,2026-07-03 20:00:45,Meta Ads (Instagram),iOS,v2.5.2,Control_A,Germany
usr_004771,2026-06-02,2026-06-02 13:25:02,Referral,Web,v3.1.0-web,Control_A,Canada
usr_004772,2026-06-14,2026-06-14 04:59:59,Meta Ads (Instagram),Android,v2.5.1,Variant_B,India
usr_004773,2026-07-23,2026-07-23 02:32:23,Paid Search (Google),iOS,v2.5.3,Variant_B,Canada
usr_004774,2026-07-25,2026-07-25 18:24:49,Meta Ads (Instagram),Android,v2.5.3,Variant_B,India
usr_004775,2026-07-03,2026-07-03 02:15:39,Paid Search (Google),iOS,v2.5.2,Variant_B,Germany
usr_004776,2026-06-15,2026-06-15 11:19:26,Meta Ads (Instagram),Android,v2.5.3,Variant_B,India
usr_004777,2026-08-08,2026-08-08 12:28:56,Paid Search (Google),Android,v2.5.1,Control_A,United Kingdom
usr_004778,2026-07-02,2026-07-02 07:55:39,Meta Ads (Instagram),Android,v2.5.1,Variant_B,United Kingdom
usr_004779,2026-06-06,2026-06-06 22:39:43,Referral,iOS,v2.5.2,Variant_B,United States
usr_004780,2026-07-05,2026-07-05 03:45:11,Influencer Campaign,Android,v2.5.3,Control_A,India
usr_004781,2026-08-09,2026-08-09 09:39:53,Paid Search (Google),Android,v2.5.1,Control_A,United Kingdom
usr_004782,2026-06-03,2026-06-03 11:27:01,Meta Ads (Instagram),Android,v2.5.3,Variant_B,Germany
usr_004783,2026-07-31,2026-07-31 00:36:50,Meta Ads (Instagram),iOS,v2.5.1,Variant_B,United States
usr_004784,2026-08-11,2026-08-11 03:21:34,Organic Search,iOS,v2.5.1,Control_A,India
usr_004785,2026-08-10,2026-08-10 03:25:33,Paid Search (Google),iOS,v2.5.1,Variant_B,India
usr_004786,2026-08-04,2026-08-04 08:53:23,Paid Search (Google),Android,v2.5.2,Control_A,United States
usr_004787,2026-07-25,2026-07-25 22:06:03,Organic Search,iOS,v2.5.3,Control_A,United States
usr_004788,2026-06-21,2026-06-21 11:49:35,Influencer Campaign,iOS,v2.5.1,Variant_B,Canada
usr_004789,2026-07-20,2026-07-20 02:34:53,Referral,iOS,v2.5.1,Control_A,United Kingdom
usr_004790,2026-06-24,2026-06-24 09:44:12,Meta Ads (Instagram),Android,v2.5.3,Control_A,United Kingdom
usr_004791,2026-06-12,2026-06-12 17:27:42,Organic Search,Web,v3.1.0-web,Variant_B,Germany
usr_004792,2026-06-14,2026-06-14 12:07:25,Meta Ads (Instagram),Android,v2.5.2,Variant_B,Germany
usr_004793,2026-06-20,2026-06-20 13:42:07,Paid Search (Google),iOS,v2.5.1,Control_A,Canada
usr_004794,2026-06-08,2026-06-08 06:01:16,Paid Search (Google),iOS,v2.5.2,Control_A,Germany
usr_004795,2026-06-23,2026-06-23 04:50:29,Organic Search,Android,v2.5.3,Variant_B,Canada
usr_004796,2026-07-02,2026-07-02 23:13:06,Meta Ads (Instagram),iOS,v2.5.2,Control_A,United States
usr_004797,2026-08-08,2026-08-08 08:43:56,Meta Ads (Instagram),Android,v2.5.3,Variant_B,United Kingdom
usr_004798,2026-08-10,2026-08-10 21:02:14,Influencer Campaign,iOS,v2.5.1,Control_A,India
usr_004799,2026-08-28,2026-08-28 17:58:32,Meta Ads (Instagram),iOS,v2.5.1,Variant_B,India
usr_004800,2026-07-11,2026-07-11 23:58:20,Referral,Android,v2.5.3,Variant_B,United States
usr_004801,2026-06-25,2026-06-25 07:55:28,Paid Search (Google),iOS,v2.5.3,Control_A,Canada
usr_004802,2026-08-04,2026-08-04 02:02:33,Referral,Android,v2.5.2,Control_A,United Kingdom
usr_004803,2026-06-15,2026-06-15 05:13:50,Influencer Campaign,Android,v2.5.1,Control_A,Germany
usr_004804,2026-07-12,2026-07-12 10:59:42,Paid Search (Google),Android,v2.5.2,Control_A,Germany
usr_004805,2026-07-07,2026-07-07 12:11:16,Referral,Web,v3.1.0-web,Control_A,India
usr_004806,2026-08-08,2026-08-08 07:53:09,Referral,Android,v2.5.2,Variant_B,United Kingdom
usr_004807,2026-07-15,2026-07-15 18:25:22,Paid Search (Google),Android,v2.5.1,Variant_B,India
usr_004808,2026-08-10,2026-08-10 15:00:37,Referral,Web,v3.1.0-web,Variant_B,India
usr_004809,2026-08-23,2026-08-23 20:12:53,Paid Search (Google),Android,v2.5.2,Variant_B,Canada
usr_004810,2026-08-06,2026-08-06 14:45:35,Paid Search (Google),Android,v2.5.3,Variant_B,Canada
usr_004811,2026-08-17,2026-08-17 14:30:50,Meta Ads (Instagram),Android,v2.5.2,Variant_B,United States
usr_004812,2026-07-21,2026-07-21 07:08:29,Influencer Campaign,Android,v2.5.2,Control_A,Canada
usr_004813,2026-08-04,2026-08-04 17:04:27,Referral,iOS,v2.5.3,Variant_B,United Kingdom
usr_004814,2026-06-03,2026-06-03 16:21:12,Meta Ads (Instagram),iOS,v2.5.1,Control_A,United States
usr_004815,2026-08-04,2026-08-04 02:47:04,Paid Search (Google),iOS,v2.5.1,Control_A,India
usr_004816,2026-07-13,2026-07-13 05:38:23,Influencer Campaign,Android,v2.5.3,Control_A,United States
usr_004817,2026-07-30,2026-07-30 09:47:45,Referral,Android,v2.5.3,Control_A,Germany
usr_004818,2026-08-09,2026-08-09 08:04:23,Paid Search (Google),Web,v3.1.0-web,Control_A,Germany
usr_004819,2026-08-28,2026-08-28 20:38:17,Meta Ads (Instagram),Android,v2.5.3,Control_A,United Kingdom
usr_004820,2026-07-11,2026-07-11 19:37:45,Influencer Campaign,Android,v2.5.1,Variant_B,United Kingdom
usr_004821,2026-07-31,2026-07-31 09:57:12,Paid Search (Google),Android,v2.5.3,Control_A,United Kingdom
usr_004822,2026-08-01,2026-08-01 06:04:48,Organic Search,Android,v2.5.3,Control_A,Germany
usr_004823,2026-07-09,2026-07-09 21:28:07,Meta Ads (Instagram),Android,v2.5.2,Variant_B,Germany
usr_004824,2026-08-14,2026-08-14 01:46:58,Referral,iOS,v2.5.1,Control_A,Canada
usr_004825,2026-08-28,2026-08-28 18:26:15,Meta Ads (Instagram),Android,v2.5.3,Control_A,United States
usr_004826,2026-07-08,2026-07-08 15:05:24,Organic Search,iOS,v2.5.2,Variant_B,Canada
usr_004827,2026-08-24,2026-08-24 13:22:36,Referral,Android,v2.5.2,Control_A,United States
usr_004828,2026-07-29,2026-07-29 17:20:15,Organic Search,iOS,v2.5.2,Control_A,Canada
usr_004829,2026-07-16,2026-07-16 04:32:21,Meta Ads (Instagram),Web,v3.1.0-web,Control_A,Germany
usr_004830,2026-06-27,2026-06-27 18:25:17,Meta Ads (Instagram),iOS,v2.5.1,Control_A,United States
usr_004831,2026-08-01,2026-08-01 09:22:57,Influencer Campaign,iOS,v2.5.1,Control_A,United States
usr_004832,2026-07-03,2026-07-03 19:09:50,Paid Search (Google),Web,v3.1.0-web,Variant_B,United States
usr_004833,2026-08-23,2026-08-23 13:09:34,Meta Ads (Instagram),Android,v2.5.2,Variant_B,United States
usr_004834,2026-08-06,2026-08-06 17:42:29,Meta Ads (Instagram),Android,v2.5.1,Variant_B,Germany
usr_004835,2026-06-05,2026-06-05 15:39:32,Paid Search (Google),Android,v2.5.1,Control_A,United Kingdom
usr_004836,2026-07-03,2026-07-03 19:27:12,Paid Search (Google),iOS,v2.5.1,Variant_B,Canada
usr_004837,2026-08-28,2026-08-28 12:25:59,Influencer Campaign,Android,v2.5.3,Control_A,United Kingdom
usr_004838,2026-07-07,2026-07-07 16:10:40,Meta Ads (Instagram),Android,v2.5.3,Variant_B,United States
usr_004839,2026-07-02,2026-07-02 09:08:48,Meta Ads (Instagram),Android,v2.5.3,Control_A,United States
usr_004840,2026-08-06,2026-08-06 12:14:09,Meta Ads (Instagram),iOS,v2.5.2,Control_A,United States
usr_004841,2026-07-06,2026-07-06 01:41:32,Organic Search,Android,v2.5.3,Variant_B,United Kingdom
usr_004842,2026-07-09,2026-07-09 16:47:18,Paid Search (Google),iOS,v2.5.2,Variant_B,India
usr_004843,2026-07-15,2026-07-15 04:12:17,Meta Ads (Instagram),iOS,v2.5.1,Control_A,United Kingdom
usr_004844,2026-06-22,2026-06-22 05:20:34,Meta Ads (Instagram),iOS,v2.5.3,Control_A,Germany
usr_004845,2026-07-09,2026-07-09 19:37:42,Influencer Campaign,Android,v2.5.3,Control_A,India
usr_004846,2026-06-21,2026-06-21 10:04:40,Organic Search,iOS,v2.5.2,Control_A,Germany
usr_004847,2026-08-29,2026-08-29 02:52:48,Paid Search (Google),iOS,v2.5.3,Variant_B,Canada
usr_004848,2026-06-08,2026-06-08 20:32:55,Paid Search (Google),Android,v2.5.3,Variant_B,Germany
usr_004849,2026-07-24,2026-07-24 18:13:44,Paid Search (Google),iOS,v2.5.2,Variant_B,Canada
usr_004850,2026-07-06,2026-07-06 13:30:48,Meta Ads (Instagram),Android,v2.5.3,Variant_B,India
usr_004851,2026-08-27,2026-08-27 14:21:53,Organic Search,Android,v2.5.3,Variant_B,United Kingdom
usr_004852,2026-08-14,2026-08-14 07:03:58,Influencer Campaign,iOS,v2.5.2,Variant_B,India
usr_004853,2026-08-08,2026-08-08 06:31:04,Meta Ads (Instagram),iOS,v2.5.1,Variant_B,United States
usr_004854,2026-06-11,2026-06-11 06:39:25,Meta Ads (Instagram),Android,v2.5.3,Variant_B,India
usr_004855,2026-07-27,2026-07-27 16:01:53,Referral,Web,v3.1.0-web,Control_A,Canada
usr_004856,2026-07-20,2026-07-20 13:25:36,Organic Search,Android,v2.5.2,Variant_B,United States
usr_004857,2026-08-03,2026-08-03 16:54:20,Organic Search,iOS,v2.5.1,Control_A,Canada
usr_004858,2026-07-03,2026-07-03 20:23:16,Organic Search,Android,v2.5.1,Control_A,Germany
usr_004859,2026-06-07,2026-06-07 05:52:21,Paid Search (Google),iOS,v2.5.2,Control_A,United Kingdom
usr_004860,2026-06-13,2026-06-13 10:21:00,Meta Ads (Instagram),iOS,v2.5.3,Variant_B,United States
usr_004861,2026-08-15,2026-08-15 00:52:54,Referral,iOS,v2.5.1,Variant_B,United Kingdom
usr_004862,2026-06-28,2026-06-28 06:55:18,Paid Search (Google),Android,v2.5.2,Control_A,Canada
usr_004863,2026-06-23,2026-06-23 08:07:07,Organic Search,iOS,v2.5.1,Control_A,Germany
usr_004864,2026-07-04,2026-07-04 08:38:49,Paid Search (Google),Web,v3.1.0-web,Variant_B,India
usr_004865,2026-06-30,2026-06-30 01:10:23,Meta Ads (Instagram),Android,v2.5.1,Control_A,India
usr_004866,2026-08-09,2026-08-09 14:49:03,Influencer Campaign,iOS,v2.5.3,Variant_B,Canada
usr_004867,2026-07-02,2026-07-02 00:43:16,Meta Ads (Instagram),iOS,v2.5.3,Variant_B,Canada
usr_004868,2026-06-22,2026-06-22 18:28:53,Influencer Campaign,Android,v2.5.1,Control_A,India
usr_004869,2026-06-17,2026-06-17 05:58:09,Meta Ads (Instagram),iOS,v2.5.2,Variant_B,Canada
usr_004870,2026-06-22,2026-06-22 18:24:40,Organic Search,iOS,v2.5.3,Variant_B,Germany
usr_004871,2026-07-29,2026-07-29 01:53:32,Organic Search,iOS,v2.5.2,Variant_B,Canada
usr_004872,2026-08-12,2026-08-12 20:38:28,Meta Ads (Instagram),iOS,v2.5.2,Variant_B,Canada
usr_004873,2026-08-01,2026-08-01 04:54:58,Referral,Android,v2.5.3,Variant_B,United States
usr_004874,2026-07-05,2026-07-05 13:58:36,Meta Ads (Instagram),Android,v2.5.2,Control_A,United States
usr_004875,2026-07-06,2026-07-06 15:36:28,Organic Search,Android,v2.5.1,Variant_B,United States
usr_004876,2026-06-03,2026-06-03 18:44:31,Meta Ads (Instagram),Android,v2.5.1,Control_A,United Kingdom
usr_004877,2026-06-01,2026-06-01 16:13:40,Paid Search (Google),Android,v2.5.2,Control_A,India
usr_004878,2026-07-28,2026-07-28 04:41:15,Meta Ads (Instagram),iOS,v2.5.3,Variant_B,United States
usr_004879,2026-06-09,2026-06-09 04:24:33,Referral,Android,v2.5.1,Variant_B,Canada
usr_004880,2026-06-23,2026-06-23 20:17:52,Paid Search (Google),Android,v2.5.3,Control_A,Canada
usr_004881,2026-08-10,2026-08-10 17:04:31,Influencer Campaign,iOS,v2.5.1,Control_A,United Kingdom
usr_004882,2026-07-05,2026-07-05 18:44:05,Organic Search,Android,v2.5.1,Control_A,Germany
usr_004883,2026-08-29,2026-08-29 10:48:04,Paid Search (Google),iOS,v2.5.1,Control_A,United States
usr_004884,2026-08-23,2026-08-23 18:46:33,Meta Ads (Instagram),iOS,v2.5.3,Control_A,India
usr_004885,2026-08-25,2026-08-25 13:12:39,Paid Search (Google),Android,v2.5.3,Variant_B,United States
usr_004886,2026-06-03,2026-06-03 03:11:00,Referral,Android,v2.5.1,Variant_B,Germany
usr_004887,2026-08-19,2026-08-19 16:10:26,Meta Ads (Instagram),iOS,v2.5.2,Control_A,Canada
usr_004888,2026-08-01,2026-08-01 19:29:07,Meta Ads (Instagram),iOS,v2.5.3,Control_A,United Kingdom
usr_004889,2026-07-28,2026-07-28 08:01:26,Paid Search (Google),iOS,v2.5.2,Control_A,United States
usr_004890,2026-08-26,2026-08-26 22:56:26,Meta Ads (Instagram),Android,v2.5.2,Control_A,India
usr_004891,2026-06-11,2026-06-11 12:21:27,Meta Ads (Instagram),Android,v2.5.2,Control_A,Germany
usr_004892,2026-08-01,2026-08-01 21:02:36,Meta Ads (Instagram),iOS,v2.5.3,Variant_B,Canada
usr_004893,2026-08-27,2026-08-27 10:19:22,Influencer Campaign,Web,v3.1.0-web,Variant_B,Canada
usr_004894,2026-06-28,2026-06-28 18:14:33,Meta Ads (Instagram),iOS,v2.5.1,Control_A,Germany
usr_004895,2026-07-27,2026-07-27 03:10:17,Referral,iOS,v2.5.2,Variant_B,Canada
usr_004896,2026-07-05,2026-07-05 01:21:54,Meta Ads (Instagram),iOS,v2.5.2,Variant_B,Canada
usr_004897,2026-07-28,2026-07-28 01:44:31,Paid Search (Google),iOS,v2.5.2,Variant_B,Germany
usr_004898,2026-08-10,2026-08-10 09:30:23,Influencer Campaign,Android,v2.5.1,Control_A,Canada
usr_004899,2026-07-14,2026-07-14 08:09:38,Influencer Campaign,iOS,v2.5.1,Variant_B,Canada
usr_004900,2026-06-27,2026-06-27 09:30:36,Influencer Campaign,iOS,v2.5.3,Control_A,United States
usr_004901,2026-06-13,2026-06-13 02:43:23,Referral,Web,v3.1.0-web,Variant_B,United Kingdom
usr_004902,2026-07-13,2026-07-13 06:59:03,Influencer Campaign,iOS,v2.5.1,Variant_B,United States
usr_004903,2026-06-30,2026-06-30 11:59:05,Meta Ads (Instagram),Android,v2.5.3,Control_A,United States
usr_004904,2026-07-16,2026-07-16 08:10:27,Meta Ads (Instagram),iOS,v2.5.2,Control_A,Germany
usr_004905,2026-08-25,2026-08-25 22:05:26,Meta Ads (Instagram),iOS,v2.5.2,Control_A,Germany
usr_004906,2026-07-20,2026-07-20 13:20:37,Meta Ads (Instagram),iOS,v2.5.3,Control_A,India
usr_004907,2026-07-09,2026-07-09 01:55:44,Referral,Android,v2.5.3,Control_A,United Kingdom
usr_004908,2026-07-07,2026-07-07 00:16:27,Paid Search (Google),iOS,v2.5.3,Control_A,United States
usr_004909,2026-06-05,2026-06-05 21:15:16,Organic Search,Android,v2.5.2,Control_A,United Kingdom
usr_004910,2026-08-07,2026-08-07 21:02:33,Organic Search,iOS,v2.5.1,Control_A,United States
usr_004911,2026-06-07,2026-06-07 04:05:51,Organic Search,iOS,v2.5.1,Variant_B,United States
usr_004912,2026-07-25,2026-07-25 02:05:37,Referral,Android,v2.5.2,Variant_B,India
usr_004913,2026-06-10,2026-06-10 03:21:46,Meta Ads (Instagram),iOS,v2.5.2,Control_A,United Kingdom
usr_004914,2026-07-19,2026-07-19 20:21:26,Meta Ads (Instagram),Android,v2.5.2,Variant_B,United States
usr_004915,2026-08-26,2026-08-26 04:16:25,Meta Ads (Instagram),iOS,v2.5.1,Variant_B,India
usr_004916,2026-07-14,2026-07-14 02:00:01,Influencer Campaign,Web,v3.1.0-web,Variant_B,United States
usr_004917,2026-06-01,2026-06-01 19:17:55,Organic Search,Android,v2.5.2,Control_A,United Kingdom
usr_004918,2026-06-12,2026-06-12 16:09:48,Organic Search,Android,v2.5.1,Variant_B,Canada
usr_004919,2026-07-20,2026-07-20 23:40:59,Organic Search,iOS,v2.5.2,Control_A,United States
usr_004920,2026-08-25,2026-08-25 12:31:51,Paid Search (Google),iOS,v2.5.1,Control_A,Canada
usr_004921,2026-07-07,2026-07-07 03:20:58,Organic Search,Android,v2.5.2,Variant_B,United Kingdom
usr_004922,2026-08-03,2026-08-03 10:43:03,Referral,Android,v2.5.2,Control_A,United Kingdom
usr_004923,2026-07-06,2026-07-06 00:12:37,Paid Search (Google),Android,v2.5.1,Variant_B,Canada
usr_004924,2026-06-05,2026-06-05 06:14:17,Paid Search (Google),Android,v2.5.1,Variant_B,Germany
usr_004925,2026-06-23,2026-06-23 13:16:33,Paid Search (Google),Web,v3.1.0-web,Control_A,Canada
usr_004926,2026-08-09,2026-08-09 10:53:39,Paid Search (Google),Android,v2.5.1,Control_A,Germany
usr_004927,2026-06-29,2026-06-29 13:47:37,Influencer Campaign,Web,v3.1.0-web,Control_A,India
usr_004928,2026-07-17,2026-07-17 08:11:24,Referral,Android,v2.5.3,Control_A,India
usr_004929,2026-06-13,2026-06-13 19:19:50,Paid Search (Google),Android,v2.5.2,Variant_B,Canada
usr_004930,2026-07-26,2026-07-26 17:08:34,Referral,Android,v2.5.1,Variant_B,United States
usr_004931,2026-08-09,2026-08-09 23:12:17,Organic Search,Android,v2.5.1,Variant_B,Canada
usr_004932,2026-06-05,2026-06-05 07:54:10,Meta Ads (Instagram),iOS,v2.5.1,Control_A,India
usr_004933,2026-08-27,2026-08-27 23:43:18,Paid Search (Google),iOS,v2.5.2,Control_A,India
usr_004934,2026-06-17,2026-06-17 22:32:59,Paid Search (Google),Android,v2.5.1,Variant_B,United States
usr_004935,2026-06-02,2026-06-02 20:08:09,Paid Search (Google),iOS,v2.5.2,Control_A,United Kingdom
usr_004936,2026-08-04,2026-08-04 10:33:34,Meta Ads (Instagram),iOS,v2.5.3,Control_A,Canada
usr_004937,2026-07-06,2026-07-06 11:33:22,Influencer Campaign,Android,v2.5.3,Control_A,Germany
usr_004938,2026-06-07,2026-06-07 01:54:48,Meta Ads (Instagram),Android,v2.5.2,Control_A,United Kingdom
usr_004939,2026-06-12,2026-06-12 19:23:03,Organic Search,Android,v2.5.2,Variant_B,Germany
usr_004940,2026-08-15,2026-08-15 14:36:03,Meta Ads (Instagram),Android,v2.5.1,Variant_B,United Kingdom
usr_004941,2026-07-22,2026-07-22 15:53:46,Paid Search (Google),iOS,v2.5.3,Variant_B,India
usr_004942,2026-07-23,2026-07-23 21:25:20,Meta Ads (Instagram),Android,v2.5.1,Variant_B,India
usr_004943,2026-07-07,2026-07-07 08:45:30,Meta Ads (Instagram),Android,v2.5.2,Variant_B,United Kingdom
usr_004944,2026-07-03,2026-07-03 00:00:32,Paid Search (Google),Android,v2.5.3,Variant_B,Canada
usr_004945,2026-07-24,2026-07-24 08:24:50,Paid Search (Google),Android,v2.5.3,Variant_B,Canada
usr_004946,2026-07-09,2026-07-09 11:27:31,Meta Ads (Instagram),Android,v2.5.1,Variant_B,United Kingdom
usr_004947,2026-08-05,2026-08-05 01:36:33,Meta Ads (Instagram),Android,v2.5.1,Control_A,United Kingdom
usr_004948,2026-06-26,2026-06-26 01:23:08,Organic Search,Android,v2.5.2,Control_A,United Kingdom
usr_004949,2026-08-13,2026-08-13 13:58:36,Organic Search,Android,v2.5.2,Control_A,United Kingdom
usr_004950,2026-08-27,2026-08-27 20:57:45,Paid Search (Google),iOS,v2.5.3,Variant_B,Canada
usr_004951,2026-06-01,2026-06-01 01:05:56,Organic Search,Android,v2.5.2,Control_A,Canada
usr_004952,2026-06-30,2026-06-30 07:51:10,Meta Ads (Instagram),iOS,v2.5.3,Control_A,India
usr_004953,2026-07-09,2026-07-09 02:19:19,Influencer Campaign,Android,v2.5.1,Control_A,United Kingdom
usr_004954,2026-07-22,2026-07-22 12:38:45,Meta Ads (Instagram),iOS,v2.5.2,Control_A,India
usr_004955,2026-07-04,2026-07-04 20:49:56,Influencer Campaign,Android,v2.5.2,Control_A,Canada
usr_004956,2026-07-23,2026-07-23 19:47:18,Influencer Campaign,Android,v2.5.1,Control_A,Germany
usr_004957,2026-07-13,2026-07-13 16:06:54,Referral,iOS,v2.5.2,Control_A,Germany
usr_004958,2026-06-06,2026-06-06 13:02:12,Organic Search,iOS,v2.5.1,Control_A,United Kingdom
usr_004959,2026-07-14,2026-07-14 11:07:04,Organic Search,iOS,v2.5.2,Control_A,India
usr_004960,2026-08-04,2026-08-04 06:32:33,Paid Search (Google),iOS,v2.5.3,Control_A,Canada
usr_004961,2026-06-22,2026-06-22 11:57:12,Paid Search (Google),Web,v3.1.0-web,Control_A,United Kingdom
usr_004962,2026-08-03,2026-08-03 17:22:06,Meta Ads (Instagram),Web,v3.1.0-web,Variant_B,Canada
usr_004963,2026-08-14,2026-08-14 23:44:23,Influencer Campaign,Android,v2.5.2,Control_A,India
usr_004964,2026-08-13,2026-08-13 18:25:29,Meta Ads (Instagram),Android,v2.5.2,Variant_B,Canada
usr_004965,2026-06-06,2026-06-06 22:28:16,Meta Ads (Instagram),Android,v2.5.3,Control_A,Germany
usr_004966,2026-07-30,2026-07-30 01:13:29,Meta Ads (Instagram),Web,v3.1.0-web,Variant_B,Canada
usr_004967,2026-08-14,2026-08-14 01:36:51,Organic Search,Web,v3.1.0-web,Variant_B,Germany
usr_004968,2026-07-25,2026-07-25 03:51:01,Paid Search (Google),iOS,v2.5.3,Control_A,United Kingdom
usr_004969,2026-08-24,2026-08-24 15:09:33,Referral,iOS,v2.5.2,Variant_B,United Kingdom
usr_004970,2026-08-15,2026-08-15 08:03:19,Paid Search (Google),Android,v2.5.2,Variant_B,United Kingdom
usr_004971,2026-07-03,2026-07-03 01:55:17,Influencer Campaign,Web,v3.1.0-web,Control_A,United Kingdom
usr_004972,2026-06-06,2026-06-06 22:12:22,Meta Ads (Instagram),Android,v2.5.3,Control_A,India
usr_004973,2026-07-02,2026-07-02 18:03:55,Paid Search (Google),Android,v2.5.1,Control_A,United States
usr_004974,2026-06-14,2026-06-14 20:17:37,Paid Search (Google),Android,v2.5.1,Control_A,Canada
usr_004975,2026-07-03,2026-07-03 12:38:38,Meta Ads (Instagram),Android,v2.5.2,Control_A,Canada
usr_004976,2026-07-16,2026-07-16 03:40:15,Meta Ads (Instagram),Android,v2.5.1,Control_A,Germany
usr_004977,2026-07-12,2026-07-12 11:50:02,Organic Search,Android,v2.5.3,Variant_B,United Kingdom
usr_004978,2026-06-16,2026-06-16 10:32:45,Meta Ads (Instagram),Android,v2.5.2,Control_A,United Kingdom
usr_004979,2026-08-02,2026-08-02 16:34:50,Paid Search (Google),Android,v2.5.2,Variant_B,United States
usr_004980,2026-07-11,2026-07-11 21:36:01,Paid Search (Google),Android,v2.5.2,Variant_B,Canada
usr_004981,2026-08-09,2026-08-09 07:45:35,Organic Search,Android,v2.5.3,Control_A,United States
usr_004982,2026-06-11,2026-06-11 17:49:36,Organic Search,iOS,v2.5.3,Control_A,India
usr_004983,2026-06-21,2026-06-21 14:00:46,Organic Search,Android,v2.5.3,Control_A,Germany
usr_004984,2026-08-16,2026-08-16 03:00:13,Meta Ads (Instagram),iOS,v2.5.2,Variant_B,United States
usr_004985,2026-08-11,2026-08-11 02:54:11,Meta Ads (Instagram),Android,v2.5.1,Control_A,Germany
usr_004986,2026-06-26,2026-06-26 20:09:47,Meta Ads (Instagram),Web,v3.1.0-web,Variant_B,United Kingdom
usr_004987,2026-08-27,2026-08-27 14:59:38,Organic Search,iOS,v2.5.2,Control_A,Germany
usr_004988,2026-06-12,2026-06-12 00:53:38,Meta Ads (Instagram),Android,v2.5.1,Variant_B,Germany
usr_004989,2026-07-06,2026-07-06 11:02:30,Referral,iOS,v2.5.2,Control_A,Canada
usr_004990,2026-07-21,2026-07-21 18:03:48,Meta Ads (Instagram),Android,v2.5.3,Variant_B,Germany
usr_004991,2026-08-07,2026-08-07 11:09:26,Paid Search (Google),iOS,v2.5.1,Control_A,United States
usr_004992,2026-07-03,2026-07-03 06:11:42,Meta Ads (Instagram),Android,v2.5.2,Variant_B,United Kingdom
usr_004993,2026-07-04,2026-07-04 11:46:15,Meta Ads (Instagram),Android,v2.5.3,Variant_B,Canada
usr_004994,2026-08-15,2026-08-15 07:56:34,Influencer Campaign,Android,v2.5.1,Control_A,India
usr_004995,2026-08-07,2026-08-07 22:58:19,Meta Ads (Instagram),iOS,v2.5.3,Control_A,Germany
usr_004996,2026-07-13,2026-07-13 20:37:56,Paid Search (Google),iOS,v2.5.3,Control_A,India
usr_004997,2026-06-09,2026-06-09 11:15:42,Paid Search (Google),iOS,v2.5.1,Control_A,Canada
usr_004998,2026-06-08,2026-06-08 18:20:52,Paid Search (Google),iOS,v2.5.3,Variant_B,Canada
usr_004999,2026-07-11,2026-07-11 01:09:02,Paid Search (Google),Android,v2.5.2,Variant_B,Germany
usr_005000,2026-06-09,2026-06-09 21:56:26,Organic Search,iOS,v2.5.1,Control_A,Canada
usr_005001,2026-08-25,2026-08-25 00:30:17,Meta Ads (Instagram),Web,v3.1.0-web,Variant_B,Canada
usr_005002,2026-06-25,2026-06-25 14:36:23,Organic Search,Android,v2.5.3,Variant_B,United Kingdom
usr_005003,2026-06-26,2026-06-26 03:03:57,Meta Ads (Instagram),Android,v2.5.3,Variant_B,Germany
usr_005004,2026-07-14,2026-07-14 19:38:05,Organic Search,iOS,v2.5.1,Control_A,Germany
usr_005005,2026-07-28,2026-07-28 02:09:43,Meta Ads (Instagram),Android,v2.5.3,Variant_B,Germany
usr_005006,2026-08-22,2026-08-22 14:21:50,Meta Ads (Instagram),iOS,v2.5.1,Control_A,Germany
usr_005007,2026-06-10,2026-06-10 19:50:50,Paid Search (Google),iOS,v2.5.2,Control_A,United States
usr_005008,2026-08-28,2026-08-28 04:50:45,Meta Ads (Instagram),iOS,v2.5.1,Control_A,Germany
usr_005009,2026-06-25,2026-06-25 13:53:00,Meta Ads (Instagram),Android,v2.5.1,Control_A,United States
usr_005010,2026-07-21,2026-07-21 15:34:06,Referral,Android,v2.5.3,Control_A,India
usr_005011,2026-06-10,2026-06-10 19:30:35,Meta Ads (Instagram),iOS,v2.5.3,Variant_B,Canada
usr_005012,2026-06-08,2026-06-08 03:28:44,Organic Search,Android,v2.5.3,Variant_B,Canada
usr_005013,2026-08-29,2026-08-29 02:46:38,Paid Search (Google),iOS,v2.5.2,Variant_B,Germany
usr_005014,2026-07-26,2026-07-26 21:20:26,Organic Search,Web,v3.1.0-web,Control_A,Germany
usr_005015,2026-06-24,2026-06-24 07:41:12,Meta Ads (Instagram),Android,v2.5.1,Variant_B,United States
usr_005016,2026-08-15,2026-08-15 15:49:53,Paid Search (Google),Android,v2.5.3,Variant_B,Germany
usr_005017,2026-06-07,2026-06-07 12:28:12,Influencer Campaign,Android,v2.5.2,Variant_B,India
usr_005018,2026-06-05,2026-06-05 08:39:22,Paid Search (Google),Android,v2.5.3,Variant_B,United Kingdom
usr_005019,2026-06-26,2026-06-26 13:53:58,Organic Search,Android,v2.5.2,Variant_B,Germany
usr_005020,2026-08-29,2026-08-29 22:13:29,Paid Search (Google),iOS,v2.5.3,Variant_B,Canada
usr_005021,2026-07-17,2026-07-17 01:22:33,Organic Search,Android,v2.5.3,Control_A,United States
usr_005022,2026-07-17,2026-07-17 11:05:24,Meta Ads (Instagram),Android,v2.5.3,Variant_B,United States
usr_005023,2026-06-08,2026-06-08 02:52:20,Organic Search,Android,v2.5.1,Variant_B,United States
usr_005024,2026-06-03,2026-06-03 13:54:52,Paid Search (Google),iOS,v2.5.2,Control_A,Germany
usr_005025,2026-06-05,2026-06-05 17:50:46,Meta Ads (Instagram),iOS,v2.5.1,Variant_B,India
usr_005026,2026-08-05,2026-08-05 14:48:46,Paid Search (Google),iOS,v2.5.3,Variant_B,Canada
usr_005027,2026-08-21,2026-08-21 04:15:10,Meta Ads (Instagram),Android,v2.5.1,Variant_B,United Kingdom
usr_005028,2026-06-21,2026-06-21 15:55:23,Organic Search,iOS,v2.5.2,Variant_B,Germany
usr_005029,2026-06-23,2026-06-23 07:59:16,Meta Ads (Instagram),iOS,v2.5.3,Variant_B,Germany
usr_005030,2026-06-24,2026-06-24 06:02:00,Meta Ads (Instagram),iOS,v2.5.3,Variant_B,United States
usr_005031,2026-07-26,2026-07-26 21:28:39,Organic Search,Android,v2.5.1,Variant_B,India
usr_005032,2026-07-02,2026-07-02 08:49:55,Meta Ads (Instagram),iOS,v2.5.1,Control_A,United Kingdom
usr_005033,2026-08-08,2026-08-08 15:51:21,Meta Ads (Instagram),iOS,v2.5.1,Variant_B,United Kingdom
usr_005034,2026-07-11,2026-07-11 05:28:06,Paid Search (Google),Android,v2.5.3,Variant_B,United States
usr_005035,2026-07-05,2026-07-05 14:33:44,Meta Ads (Instagram),iOS,v2.5.2,Variant_B,India
usr_005036,2026-06-10,2026-06-10 08:04:26,Influencer Campaign,iOS,v2.5.2,Control_A,United States
usr_005037,2026-06-19,2026-06-19 06:37:47,Paid Search (Google),Web,v3.1.0-web,Variant_B,Canada
usr_005038,2026-07-21,2026-07-21 18:14:53,Organic Search,Android,v2.5.1,Variant_B,Canada
usr_005039,2026-08-15,2026-08-15 20:01:28,Meta Ads (Instagram),iOS,v2.5.3,Control_A,United States
usr_005040,2026-07-10,2026-07-10 12:00:16,Organic Search,iOS,v2.5.1,Variant_B,Canada
usr_005041,2026-08-02,2026-08-02 09:34:11,Organic Search,Android,v2.5.2,Variant_B,Germany
usr_005042,2026-06-30,2026-06-30 08:18:13,Referral,iOS,v2.5.1,Variant_B,United Kingdom
usr_005043,2026-06-15,2026-06-15 15:54:33,Influencer Campaign,Android,v2.5.1,Variant_B,United States
usr_005044,2026-07-30,2026-07-30 06:03:29,Organic Search,iOS,v2.5.2,Variant_B,United States
usr_005045,2026-06-08,2026-06-08 15:16:57,Influencer Campaign,Android,v2.5.3,Control_A,United States
usr_005046,2026-08-16,2026-08-16 05:40:07,Influencer Campaign,iOS,v2.5.1,Control_A,India
usr_005047,2026-08-03,2026-08-03 03:27:12,Influencer Campaign,Android,v2.5.3,Variant_B,Canada
usr_005048,2026-08-13,2026-08-13 20:43:26,Organic Search,Android,v2.5.3,Control_A,India
usr_005049,2026-06-21,2026-06-21 04:38:35,Organic Search,iOS,v2.5.1,Control_A,India
usr_005050,2026-07-15,2026-07-15 12:18:16,Meta Ads (Instagram),iOS,v2.5.2,Variant_B,India
usr_005051,2026-08-04,2026-08-04 20:43:11,Meta Ads (Instagram),Android,v2.5.2,Control_A,United Kingdom
usr_005052,2026-07-02,2026-07-02 09:29:22,Paid Search (Google),iOS,v2.5.2,Control_A,Germany
usr_005053,2026-07-29,2026-07-29 02:24:50,Influencer Campaign,iOS,v2.5.3,Control_A,India
usr_005054,2026-07-07,2026-07-07 13:36:13,Referral,Web,v3.1.0-web,Variant_B,Germany
usr_005055,2026-06-30,2026-06-30 12:02:09,Paid Search (Google),Web,v3.1.0-web,Variant_B,United States
usr_005056,2026-08-24,2026-08-24 23:49:07,Meta Ads (Instagram),iOS,v2.5.3,Control_A,United Kingdom
usr_005057,2026-08-23,2026-08-23 16:59:52,Influencer Campaign,Android,v2.5.2,Variant_B,Germany
usr_005058,2026-06-19,2026-06-19 10:53:07,Paid Search (Google),iOS,v2.5.2,Control_A,United Kingdom
usr_005059,2026-08-29,2026-08-29 23:45:08,Meta Ads (Instagram),iOS,v2.5.3,Variant_B,United Kingdom
usr_005060,2026-08-24,2026-08-24 06:12:52,Referral,Android,v2.5.2,Variant_B,India
usr_005061,2026-08-22,2026-08-22 03:22:20,Organic Search,iOS,v2.5.3,Variant_B,India
usr_005062,2026-06-19,2026-06-19 19:26:14,Organic Search,iOS,v2.5.1,Variant_B,India
usr_005063,2026-08-15,2026-08-15 18:34:19,Meta Ads (Instagram),Web,v3.1.0-web,Variant_B,United Kingdom
usr_005064,2026-07-02,2026-07-02 14:19:37,Paid Search (Google),iOS,v2.5.2,Control_A,United Kingdom
usr_005065,2026-06-27,2026-06-27 01:38:21,Meta Ads (Instagram),Android,v2.5.2,Control_A,United Kingdom
usr_005066,2026-06-17,2026-06-17 02:42:37,Paid Search (Google),iOS,v2.5.1,Control_A,Canada
usr_005067,2026-06-15,2026-06-15 15:35:00,Paid Search (Google),iOS,v2.5.1,Control_A,United States
usr_005068,2026-07-12,2026-07-12 15:42:18,Referral,iOS,v2.5.1,Control_A,Germany
usr_005069,2026-06-09,2026-06-09 20:35:19,Meta Ads (Instagram),Web,v3.1.0-web,Variant_B,Canada
usr_005070,2026-07-20,2026-07-20 18:44:05,Paid Search (Google),iOS,v2.5.1,Variant_B,United Kingdom
usr_005071,2026-08-04,2026-08-04 22:17:38,Influencer Campaign,Android,v2.5.1,Control_A,Germany
usr_005072,2026-08-04,2026-08-04 19:52:15,Referral,iOS,v2.5.1,Variant_B,Germany
usr_005073,2026-06-29,2026-06-29 04:49:24,Organic Search,Android,v2.5.3,Control_A,India
usr_005074,2026-07-09,2026-07-09 23:57:07,Paid Search (Google),iOS,v2.5.2,Control_A,United States
usr_005075,2026-06-08,2026-06-08 08:08:38,Paid Search (Google),Web,v3.1.0-web,Control_A,India
usr_005076,2026-08-08,2026-08-08 21:17:57,Meta Ads (Instagram),Web,v3.1.0-web,Variant_B,United Kingdom
usr_005077,2026-06-01,2026-06-01 12:37:18,Meta Ads (Instagram),iOS,v2.5.3,Variant_B,Germany
usr_005078,2026-07-29,2026-07-29 09:54:35,Paid Search (Google),Android,v2.5.3,Variant_B,India
usr_005079,2026-06-08,2026-06-08 11:50:40,Organic Search,iOS,v2.5.1,Control_A,Canada
usr_005080,2026-08-09,2026-08-09 20:25:11,Meta Ads (Instagram),Android,v2.5.2,Control_A,United States
usr_005081,2026-08-08,2026-08-08 20:52:12,Paid Search (Google),Android,v2.5.3,Variant_B,United Kingdom
usr_005082,2026-07-12,2026-07-12 14:18:38,Paid Search (Google),Android,v2.5.3,Variant_B,United States
usr_005083,2026-08-04,2026-08-04 07:49:44,Meta Ads (Instagram),iOS,v2.5.1,Control_A,Germany
usr_005084,2026-07-09,2026-07-09 10:21:37,Meta Ads (Instagram),Android,v2.5.1,Control_A,Canada
usr_005085,2026-07-12,2026-07-12 21:06:30,Referral,iOS,v2.5.2,Variant_B,Germany
usr_005086,2026-07-02,2026-07-02 03:27:07,Meta Ads (Instagram),Android,v2.5.1,Variant_B,United States
usr_005087,2026-06-26,2026-06-26 00:35:01,Influencer Campaign,Android,v2.5.2,Control_A,United Kingdom
usr_005088,2026-06-16,2026-06-16 20:35:13,Paid Search (Google),Android,v2.5.2,Control_A,Germany
usr_005089,2026-06-08,2026-06-08 04:26:01,Paid Search (Google),iOS,v2.5.1,Variant_B,United States
usr_005090,2026-07-16,2026-07-16 07:08:08,Paid Search (Google),Android,v2.5.1,Variant_B,United States
usr_005091,2026-06-18,2026-06-18 10:53:56,Meta Ads (Instagram),iOS,v2.5.2,Control_A,Canada
usr_005092,2026-06-22,2026-06-22 02:37:10,Organic Search,iOS,v2.5.1,Control_A,Canada
usr_005093,2026-07-25,2026-07-25 06:38:55,Influencer Campaign,Android,v2.5.1,Variant_B,United States
usr_005094,2026-06-26,2026-06-26 00:18:24,Meta Ads (Instagram),iOS,v2.5.1,Control_A,Germany
usr_005095,2026-06-07,2026-06-07 03:04:54,Organic Search,Android,v2.5.3,Variant_B,Canada
usr_005096,2026-07-12,2026-07-12 08:40:15,Referral,iOS,v2.5.2,Control_A,Canada
usr_005097,2026-07-11,2026-07-11 06:26:47,Referral,Android,v2.5.2,Control_A,United States
usr_005098,2026-07-11,2026-07-11 20:54:58,Influencer Campaign,Android,v2.5.3,Control_A,Germany
usr_005099,2026-07-22,2026-07-22 16:36:27,Meta Ads (Instagram),Android,v2.5.2,Variant_B,United Kingdom
usr_005100,2026-07-05,2026-07-05 00:07:47,Referral,iOS,v2.5.1,Variant_B,United States
usr_005101,2026-07-19,2026-07-19 06:16:49,Paid Search (Google),iOS,v2.5.1,Control_A,Germany
usr_005102,2026-08-15,2026-08-15 11:20:20,Paid Search (Google),iOS,v2.5.2,Variant_B,Canada
usr_005103,2026-08-29,2026-08-29 23:16:14,Paid Search (Google),Android,v2.5.3,Control_A,United States
usr_005104,2026-06-04,2026-06-04 15:58:08,Influencer Campaign,Android,v2.5.1,Control_A,Germany
usr_005105,2026-07-25,2026-07-25 17:16:02,Paid Search (Google),iOS,v2.5.1,Variant_B,United States
usr_005106,2026-06-18,2026-06-18 00:40:22,Meta Ads (Instagram),iOS,v2.5.1,Control_A,Canada
usr_005107,2026-08-07,2026-08-07 07:50:02,Meta Ads (Instagram),Android,v2.5.2,Variant_B,Germany
usr_005108,2026-08-27,2026-08-27 16:34:05,Meta Ads (Instagram),Web,v3.1.0-web,Variant_B,United States
usr_005109,2026-06-22,2026-06-22 10:57:34,Organic Search,Web,v3.1.0-web,Variant_B,United States
usr_005110,2026-07-17,2026-07-17 01:23:39,Paid Search (Google),Android,v2.5.1,Variant_B,United Kingdom
usr_005111,2026-07-21,2026-07-21 01:02:34,Organic Search,Web,v3.1.0-web,Variant_B,United Kingdom
usr_005112,2026-08-03,2026-08-03 06:48:33,Meta Ads (Instagram),Android,v2.5.3,Variant_B,United States
usr_005113,2026-07-29,2026-07-29 14:05:09,Meta Ads (Instagram),Android,v2.5.3,Variant_B,Canada
usr_005114,2026-06-27,2026-06-27 02:20:20,Referral,iOS,v2.5.3,Variant_B,United Kingdom
usr_005115,2026-08-23,2026-08-23 19:26:36,Paid Search (Google),Android,v2.5.1,Control_A,Canada
usr_005116,2026-06-11,2026-06-11 12:24:02,Organic Search,Android,v2.5.2,Control_A,United Kingdom
usr_005117,2026-08-09,2026-08-09 08:32:45,Meta Ads (Instagram),iOS,v2.5.1,Variant_B,United Kingdom
usr_005118,2026-06-08,2026-06-08 08:23:12,Referral,iOS,v2.5.2,Variant_B,Canada
usr_005119,2026-08-02,2026-08-02 00:03:41,Meta Ads (Instagram),Web,v3.1.0-web,Variant_B,Canada
usr_005120,2026-07-06,2026-07-06 04:15:22,Meta Ads (Instagram),Web,v3.1.0-web,Control_A,United States
usr_005121,2026-08-23,2026-08-23 05:55:09,Organic Search,iOS,v2.5.2,Variant_B,Germany
usr_005122,2026-06-07,2026-06-07 15:19:54,Organic Search,iOS,v2.5.2,Variant_B,United Kingdom
usr_005123,2026-07-29,2026-07-29 09:27:04,Paid Search (Google),iOS,v2.5.1,Control_A,India
usr_005124,2026-08-12,2026-08-12 08:05:53,Paid Search (Google),Web,v3.1.0-web,Control_A,Germany
usr_005125,2026-06-29,2026-06-29 14:35:58,Referral,Android,v2.5.1,Variant_B,Germany
usr_005126,2026-06-29,2026-06-29 06:53:42,Meta Ads (Instagram),iOS,v2.5.2,Variant_B,India
usr_005127,2026-06-06,2026-06-06 15:50:51,Paid Search (Google),Android,v2.5.2,Variant_B,Canada
usr_005128,2026-07-19,2026-07-19 20:11:16,Paid Search (Google),iOS,v2.5.3,Variant_B,Germany
usr_005129,2026-07-05,2026-07-05 11:46:57,Meta Ads (Instagram),Android,v2.5.2,Control_A,Germany
usr_005130,2026-07-10,2026-07-10 12:29:37,Organic Search,Android,v2.5.1,Variant_B,United Kingdom
usr_005131,2026-06-08,2026-06-08 10:13:34,Paid Search (Google),Android,v2.5.2,Variant_B,Germany
usr_005132,2026-08-07,2026-08-07 01:52:05,Influencer Campaign,iOS,v2.5.3,Control_A,India
usr_005133,2026-07-22,2026-07-22 02:20:32,Paid Search (Google),Android,v2.5.1,Variant_B,United States
usr_005134,2026-06-28,2026-06-28 21:08:02,Meta Ads (Instagram),iOS,v2.5.1,Variant_B,United States
usr_005135,2026-08-01,2026-08-01 19:53:27,Meta Ads (Instagram),iOS,v2.5.2,Variant_B,India
usr_005136,2026-06-03,2026-06-03 08:33:44,Referral,iOS,v2.5.3,Control_A,Canada
usr_005137,2026-06-12,2026-06-12 13:59:06,Paid Search (Google),iOS,v2.5.1,Control_A,Canada
usr_005138,2026-08-11,2026-08-11 17:48:20,Organic Search,Android,v2.5.2,Control_A,India
usr_005139,2026-07-03,2026-07-03 02:45:38,Meta Ads (Instagram),iOS,v2.5.3,Control_A,United Kingdom
usr_005140,2026-07-15,2026-07-15 13:06:27,Meta Ads (Instagram),iOS,v2.5.3,Control_A,United States
usr_005141,2026-06-12,2026-06-12 13:19:14,Meta Ads (Instagram),Android,v2.5.1,Variant_B,Germany
usr_005142,2026-07-07,2026-07-07 16:36:14,Meta Ads (Instagram),iOS,v2.5.2,Variant_B,India
usr_005143,2026-06-01,2026-06-01 11:22:12,Meta Ads (Instagram),Android,v2.5.1,Variant_B,Canada
usr_005144,2026-07-22,2026-07-22 07:34:01,Paid Search (Google),iOS,v2.5.1,Control_A,United Kingdom
usr_005145,2026-08-19,2026-08-19 02:56:45,Organic Search,iOS,v2.5.3,Variant_B,India
usr_005146,2026-08-28,2026-08-28 06:25:26,Influencer Campaign,iOS,v2.5.2,Variant_B,Canada
usr_005147,2026-08-05,2026-08-05 21:22:55,Meta Ads (Instagram),Android,v2.5.1,Control_A,India
usr_005148,2026-07-05,2026-07-05 08:06:03,Meta Ads (Instagram),iOS,v2.5.1,Variant_B,United Kingdom
usr_005149,2026-07-07,2026-07-07 05:52:48,Paid Search (Google),iOS,v2.5.1,Control_A,United Kingdom
usr_005150,2026-07-01,2026-07-01 03:19:57,Paid Search (Google),iOS,v2.5.3,Control_A,United Kingdom
usr_005151,2026-06-18,2026-06-18 23:56:31,Paid Search (Google),Android,v2.5.1,Control_A,United States
usr_005152,2026-06-25,2026-06-25 22:13:47,Meta Ads (Instagram),Android,v2.5.1,Control_A,United Kingdom
usr_005153,2026-08-15,2026-08-15 22:31:41,Referral,Android,v2.5.3,Variant_B,India
usr_005154,2026-08-23,2026-08-23 10:46:16,Meta Ads (Instagram),iOS,v2.5.1,Variant_B,Canada
usr_005155,2026-07-13,2026-07-13 21:44:43,Paid Search (Google),Web,v3.1.0-web,Variant_B,Canada
usr_005156,2026-06-14,2026-06-14 07:32:47,Referral,iOS,v2.5.2,Control_A,Germany
usr_005157,2026-07-22,2026-07-22 01:30:03,Referral,iOS,v2.5.2,Variant_B,India
usr_005158,2026-06-02,2026-06-02 08:59:41,Organic Search,iOS,v2.5.2,Variant_B,Canada
usr_005159,2026-06-13,2026-06-13 18:07:26,Paid Search (Google),Android,v2.5.1,Variant_B,United Kingdom
usr_005160,2026-07-03,2026-07-03 12:01:40,Meta Ads (Instagram),Web,v3.1.0-web,Control_A,Germany
usr_005161,2026-06-01,2026-06-01 09:33:38,Meta Ads (Instagram),Android,v2.5.3,Control_A,Germany
usr_005162,2026-06-17,2026-06-17 17:27:35,Referral,Android,v2.5.1,Control_A,United Kingdom
usr_005163,2026-07-21,2026-07-21 21:07:28,Paid Search (Google),iOS,v2.5.3,Control_A,India
usr_005164,2026-06-30,2026-06-30 08:20:08,Meta Ads (Instagram),Android,v2.5.3,Variant_B,United States
usr_005165,2026-06-21,2026-06-21 02:54:37,Meta Ads (Instagram),Android,v2.5.2,Variant_B,United Kingdom
usr_005166,2026-07-15,2026-07-15 23:32:09,Referral,iOS,v2.5.3,Control_A,India
usr_005167,2026-08-15,2026-08-15 12:03:40,Organic Search,Android,v2.5.3,Variant_B,Canada
usr_005168,2026-07-22,2026-07-22 00:42:59,Referral,Android,v2.5.2,Variant_B,Germany
usr_005169,2026-07-17,2026-07-17 22:37:47,Referral,Android,v2.5.2,Control_A,United States
usr_005170,2026-08-02,2026-08-02 04:27:41,Paid Search (Google),iOS,v2.5.1,Variant_B,United States
usr_005171,2026-08-26,2026-08-26 13:20:44,Organic Search,iOS,v2.5.2,Control_A,Germany
usr_005172,2026-08-04,2026-08-04 11:08:27,Referral,Android,v2.5.3,Control_A,United Kingdom
usr_005173,2026-08-05,2026-08-05 01:42:39,Meta Ads (Instagram),Android,v2.5.1,Control_A,India
usr_005174,2026-06-24,2026-06-24 21:40:04,Referral,Web,v3.1.0-web,Variant_B,India
usr_005175,2026-07-01,2026-07-01 13:46:12,Influencer Campaign,Android,v2.5.3,Control_A,Canada
usr_005176,2026-08-20,2026-08-20 22:14:21,Paid Search (Google),Web,v3.1.0-web,Control_A,United States
usr_005177,2026-07-05,2026-07-05 20:28:17,Meta Ads (Instagram),Web,v3.1.0-web,Variant_B,United Kingdom
usr_005178,2026-06-30,2026-06-30 08:12:15,Organic Search,iOS,v2.5.1,Variant_B,United Kingdom
usr_005179,2026-07-31,2026-07-31 03:29:16,Organic Search,iOS,v2.5.3,Control_A,United Kingdom
usr_005180,2026-07-13,2026-07-13 04:58:00,Referral,iOS,v2.5.2,Variant_B,United Kingdom
usr_005181,2026-06-10,2026-06-10 10:05:00,Organic Search,Android,v2.5.3,Variant_B,Germany
usr_005182,2026-07-19,2026-07-19 04:05:17,Organic Search,iOS,v2.5.3,Variant_B,Germany
usr_005183,2026-07-24,2026-07-24 21:35:59,Paid Search (Google),Android,v2.5.3,Control_A,United Kingdom
usr_005184,2026-07-20,2026-07-20 07:31:18,Organic Search,iOS,v2.5.1,Control_A,United States
usr_005185,2026-06-30,2026-06-30 15:31:21,Paid Search (Google),Android,v2.5.1,Control_A,Germany
usr_005186,2026-07-05,2026-07-05 04:25:17,Meta Ads (Instagram),Android,v2.5.1,Variant_B,United States
usr_005187,2026-08-23,2026-08-23 02:55:59,Meta Ads (Instagram),Android,v2.5.3,Control_A,India
usr_005188,2026-06-28,2026-06-28 05:31:21,Meta Ads (Instagram),iOS,v2.5.2,Variant_B,United States
usr_005189,2026-06-28,2026-06-28 05:18:23,Influencer Campaign,Android,v2.5.1,Control_A,India
usr_005190,2026-06-05,2026-06-05 06:14:30,Meta Ads (Instagram),iOS,v2.5.3,Control_A,Germany
usr_005191,2026-06-20,2026-06-20 08:29:25,Organic Search,Android,v2.5.3,Variant_B,India
usr_005192,2026-07-12,2026-07-12 00:58:45,Organic Search,Android,v2.5.3,Variant_B,Canada
usr_005193,2026-08-03,2026-08-03 12:09:51,Referral,iOS,v2.5.3,Variant_B,Germany
usr_005194,2026-06-05,2026-06-05 19:59:49,Organic Search,Android,v2.5.3,Control_A,India
usr_005195,2026-07-27,2026-07-27 21:33:51,Paid Search (Google),Android,v2.5.3,Variant_B,United Kingdom
usr_005196,2026-07-02,2026-07-02 07:30:47,Paid Search (Google),iOS,v2.5.3,Control_A,Canada
usr_005197,2026-08-13,2026-08-13 08:27:47,Organic Search,Android,v2.5.2,Variant_B,Germany
usr_005198,2026-06-21,2026-06-21 15:23:55,Meta Ads (Instagram),Android,v2.5.1,Control_A,Germany
usr_005199,2026-06-17,2026-06-17 20:02:55,Meta Ads (Instagram),Android,v2.5.1,Control_A,India
usr_005200,2026-07-04,2026-07-04 06:12:30,Referral,iOS,v2.5.2,Variant_B,Germany
usr_005201,2026-08-14,2026-08-14 20:15:29,Meta Ads (Instagram),iOS,v2.5.1,Variant_B,United States
usr_005202,2026-06-05,2026-06-05 10:14:05,Organic Search,Android,v2.5.2,Variant_B,United States
usr_005203,2026-07-22,2026-07-22 21:19:12,Paid Search (Google),Android,v2.5.3,Control_A,United Kingdom
usr_005204,2026-08-04,2026-08-04 17:46:45,Paid Search (Google),Android,v2.5.2,Control_A,United Kingdom
usr_005205,2026-07-27,2026-07-27 16:34:24,Organic Search,Android,v2.5.1,Control_A,United States
usr_005206,2026-06-09,2026-06-09 06:38:53,Referral,Android,v2.5.2,Variant_B,Germany
usr_005207,2026-07-30,2026-07-30 14:19:03,Organic Search,Android,v2.5.1,Variant_B,Germany
usr_005208,2026-06-21,2026-06-21 06:54:03,Organic Search,Android,v2.5.3,Variant_B,United States
usr_005209,2026-07-24,2026-07-24 03:16:54,Influencer Campaign,Android,v2.5.1,Variant_B,Germany
usr_005210,2026-08-25,2026-08-25 19:48:40,Meta Ads (Instagram),iOS,v2.5.1,Variant_B,Canada
usr_005211,2026-06-11,2026-06-11 13:56:30,Paid Search (Google),Android,v2.5.2,Control_A,Germany
usr_005212,2026-06-11,2026-06-11 00:38:22,Meta Ads (Instagram),Web,v3.1.0-web,Control_A,Germany
usr_005213,2026-08-01,2026-08-01 17:44:38,Meta Ads (Instagram),Web,v3.1.0-web,Control_A,United States
usr_005214,2026-06-09,2026-06-09 18:05:33,Influencer Campaign,Android,v2.5.3,Variant_B,United Kingdom
usr_005215,2026-08-08,2026-08-08 10:07:05,Organic Search,Android,v2.5.2,Variant_B,India
usr_005216,2026-06-05,2026-06-05 14:16:34,Referral,iOS,v2.5.3,Control_A,Germany
usr_005217,2026-07-14,2026-07-14 00:05:05,Organic Search,iOS,v2.5.2,Control_A,India
usr_005218,2026-07-09,2026-07-09 10:57:51,Meta Ads (Instagram),iOS,v2.5.3,Control_A,United Kingdom
usr_005219,2026-08-19,2026-08-19 18:53:28,Paid Search (Google),iOS,v2.5.2,Variant_B,United Kingdom
usr_005220,2026-08-18,2026-08-18 12:56:11,Referral,iOS,v2.5.1,Control_A,Germany
usr_005221,2026-07-11,2026-07-11 15:45:17,Organic Search,iOS,v2.5.3,Variant_B,United Kingdom
usr_005222,2026-07-07,2026-07-07 04:26:29,Organic Search,iOS,v2.5.2,Variant_B,Canada
usr_005223,2026-06-08,2026-06-08 00:40:25,Paid Search (Google),iOS,v2.5.1,Control_A,Canada
usr_005224,2026-06-30,2026-06-30 05:34:25,Paid Search (Google),iOS,v2.5.3,Control_A,United Kingdom
usr_005225,2026-08-06,2026-08-06 13:01:23,Paid Search (Google),Android,v2.5.1,Control_A,Canada
usr_005226,2026-06-07,2026-06-07 09:45:23,Referral,Android,v2.5.3,Control_A,India
usr_005227,2026-06-14,2026-06-14 00:14:57,Influencer Campaign,Android,v2.5.3,Variant_B,Canada
usr_005228,2026-08-24,2026-08-24 23:35:39,Paid Search (Google),Android,v2.5.3,Variant_B,India
usr_005229,2026-07-28,2026-07-28 16:30:17,Meta Ads (Instagram),Android,v2.5.1,Control_A,United States
usr_005230,2026-06-01,2026-06-01 22:25:28,Paid Search (Google),Android,v2.5.2,Variant_B,India
usr_005231,2026-07-03,2026-07-03 18:37:46,Organic Search,iOS,v2.5.2,Control_A,India
usr_005232,2026-06-07,2026-06-07 09:50:23,Paid Search (Google),Android,v2.5.3,Control_A,United Kingdom
usr_005233,2026-08-17,2026-08-17 20:45:03,Referral,iOS,v2.5.1,Variant_B,Canada
usr_005234,2026-06-29,2026-06-29 11:23:12,Meta Ads (Instagram),iOS,v2.5.1,Variant_B,Germany
usr_005235,2026-07-23,2026-07-23 20:03:39,Organic Search,Android,v2.5.3,Control_A,Germany
usr_005236,2026-06-24,2026-06-24 14:29:15,Paid Search (Google),Android,v2.5.3,Variant_B,Germany
usr_005237,2026-07-23,2026-07-23 07:57:54,Organic Search,Web,v3.1.0-web,Control_A,India
usr_005238,2026-08-07,2026-08-07 21:51:09,Meta Ads (Instagram),Android,v2.5.3,Control_A,India
usr_005239,2026-07-02,2026-07-02 10:11:11,Organic Search,Android,v2.5.3,Variant_B,Germany
usr_005240,2026-06-11,2026-06-11 05:03:53,Meta Ads (Instagram),Android,v2.5.3,Variant_B,United Kingdom
usr_005241,2026-06-28,2026-06-28 21:40:15,Meta Ads (Instagram),iOS,v2.5.1,Control_A,United States
usr_005242,2026-06-19,2026-06-19 16:09:15,Organic Search,Web,v3.1.0-web,Control_A,United States
usr_005243,2026-07-12,2026-07-12 08:46:52,Meta Ads (Instagram),Android,v2.5.1,Variant_B,Canada
usr_005244,2026-08-21,2026-08-21 06:51:50,Paid Search (Google),Android,v2.5.2,Variant_B,United Kingdom
usr_005245,2026-07-07,2026-07-07 15:05:17,Organic Search,iOS,v2.5.2,Control_A,United Kingdom
usr_005246,2026-06-15,2026-06-15 17:50:33,Meta Ads (Instagram),iOS,v2.5.1,Variant_B,India
usr_005247,2026-08-29,2026-08-29 13:10:40,Organic Search,iOS,v2.5.2,Variant_B,United States
usr_005248,2026-07-11,2026-07-11 03:38:15,Referral,Android,v2.5.1,Variant_B,Canada
usr_005249,2026-08-22,2026-08-22 04:41:54,Paid Search (Google),Web,v3.1.0-web,Variant_B,Germany
usr_005250,2026-08-29,2026-08-29 22:20:09,Meta Ads (Instagram),iOS,v2.5.3,Control_A,India
usr_005251,2026-07-02,2026-07-02 08:43:01,Paid Search (Google),Web,v3.1.0-web,Control_A,Canada
usr_005252,2026-08-26,2026-08-26 00:54:54,Referral,iOS,v2.5.2,Variant_B,Germany
usr_005253,2026-06-10,2026-06-10 16:40:05,Meta Ads (Instagram),Android,v2.5.1,Variant_B,United Kingdom
usr_005254,2026-07-07,2026-07-07 06:54:12,Meta Ads (Instagram),Web,v3.1.0-web,Control_A,United Kingdom
usr_005255,2026-08-29,2026-08-29 19:50:36,Paid Search (Google),Android,v2.5.2,Control_A,United Kingdom
usr_005256,2026-08-27,2026-08-27 18:00:04,Paid Search (Google),Web,v3.1.0-web,Variant_B,India
usr_005257,2026-08-04,2026-08-04 01:23:15,Meta Ads (Instagram),Android,v2.5.3,Control_A,United States
usr_005258,2026-07-18,2026-07-18 17:52:44,Organic Search,Web,v3.1.0-web,Variant_B,United Kingdom
usr_005259,2026-07-16,2026-07-16 14:42:21,Organic Search,Android,v2.5.1,Variant_B,United Kingdom
usr_005260,2026-06-21,2026-06-21 05:41:27,Influencer Campaign,Android,v2.5.1,Variant_B,Canada
usr_005261,2026-08-15,2026-08-15 18:13:44,Organic Search,Android,v2.5.1,Control_A,Canada
usr_005262,2026-08-23,2026-08-23 06:45:18,Organic Search,Android,v2.5.2,Variant_B,India
usr_005263,2026-08-21,2026-08-21 21:57:37,Paid Search (Google),Android,v2.5.3,Variant_B,United Kingdom
usr_005264,2026-07-29,2026-07-29 14:33:22,Paid Search (Google),iOS,v2.5.1,Control_A,Germany
usr_005265,2026-06-20,2026-06-20 18:56:35,Meta Ads (Instagram),Android,v2.5.3,Control_A,Canada
usr_005266,2026-08-13,2026-08-13 22:27:24,Referral,Android,v2.5.1,Control_A,United States
usr_005267,2026-07-29,2026-07-29 05:25:55,Meta Ads (Instagram),iOS,v2.5.2,Variant_B,Canada
usr_005268,2026-06-12,2026-06-12 13:40:57,Meta Ads (Instagram),iOS,v2.5.1,Control_A,United States
usr_005269,2026-07-04,2026-07-04 07:48:31,Referral,Android,v2.5.2,Variant_B,Germany
usr_005270,2026-06-03,2026-06-03 05:46:32,Meta Ads (Instagram),Android,v2.5.3,Control_A,Germany
usr_005271,2026-07-18,2026-07-18 07:42:11,Influencer Campaign,Android,v2.5.3,Variant_B,United Kingdom
usr_005272,2026-06-03,2026-06-03 20:39:50,Meta Ads (Instagram),Android,v2.5.3,Variant_B,United States
usr_005273,2026-06-21,2026-06-21 03:20:08,Meta Ads (Instagram),Android,v2.5.3,Variant_B,India
usr_005274,2026-08-25,2026-08-25 14:13:30,Meta Ads (Instagram),iOS,v2.5.3,Variant_B,United States
usr_005275,2026-07-12,2026-07-12 04:21:20,Referral,Android,v2.5.3,Variant_B,Germany
usr_005276,2026-06-29,2026-06-29 04:08:23,Organic Search,iOS,v2.5.1,Variant_B,India
usr_005277,2026-07-23,2026-07-23 09:57:29,Paid Search (Google),Android,v2.5.1,Variant_B,United States
usr_005278,2026-06-30,2026-06-30 12:41:47,Meta Ads (Instagram),Android,v2.5.1,Control_A,United Kingdom
usr_005279,2026-08-04,2026-08-04 21:18:05,Paid Search (Google),iOS,v2.5.1,Control_A,United Kingdom
usr_005280,2026-06-23,2026-06-23 13:54:33,Paid Search (Google),iOS,v2.5.2,Control_A,United Kingdom
usr_005281,2026-06-16,2026-06-16 23:44:01,Meta Ads (Instagram),Android,v2.5.1,Control_A,United States
usr_005282,2026-06-27,2026-06-27 12:02:52,Meta Ads (Instagram),Android,v2.5.1,Control_A,Canada
usr_005283,2026-08-25,2026-08-25 11:57:09,Meta Ads (Instagram),Web,v3.1.0-web,Variant_B,Germany
usr_005284,2026-06-19,2026-06-19 02:45:06,Meta Ads (Instagram),Android,v2.5.1,Variant_B,United States
usr_005285,2026-07-09,2026-07-09 18:41:36,Meta Ads (Instagram),iOS,v2.5.1,Variant_B,Germany
usr_005286,2026-08-23,2026-08-23 08:22:25,Organic Search,Android,v2.5.1,Variant_B,Canada
usr_005287,2026-07-27,2026-07-27 11:00:42,Organic Search,Android,v2.5.2,Variant_B,United States
usr_005288,2026-07-27,2026-07-27 21:15:19,Meta Ads (Instagram),Android,v2.5.1,Variant_B,India
usr_005289,2026-08-02,2026-08-02 01:41:36,Referral,Android,v2.5.1,Control_A,United Kingdom
usr_005290,2026-07-09,2026-07-09 18:29:20,Meta Ads (Instagram),Android,v2.5.2,Control_A,India
usr_005291,2026-06-08,2026-06-08 17:58:35,Meta Ads (Instagram),Android,v2.5.3,Control_A,Germany
usr_005292,2026-08-01,2026-08-01 14:22:21,Paid Search (Google),iOS,v2.5.1,Control_A,Germany
usr_005293,2026-08-27,2026-08-27 00:33:36,Paid Search (Google),iOS,v2.5.2,Control_A,United States
usr_005294,2026-07-26,2026-07-26 06:49:11,Organic Search,iOS,v2.5.2,Variant_B,United States
usr_005295,2026-07-08,2026-07-08 02:53:16,Referral,iOS,v2.5.2,Variant_B,United Kingdom
usr_005296,2026-06-17,2026-06-17 01:23:42,Meta Ads (Instagram),iOS,v2.5.1,Variant_B,United Kingdom
usr_005297,2026-08-12,2026-08-12 11:20:15,Meta Ads (Instagram),Android,v2.5.2,Control_A,United States
usr_005298,2026-06-03,2026-06-03 11:48:46,Organic Search,Android,v2.5.2,Variant_B,India
usr_005299,2026-06-05,2026-06-05 16:11:03,Meta Ads (Instagram),iOS,v2.5.1,Control_A,Germany
usr_005300,2026-08-01,2026-08-01 21:56:04,Meta Ads (Instagram),Android,v2.5.1,Variant_B,United Kingdom
usr_005301,2026-08-11,2026-08-11 03:03:46,Influencer Campaign,iOS,v2.5.2,Variant_B,United States
usr_005302,2026-07-29,2026-07-29 09:22:58,Meta Ads (Instagram),iOS,v2.5.2,Control_A,Germany
usr_005303,2026-06-20,2026-06-20 18:25:36,Influencer Campaign,iOS,v2.5.1,Variant_B,India
usr_005304,2026-06-16,2026-06-16 22:23:35,Paid Search (Google),iOS,v2.5.3,Variant_B,United Kingdom
usr_005305,2026-06-16,2026-06-16 06:45:30,Organic Search,iOS,v2.5.2,Variant_B,Germany
usr_005306,2026-07-22,2026-07-22 16:50:12,Paid Search (Google),Android,v2.5.2,Variant_B,United States
usr_005307,2026-06-07,2026-06-07 04:10:23,Organic Search,Android,v2.5.2,Control_A,United Kingdom
usr_005308,2026-08-09,2026-08-09 01:48:31,Meta Ads (Instagram),Android,v2.5.1,Control_A,Canada
usr_005309,2026-06-10,2026-06-10 16:05:53,Meta Ads (Instagram),Android,v2.5.3,Variant_B,Germany
usr_005310,2026-07-06,2026-07-06 23:24:21,Meta Ads (Instagram),iOS,v2.5.3,Variant_B,Canada
usr_005311,2026-06-23,2026-06-23 18:38:29,Meta Ads (Instagram),Android,v2.5.3,Variant_B,United Kingdom
usr_005312,2026-06-15,2026-06-15 00:38:37,Referral,Android,v2.5.1,Control_A,India
usr_005313,2026-08-29,2026-08-29 04:08:49,Organic Search,Android,v2.5.1,Control_A,India
usr_005314,2026-06-15,2026-06-15 10:49:10,Organic Search,Android,v2.5.2,Control_A,United Kingdom
usr_005315,2026-06-13,2026-06-13 14:37:39,Referral,Android,v2.5.3,Variant_B,United Kingdom
usr_005316,2026-06-30,2026-06-30 18:03:11,Meta Ads (Instagram),Web,v3.1.0-web,Control_A,Canada
usr_005317,2026-07-30,2026-07-30 12:25:06,Organic Search,Android,v2.5.1,Control_A,Germany
usr_005318,2026-07-05,2026-07-05 17:59:15,Paid Search (Google),Android,v2.5.3,Variant_B,United States
usr_005319,2026-07-26,2026-07-26 15:20:16,Referral,Android,v2.5.1,Control_A,Germany
usr_005320,2026-06-24,2026-06-24 04:58:19,Referral,iOS,v2.5.1,Variant_B,United States
usr_005321,2026-07-27,2026-07-27 11:31:26,Paid Search (Google),Android,v2.5.1,Variant_B,United States
usr_005322,2026-07-21,2026-07-21 06:54:41,Meta Ads (Instagram),iOS,v2.5.3,Control_A,Canada
usr_005323,2026-07-07,2026-07-07 09:37:24,Influencer Campaign,Android,v2.5.1,Variant_B,Germany
usr_005324,2026-08-15,2026-08-15 01:54:09,Meta Ads (Instagram),iOS,v2.5.1,Control_A,United States
usr_005325,2026-07-23,2026-07-23 04:03:52,Meta Ads (Instagram),Android,v2.5.3,Variant_B,India
usr_005326,2026-06-07,2026-06-07 13:58:24,Meta Ads (Instagram),Android,v2.5.1,Variant_B,United States
usr_005327,2026-07-07,2026-07-07 05:29:24,Meta Ads (Instagram),iOS,v2.5.2,Control_A,Germany
usr_005328,2026-06-13,2026-06-13 09:03:02,Organic Search,Android,v2.5.2,Control_A,India
usr_005329,2026-07-31,2026-07-31 12:13:35,Paid Search (Google),Android,v2.5.3,Control_A,India
usr_005330,2026-06-03,2026-06-03 10:42:27,Meta Ads (Instagram),iOS,v2.5.3,Variant_B,Germany
usr_005331,2026-08-01,2026-08-01 04:54:15,Paid Search (Google),iOS,v2.5.1,Variant_B,United States
usr_005332,2026-06-14,2026-06-14 00:54:57,Meta Ads (Instagram),Web,v3.1.0-web,Control_A,United Kingdom
usr_005333,2026-06-08,2026-06-08 22:49:47,Meta Ads (Instagram),iOS,v2.5.1,Variant_B,United Kingdom
usr_005334,2026-08-16,2026-08-16 02:40:19,Paid Search (Google),Android,v2.5.1,Control_A,Canada
usr_005335,2026-06-20,2026-06-20 07:24:08,Meta Ads (Instagram),Android,v2.5.2,Control_A,Canada
usr_005336,2026-06-08,2026-06-08 07:03:23,Organic Search,Android,v2.5.2,Variant_B,Canada
usr_005337,2026-08-12,2026-08-12 04:34:40,Organic Search,iOS,v2.5.3,Control_A,United States
usr_005338,2026-06-15,2026-06-15 20:41:41,Referral,Web,v3.1.0-web,Control_A,Canada
usr_005339,2026-08-25,2026-08-25 00:56:35,Paid Search (Google),Android,v2.5.3,Variant_B,United States
usr_005340,2026-06-22,2026-06-22 09:27:20,Paid Search (Google),iOS,v2.5.3,Variant_B,India
usr_005341,2026-08-12,2026-08-12 02:32:31,Organic Search,Android,v2.5.1,Control_A,United Kingdom
usr_005342,2026-06-30,2026-06-30 01:23:27,Meta Ads (Instagram),Android,v2.5.1,Control_A,Canada
usr_005343,2026-07-22,2026-07-22 04:21:00,Organic Search,Web,v3.1.0-web,Variant_B,United Kingdom
usr_005344,2026-07-19,2026-07-19 13:46:42,Meta Ads (Instagram),iOS,v2.5.1,Variant_B,United States
usr_005345,2026-06-21,2026-06-21 04:25:18,Organic Search,Android,v2.5.1,Variant_B,United Kingdom
usr_005346,2026-07-30,2026-07-30 15:47:17,Paid Search (Google),Android,v2.5.1,Control_A,India
usr_005347,2026-07-08,2026-07-08 20:48:27,Organic Search,iOS,v2.5.1,Variant_B,Canada
usr_005348,2026-07-14,2026-07-14 17:08:20,Meta Ads (Instagram),iOS,v2.5.3,Variant_B,Germany
usr_005349,2026-08-16,2026-08-16 07:50:53,Meta Ads (Instagram),Android,v2.5.1,Control_A,United States
usr_005350,2026-07-31,2026-07-31 05:10:26,Paid Search (Google),Android,v2.5.2,Variant_B,Canada
usr_005351,2026-07-01,2026-07-01 18:34:36,Meta Ads (Instagram),Android,v2.5.2,Variant_B,United States
usr_005352,2026-07-10,2026-07-10 07:21:59,Meta Ads (Instagram),iOS,v2.5.2,Control_A,Canada
usr_005353,2026-07-18,2026-07-18 12:42:34,Paid Search (Google),Android,v2.5.3,Variant_B,United Kingdom
usr_005354,2026-07-20,2026-07-20 01:12:01,Influencer Campaign,iOS,v2.5.1,Variant_B,United States
usr_005355,2026-06-24,2026-06-24 05:14:47,Meta Ads (Instagram),Android,v2.5.1,Variant_B,Germany
usr_005356,2026-08-02,2026-08-02 16:54:36,Influencer Campaign,Android,v2.5.2,Variant_B,United States
usr_005357,2026-06-08,2026-06-08 18:23:13,Referral,iOS,v2.5.2,Control_A,Canada
usr_005358,2026-08-15,2026-08-15 10:20:43,Influencer Campaign,iOS,v2.5.2,Control_A,United States
usr_005359,2026-07-17,2026-07-17 17:12:15,Paid Search (Google),iOS,v2.5.2,Control_A,Germany
usr_005360,2026-07-16,2026-07-16 22:06:00,Organic Search,Android,v2.5.2,Variant_B,Germany
usr_005361,2026-07-30,2026-07-30 00:23:44,Meta Ads (Instagram),Android,v2.5.3,Control_A,India
usr_005362,2026-07-27,2026-07-27 23:42:12,Meta Ads (Instagram),iOS,v2.5.1,Variant_B,United States
usr_005363,2026-08-24,2026-08-24 19:22:40,Referral,iOS,v2.5.2,Control_A,United States
usr_005364,2026-07-21,2026-07-21 20:45:11,Meta Ads (Instagram),Android,v2.5.3,Variant_B,India
usr_005365,2026-08-02,2026-08-02 18:35:52,Paid Search (Google),Android,v2.5.2,Variant_B,United States
usr_005366,2026-06-18,2026-06-18 07:49:24,Referral,iOS,v2.5.1,Variant_B,United States
usr_005367,2026-07-13,2026-07-13 23:11:35,Meta Ads (Instagram),Android,v2.5.1,Control_A,United Kingdom
usr_005368,2026-07-12,2026-07-12 10:43:39,Paid Search (Google),Android,v2.5.2,Control_A,United States
usr_005369,2026-07-15,2026-07-15 01:20:21,Meta Ads (Instagram),Android,v2.5.3,Control_A,Germany
usr_005370,2026-06-22,2026-06-22 03:56:58,Meta Ads (Instagram),iOS,v2.5.3,Control_A,Germany
usr_005371,2026-06-02,2026-06-02 02:37:33,Organic Search,Android,v2.5.2,Control_A,India
usr_005372,2026-07-04,2026-07-04 12:56:33,Referral,Android,v2.5.3,Variant_B,United Kingdom
usr_005373,2026-08-07,2026-08-07 02:49:05,Referral,iOS,v2.5.1,Control_A,United States
usr_005374,2026-07-22,2026-07-22 11:18:01,Organic Search,Web,v3.1.0-web,Control_A,United Kingdom
usr_005375,2026-06-29,2026-06-29 11:56:27,Meta Ads (Instagram),iOS,v2.5.1,Variant_B,India
usr_005376,2026-08-18,2026-08-18 20:40:13,Paid Search (Google),Android,v2.5.2,Control_A,India
usr_005377,2026-06-24,2026-06-24 00:55:12,Referral,Android,v2.5.2,Control_A,Germany
usr_005378,2026-07-21,2026-07-21 23:20:50,Influencer Campaign,Android,v2.5.2,Control_A,India
usr_005379,2026-07-27,2026-07-27 00:40:15,Organic Search,Android,v2.5.2,Variant_B,India
usr_005380,2026-07-01,2026-07-01 19:05:13,Organic Search,iOS,v2.5.2,Variant_B,India
usr_005381,2026-07-19,2026-07-19 02:35:35,Referral,iOS,v2.5.3,Variant_B,Canada
usr_005382,2026-08-28,2026-08-28 00:53:31,Organic Search,Android,v2.5.1,Variant_B,India
usr_005383,2026-07-20,2026-07-20 23:18:37,Organic Search,Android,v2.5.1,Control_A,India
usr_005384,2026-08-15,2026-08-15 07:14:32,Paid Search (Google),Android,v2.5.3,Variant_B,United States
usr_005385,2026-07-29,2026-07-29 00:07:48,Meta Ads (Instagram),Android,v2.5.2,Variant_B,Germany
usr_005386,2026-07-10,2026-07-10 19:02:45,Meta Ads (Instagram),iOS,v2.5.2,Variant_B,Canada
usr_005387,2026-06-08,2026-06-08 21:29:35,Paid Search (Google),iOS,v2.5.2,Control_A,India
usr_005388,2026-07-19,2026-07-19 10:38:38,Organic Search,iOS,v2.5.1,Control_A,Germany
usr_005389,2026-06-09,2026-06-09 17:39:09,Meta Ads (Instagram),Android,v2.5.1,Variant_B,United Kingdom
usr_005390,2026-07-02,2026-07-02 01:07:25,Influencer Campaign,Android,v2.5.2,Variant_B,Germany
usr_005391,2026-07-19,2026-07-19 01:27:30,Meta Ads (Instagram),Android,v2.5.3,Variant_B,United States
usr_005392,2026-06-19,2026-06-19 19:01:09,Paid Search (Google),iOS,v2.5.3,Control_A,United States
usr_005393,2026-06-06,2026-06-06 22:48:26,Paid Search (Google),Android,v2.5.1,Control_A,United States
usr_005394,2026-06-11,2026-06-11 02:27:11,Meta Ads (Instagram),Android,v2.5.3,Variant_B,India
usr_005395,2026-07-11,2026-07-11 14:22:25,Meta Ads (Instagram),Android,v2.5.3,Variant_B,Canada
usr_005396,2026-07-08,2026-07-08 04:38:16,Paid Search (Google),iOS,v2.5.1,Control_A,Canada
usr_005397,2026-06-17,2026-06-17 02:38:26,Meta Ads (Instagram),Android,v2.5.1,Variant_B,Germany
usr_005398,2026-08-02,2026-08-02 00:41:56,Meta Ads (Instagram),iOS,v2.5.2,Control_A,Germany
usr_005399,2026-08-13,2026-08-13 15:41:40,Paid Search (Google),iOS,v2.5.1,Variant_B,Germany
usr_005400,2026-07-04,2026-07-04 20:36:56,Influencer Campaign,iOS,v2.5.1,Variant_B,Canada
usr_005401,2026-07-30,2026-07-30 00:15:09,Meta Ads (Instagram),Android,v2.5.1,Control_A,Germany
usr_005402,2026-06-07,2026-06-07 11:53:58,Organic Search,Android,v2.5.2,Control_A,Germany
usr_005403,2026-06-07,2026-06-07 12:33:09,Meta Ads (Instagram),iOS,v2.5.1,Variant_B,Germany
usr_005404,2026-06-24,2026-06-24 17:03:03,Organic Search,iOS,v2.5.3,Variant_B,United Kingdom
usr_005405,2026-07-27,2026-07-27 16:26:15,Paid Search (Google),Android,v2.5.2,Control_A,India
usr_005406,2026-06-04,2026-06-04 09:07:33,Meta Ads (Instagram),iOS,v2.5.3,Control_A,United States
usr_005407,2026-06-11,2026-06-11 11:48:40,Referral,Android,v2.5.2,Control_A,United Kingdom
usr_005408,2026-08-18,2026-08-18 00:51:18,Influencer Campaign,iOS,v2.5.2,Variant_B,Canada
usr_005409,2026-07-06,2026-07-06 19:04:14,Organic Search,Android,v2.5.1,Control_A,United Kingdom
usr_005410,2026-08-15,2026-08-15 16:25:33,Meta Ads (Instagram),Android,v2.5.2,Variant_B,United Kingdom
usr_005411,2026-07-29,2026-07-29 23:48:06,Referral,Android,v2.5.3,Variant_B,United States
usr_005412,2026-07-08,2026-07-08 17:23:19,Influencer Campaign,Android,v2.5.3,Control_A,United Kingdom
usr_005413,2026-06-10,2026-06-10 20:53:46,Paid Search (Google),iOS,v2.5.3,Variant_B,India
usr_005414,2026-06-05,2026-06-05 07:45:30,Referral,Android,v2.5.2,Variant_B,United States
usr_005415,2026-08-25,2026-08-25 06:00:39,Paid Search (Google),Web,v3.1.0-web,Variant_B,Germany
usr_005416,2026-07-18,2026-07-18 02:30:43,Meta Ads (Instagram),iOS,v2.5.3,Variant_B,India
usr_005417,2026-08-29,2026-08-29 12:52:35,Meta Ads (Instagram),Android,v2.5.1,Control_A,Germany
usr_005418,2026-07-01,2026-07-01 09:54:48,Meta Ads (Instagram),Web,v3.1.0-web,Control_A,India
usr_005419,2026-08-12,2026-08-12 03:27:26,Paid Search (Google),Web,v3.1.0-web,Variant_B,United Kingdom
usr_005420,2026-06-07,2026-06-07 18:06:34,Influencer Campaign,iOS,v2.5.3,Variant_B,Canada
usr_005421,2026-06-11,2026-06-11 21:03:26,Organic Search,Android,v2.5.3,Variant_B,United Kingdom
usr_005422,2026-07-25,2026-07-25 11:59:42,Referral,iOS,v2.5.3,Variant_B,Germany
usr_005423,2026-08-05,2026-08-05 10:50:30,Paid Search (Google),Web,v3.1.0-web,Control_A,United States
usr_005424,2026-07-13,2026-07-13 01:32:51,Referral,iOS,v2.5.1,Control_A,United States
usr_005425,2026-06-01,2026-06-01 00:51:03,Meta Ads (Instagram),iOS,v2.5.3,Variant_B,India
usr_005426,2026-07-10,2026-07-10 11:21:57,Paid Search (Google),Web,v3.1.0-web,Control_A,United Kingdom
usr_005427,2026-06-15,2026-06-15 04:47:37,Meta Ads (Instagram),Android,v2.5.1,Variant_B,United Kingdom
usr_005428,2026-08-08,2026-08-08 00:42:47,Influencer Campaign,iOS,v2.5.2,Variant_B,Canada
usr_005429,2026-07-31,2026-07-31 22:56:37,Referral,Web,v3.1.0-web,Variant_B,India
usr_005430,2026-07-18,2026-07-18 15:47:31,Paid Search (Google),iOS,v2.5.3,Control_A,India
usr_005431,2026-06-10,2026-06-10 09:31:41,Influencer Campaign,iOS,v2.5.2,Variant_B,Germany
usr_005432,2026-08-20,2026-08-20 05:32:29,Organic Search,iOS,v2.5.1,Variant_B,India
usr_005433,2026-06-22,2026-06-22 14:31:21,Referral,Android,v2.5.1,Variant_B,Canada
usr_005434,2026-08-12,2026-08-12 00:11:22,Meta Ads (Instagram),iOS,v2.5.2,Variant_B,United States
usr_005435,2026-06-13,2026-06-13 21:44:23,Paid Search (Google),Android,v2.5.3,Control_A,India
usr_005436,2026-08-04,2026-08-04 01:51:57,Meta Ads (Instagram),iOS,v2.5.2,Control_A,Canada
usr_005437,2026-08-13,2026-08-13 17:33:27,Organic Search,Android,v2.5.3,Variant_B,United Kingdom
usr_005438,2026-07-31,2026-07-31 12:12:02,Referral,Android,v2.5.3,Control_A,Germany
usr_005439,2026-07-15,2026-07-15 20:07:26,Paid Search (Google),iOS,v2.5.3,Control_A,United Kingdom
usr_005440,2026-08-13,2026-08-13 20:47:31,Influencer Campaign,iOS,v2.5.3,Variant_B,Germany
usr_005441,2026-07-20,2026-07-20 16:15:22,Paid Search (Google),iOS,v2.5.2,Control_A,United Kingdom
usr_005442,2026-06-12,2026-06-12 16:10:41,Meta Ads (Instagram),Android,v2.5.3,Variant_B,Canada
usr_005443,2026-07-22,2026-07-22 09:20:45,Organic Search,Android,v2.5.3,Control_A,Germany
usr_005444,2026-08-04,2026-08-04 03:32:36,Meta Ads (Instagram),Android,v2.5.1,Control_A,United Kingdom
usr_005445,2026-08-05,2026-08-05 02:18:20,Referral,Android,v2.5.1,Variant_B,Canada
usr_005446,2026-07-01,2026-07-01 03:35:42,Referral,Android,v2.5.3,Control_A,United Kingdom
usr_005447,2026-07-17,2026-07-17 18:56:58,Paid Search (Google),iOS,v2.5.3,Variant_B,United States
usr_005448,2026-08-27,2026-08-27 12:25:04,Paid Search (Google),Android,v2.5.2,Variant_B,Canada
usr_005449,2026-06-28,2026-06-28 05:30:12,Paid Search (Google),Android,v2.5.2,Variant_B,Germany
usr_005450,2026-06-22,2026-06-22 00:17:28,Organic Search,Android,v2.5.3,Variant_B,India
usr_005451,2026-07-18,2026-07-18 18:35:48,Paid Search (Google),Android,v2.5.3,Control_A,United States
usr_005452,2026-06-23,2026-06-23 06:45:30,Meta Ads (Instagram),Web,v3.1.0-web,Control_A,Canada
usr_005453,2026-08-29,2026-08-29 21:18:18,Organic Search,Android,v2.5.3,Variant_B,Canada
usr_005454,2026-08-16,2026-08-16 20:30:53,Paid Search (Google),Android,v2.5.2,Variant_B,United States
usr_005455,2026-06-17,2026-06-17 04:29:50,Paid Search (Google),Android,v2.5.1,Control_A,India
usr_005456,2026-06-25,2026-06-25 03:44:55,Paid Search (Google),Android,v2.5.3,Control_A,Canada
usr_005457,2026-07-16,2026-07-16 01:43:24,Organic Search,Android,v2.5.3,Control_A,United States
usr_005458,2026-08-12,2026-08-12 04:51:50,Meta Ads (Instagram),iOS,v2.5.3,Variant_B,United States
usr_005459,2026-06-17,2026-06-17 03:24:05,Meta Ads (Instagram),iOS,v2.5.3,Variant_B,United Kingdom
usr_005460,2026-08-26,2026-08-26 21:27:19,Influencer Campaign,Android,v2.5.2,Control_A,Canada
usr_005461,2026-07-03,2026-07-03 18:35:17,Meta Ads (Instagram),Android,v2.5.1,Control_A,Germany
usr_005462,2026-07-17,2026-07-17 10:56:57,Influencer Campaign,iOS,v2.5.1,Variant_B,Germany
usr_005463,2026-07-02,2026-07-02 09:56:00,Paid Search (Google),iOS,v2.5.3,Variant_B,India
usr_005464,2026-08-02,2026-08-02 11:14:29,Meta Ads (Instagram),Android,v2.5.1,Variant_B,Germany
usr_005465,2026-07-16,2026-07-16 21:59:04,Meta Ads (Instagram),iOS,v2.5.3,Control_A,India
usr_005466,2026-07-16,2026-07-16 00:58:48,Meta Ads (Instagram),Android,v2.5.2,Control_A,Canada
usr_005467,2026-08-04,2026-08-04 08:19:42,Paid Search (Google),Android,v2.5.1,Control_A,Germany
usr_005468,2026-07-28,2026-07-28 00:13:48,Referral,Android,v2.5.3,Variant_B,Germany
usr_005469,2026-08-20,2026-08-20 06:23:11,Meta Ads (Instagram),Web,v3.1.0-web,Variant_B,India
usr_005470,2026-08-04,2026-08-04 06:52:13,Meta Ads (Instagram),Android,v2.5.3,Control_A,United Kingdom
usr_005471,2026-06-23,2026-06-23 15:47:22,Paid Search (Google),Web,v3.1.0-web,Variant_B,Germany
usr_005472,2026-06-19,2026-06-19 10:03:41,Meta Ads (Instagram),iOS,v2.5.1,Variant_B,India
usr_005473,2026-07-22,2026-07-22 00:14:31,Meta Ads (Instagram),Android,v2.5.1,Control_A,Canada
usr_005474,2026-08-12,2026-08-12 11:40:35,Influencer Campaign,Android,v2.5.1,Control_A,United States
usr_005475,2026-06-03,2026-06-03 18:28:21,Meta Ads (Instagram),iOS,v2.5.2,Variant_B,United Kingdom
usr_005476,2026-07-18,2026-07-18 13:33:38,Organic Search,iOS,v2.5.3,Control_A,Germany
usr_005477,2026-06-23,2026-06-23 21:02:19,Organic Search,Android,v2.5.3,Control_A,United States
usr_005478,2026-06-16,2026-06-16 14:25:44,Paid Search (Google),iOS,v2.5.2,Control_A,Germany
usr_005479,2026-08-17,2026-08-17 05:43:29,Meta Ads (Instagram),Android,v2.5.3,Variant_B,Canada
usr_005480,2026-06-16,2026-06-16 03:44:06,Referral,iOS,v2.5.2,Control_A,United Kingdom
usr_005481,2026-06-04,2026-06-04 16:05:21,Paid Search (Google),Android,v2.5.2,Control_A,India
usr_005482,2026-06-12,2026-06-12 18:10:49,Meta Ads (Instagram),iOS,v2.5.3,Variant_B,India
usr_005483,2026-06-15,2026-06-15 18:42:46,Paid Search (Google),Android,v2.5.2,Variant_B,United States
usr_005484,2026-07-08,2026-07-08 01:42:53,Meta Ads (Instagram),Android,v2.5.1,Variant_B,United Kingdom
usr_005485,2026-08-11,2026-08-11 11:40:38,Referral,Android,v2.5.3,Variant_B,Canada
usr_005486,2026-07-17,2026-07-17 08:04:06,Paid Search (Google),Android,v2.5.1,Control_A,India
usr_005487,2026-08-15,2026-08-15 06:09:59,Influencer Campaign,iOS,v2.5.1,Control_A,United States
usr_005488,2026-07-26,2026-07-26 05:28:49,Organic Search,iOS,v2.5.1,Variant_B,India
usr_005489,2026-07-21,2026-07-21 12:50:42,Referral,iOS,v2.5.1,Variant_B,India
usr_005490,2026-08-27,2026-08-27 07:39:40,Paid Search (Google),Android,v2.5.1,Control_A,India
usr_005491,2026-06-24,2026-06-24 19:33:46,Paid Search (Google),iOS,v2.5.3,Control_A,United Kingdom
usr_005492,2026-06-28,2026-06-28 16:41:30,Referral,iOS,v2.5.3,Variant_B,Canada
usr_005493,2026-07-12,2026-07-12 03:26:15,Organic Search,Android,v2.5.2,Control_A,Germany
usr_005494,2026-07-11,2026-07-11 22:39:26,Organic Search,Android,v2.5.1,Variant_B,United States
usr_005495,2026-08-10,2026-08-10 18:55:07,Organic Search,iOS,v2.5.2,Control_A,India
usr_005496,2026-07-25,2026-07-25 11:25:07,Influencer Campaign,iOS,v2.5.1,Variant_B,India
usr_005497,2026-08-13,2026-08-13 00:07:32,Meta Ads (Instagram),iOS,v2.5.3,Control_A,India
usr_005498,2026-08-07,2026-08-07 20:53:22,Meta Ads (Instagram),Web,v3.1.0-web,Control_A,Germany
usr_005499,2026-08-26,2026-08-26 19:19:20,Influencer Campaign,iOS,v2.5.3,Variant_B,Germany
usr_005500,2026-07-26,2026-07-26 10:19:58,Referral,Android,v2.5.1,Control_A,United Kingdom
usr_005501,2026-08-26,2026-08-26 22:14:36,Paid Search (Google),Android,v2.5.1,Control_A,Canada
usr_005502,2026-06-13,2026-06-13 07:13:15,Paid Search (Google),iOS,v2.5.1,Variant_B,United Kingdom
usr_005503,2026-06-23,2026-06-23 20:52:14,Paid Search (Google),iOS,v2.5.1,Variant_B,India
usr_005504,2026-06-13,2026-06-13 09:54:42,Organic Search,Android,v2.5.3,Variant_B,United Kingdom
usr_005505,2026-07-31,2026-07-31 08:24:03,Meta Ads (Instagram),iOS,v2.5.1,Variant_B,United Kingdom
usr_005506,2026-08-08,2026-08-08 08:56:38,Influencer Campaign,Web,v3.1.0-web,Variant_B,Germany
usr_005507,2026-06-23,2026-06-23 14:43:30,Paid Search (Google),Android,v2.5.2,Variant_B,United States
usr_005508,2026-08-04,2026-08-04 19:25:38,Influencer Campaign,iOS,v2.5.2,Control_A,India
usr_005509,2026-07-16,2026-07-16 01:11:50,Meta Ads (Instagram),Android,v2.5.3,Control_A,United Kingdom
usr_005510,2026-07-19,2026-07-19 10:29:28,Influencer Campaign,Android,v2.5.3,Control_A,United States
usr_005511,2026-06-22,2026-06-22 23:09:56,Referral,Android,v2.5.3,Control_A,India
usr_005512,2026-06-11,2026-06-11 20:47:48,Paid Search (Google),Android,v2.5.2,Control_A,Canada
usr_005513,2026-08-09,2026-08-09 09:33:31,Paid Search (Google),Android,v2.5.1,Variant_B,United Kingdom
usr_005514,2026-08-02,2026-08-02 05:53:25,Influencer Campaign,Web,v3.1.0-web,Control_A,India
usr_005515,2026-06-17,2026-06-17 05:33:10,Meta Ads (Instagram),Android,v2.5.3,Variant_B,Canada
usr_005516,2026-07-09,2026-07-09 14:43:02,Meta Ads (Instagram),Web,v3.1.0-web,Control_A,India
usr_005517,2026-08-24,2026-08-24 14:33:42,Paid Search (Google),Web,v3.1.0-web,Variant_B,Germany
usr_005518,2026-08-07,2026-08-07 02:52:19,Organic Search,Web,v3.1.0-web,Variant_B,India
usr_005519,2026-06-09,2026-06-09 06:18:54,Paid Search (Google),iOS,v2.5.2,Variant_B,United Kingdom
usr_005520,2026-08-11,2026-08-11 19:22:14,Paid Search (Google),iOS,v2.5.1,Control_A,United States
usr_005521,2026-08-28,2026-08-28 08:52:35,Organic Search,Android,v2.5.2,Control_A,India
usr_005522,2026-08-21,2026-08-21 01:40:06,Paid Search (Google),iOS,v2.5.2,Variant_B,Canada
usr_005523,2026-07-27,2026-07-27 13:53:10,Meta Ads (Instagram),Web,v3.1.0-web,Control_A,Canada
usr_005524,2026-06-09,2026-06-09 13:39:22,Paid Search (Google),iOS,v2.5.3,Variant_B,Germany
usr_005525,2026-07-16,2026-07-16 11:30:30,Meta Ads (Instagram),Android,v2.5.1,Variant_B,United Kingdom
usr_005526,2026-07-21,2026-07-21 20:41:18,Paid Search (Google),iOS,v2.5.2,Variant_B,Canada
usr_005527,2026-08-16,2026-08-16 04:48:06,Influencer Campaign,Android,v2.5.1,Control_A,United States
usr_005528,2026-07-26,2026-07-26 21:27:27,Organic Search,iOS,v2.5.2,Control_A,Germany
usr_005529,2026-07-11,2026-07-11 05:37:17,Organic Search,iOS,v2.5.3,Control_A,India
usr_005530,2026-08-23,2026-08-23 18:57:45,Influencer Campaign,iOS,v2.5.3,Control_A,United Kingdom
usr_005531,2026-06-11,2026-06-11 09:33:05,Meta Ads (Instagram),iOS,v2.5.1,Variant_B,Canada
usr_005532,2026-06-01,2026-06-01 02:05:12,Organic Search,Android,v2.5.1,Variant_B,Canada
usr_005533,2026-06-05,2026-06-05 13:29:08,Meta Ads (Instagram),iOS,v2.5.1,Control_A,United Kingdom
usr_005534,2026-06-11,2026-06-11 20:56:57,Paid Search (Google),iOS,v2.5.1,Control_A,Germany
usr_005535,2026-06-27,2026-06-27 08:53:49,Meta Ads (Instagram),Android,v2.5.1,Variant_B,India
usr_005536,2026-06-22,2026-06-22 17:03:38,Organic Search,Web,v3.1.0-web,Variant_B,Germany
usr_005537,2026-07-15,2026-07-15 23:58:04,Meta Ads (Instagram),Android,v2.5.1,Control_A,United States
usr_005538,2026-08-04,2026-08-04 16:03:33,Paid Search (Google),Android,v2.5.1,Control_A,Canada
usr_005539,2026-07-28,2026-07-28 19:12:28,Paid Search (Google),Android,v2.5.2,Control_A,Germany
usr_005540,2026-07-17,2026-07-17 09:28:07,Influencer Campaign,Android,v2.5.2,Control_A,United States
usr_005541,2026-07-16,2026-07-16 19:17:20,Organic Search,iOS,v2.5.1,Control_A,India
usr_005542,2026-08-03,2026-08-03 17:51:33,Referral,Android,v2.5.3,Control_A,Germany
usr_005543,2026-07-30,2026-07-30 00:35:51,Paid Search (Google),iOS,v2.5.1,Variant_B,Germany
usr_005544,2026-07-25,2026-07-25 14:42:54,Referral,Android,v2.5.1,Variant_B,Canada
usr_005545,2026-07-10,2026-07-10 07:01:43,Paid Search (Google),Web,v3.1.0-web,Variant_B,Germany
usr_005546,2026-07-19,2026-07-19 23:57:34,Meta Ads (Instagram),Android,v2.5.3,Control_A,United States
usr_005547,2026-06-18,2026-06-18 11:39:17,Paid Search (Google),Android,v2.5.1,Variant_B,United Kingdom
usr_005548,2026-08-12,2026-08-12 15:48:50,Organic Search,Android,v2.5.1,Variant_B,United Kingdom
usr_005549,2026-06-02,2026-06-02 23:55:33,Organic Search,Android,v2.5.2,Control_A,India
usr_005550,2026-07-27,2026-07-27 09:18:26,Meta Ads (Instagram),iOS,v2.5.3,Variant_B,Canada
usr_005551,2026-06-09,2026-06-09 08:52:08,Referral,Android,v2.5.1,Control_A,United States
usr_005552,2026-06-05,2026-06-05 16:17:30,Paid Search (Google),iOS,v2.5.2,Variant_B,India
usr_005553,2026-06-07,2026-06-07 15:52:34,Organic Search,Android,v2.5.3,Variant_B,United States
usr_005554,2026-06-10,2026-06-10 08:36:03,Influencer Campaign,iOS,v2.5.3,Variant_B,United States
usr_005555,2026-07-31,2026-07-31 20:08:43,Paid Search (Google),Android,v2.5.3,Variant_B,United Kingdom
usr_005556,2026-08-21,2026-08-21 02:52:31,Referral,Android,v2.5.2,Variant_B,India
usr_005557,2026-08-07,2026-08-07 12:42:29,Meta Ads (Instagram),Android,v2.5.1,Variant_B,Germany
usr_005558,2026-07-18,2026-07-18 23:44:36,Organic Search,iOS,v2.5.2,Variant_B,Canada
usr_005559,2026-06-07,2026-06-07 08:09:26,Organic Search,Android,v2.5.3,Control_A,United Kingdom
usr_005560,2026-06-22,2026-06-22 13:29:14,Paid Search (Google),Android,v2.5.2,Control_A,United Kingdom
usr_005561,2026-07-12,2026-07-12 04:39:52,Organic Search,iOS,v2.5.2,Control_A,United Kingdom
usr_005562,2026-08-06,2026-08-06 07:26:19,Referral,Web,v3.1.0-web,Variant_B,United Kingdom
usr_005563,2026-07-12,2026-07-12 04:18:51,Organic Search,iOS,v2.5.1,Variant_B,Germany
usr_005564,2026-07-05,2026-07-05 07:17:27,Organic Search,Android,v2.5.2,Control_A,United States
usr_005565,2026-08-06,2026-08-06 03:11:43,Organic Search,iOS,v2.5.1,Control_A,United States
usr_005566,2026-08-06,2026-08-06 00:54:40,Paid Search (Google),iOS,v2.5.1,Variant_B,United States
usr_005567,2026-08-07,2026-08-07 14:49:34,Paid Search (Google),Android,v2.5.3,Control_A,India
usr_005568,2026-06-11,2026-06-11 03:07:03,Referral,Android,v2.5.3,Control_A,United Kingdom
usr_005569,2026-06-25,2026-06-25 17:32:29,Organic Search,Android,v2.5.2,Control_A,Germany
usr_005570,2026-08-23,2026-08-23 16:46:36,Paid Search (Google),Web,v3.1.0-web,Control_A,Germany
usr_005571,2026-07-16,2026-07-16 08:09:37,Meta Ads (Instagram),Web,v3.1.0-web,Variant_B,United Kingdom
usr_005572,2026-06-12,2026-06-12 07:02:40,Meta Ads (Instagram),iOS,v2.5.3,Control_A,India
usr_005573,2026-08-10,2026-08-10 22:37:15,Influencer Campaign,iOS,v2.5.1,Control_A,India
usr_005574,2026-08-16,2026-08-16 10:31:30,Organic Search,Android,v2.5.3,Variant_B,Canada
usr_005575,2026-07-07,2026-07-07 01:49:07,Organic Search,Android,v2.5.3,Control_A,Germany
usr_005576,2026-07-07,2026-07-07 17:38:15,Organic Search,Android,v2.5.2,Variant_B,Germany
usr_005577,2026-07-11,2026-07-11 14:31:40,Meta Ads (Instagram),iOS,v2.5.3,Control_A,United States
usr_005578,2026-08-28,2026-08-28 14:35:50,Organic Search,Android,v2.5.3,Variant_B,India
usr_005579,2026-07-06,2026-07-06 15:09:34,Meta Ads (Instagram),iOS,v2.5.3,Variant_B,India
usr_005580,2026-07-24,2026-07-24 14:39:05,Meta Ads (Instagram),Android,v2.5.1,Variant_B,India
usr_005581,2026-06-18,2026-06-18 17:01:16,Meta Ads (Instagram),iOS,v2.5.3,Variant_B,Germany
usr_005582,2026-06-22,2026-06-22 13:02:24,Meta Ads (Instagram),Android,v2.5.1,Variant_B,Germany
usr_005583,2026-08-15,2026-08-15 20:19:02,Referral,Android,v2.5.1,Control_A,United Kingdom
usr_005584,2026-07-08,2026-07-08 21:31:27,Organic Search,Android,v2.5.3,Variant_B,Germany
usr_005585,2026-06-24,2026-06-24 02:26:28,Organic Search,Android,v2.5.2,Variant_B,United States
usr_005586,2026-06-28,2026-06-28 04:17:25,Referral,Android,v2.5.1,Control_A,Canada
usr_005587,2026-06-04,2026-06-04 03:53:42,Meta Ads (Instagram),Web,v3.1.0-web,Control_A,United Kingdom
usr_005588,2026-06-09,2026-06-09 08:46:54,Referral,iOS,v2.5.2,Control_A,Germany
usr_005589,2026-08-19,2026-08-19 12:22:15,Meta Ads (Instagram),Android,v2.5.1,Control_A,Germany
usr_005590,2026-06-12,2026-06-12 05:58:59,Paid Search (Google),Android,v2.5.1,Control_A,Germany
usr_005591,2026-07-25,2026-07-25 21:33:02,Paid Search (Google),Android,v2.5.1,Control_A,India
usr_005592,2026-08-13,2026-08-13 05:25:37,Organic Search,Web,v3.1.0-web,Control_A,India
usr_005593,2026-08-01,2026-08-01 23:25:59,Organic Search,iOS,v2.5.2,Control_A,Canada
usr_005594,2026-08-25,2026-08-25 13:06:56,Paid Search (Google),iOS,v2.5.2,Variant_B,Germany
usr_005595,2026-07-17,2026-07-17 08:50:57,Meta Ads (Instagram),Android,v2.5.3,Control_A,United Kingdom
usr_005596,2026-08-21,2026-08-21 11:29:28,Influencer Campaign,Web,v3.1.0-web,Control_A,Canada
usr_005597,2026-06-27,2026-06-27 01:50:52,Meta Ads (Instagram),Web,v3.1.0-web,Variant_B,Canada
usr_005598,2026-07-03,2026-07-03 11:03:20,Meta Ads (Instagram),iOS,v2.5.1,Variant_B,Canada
usr_005599,2026-07-14,2026-07-14 15:22:43,Influencer Campaign,Android,v2.5.1,Variant_B,United States
usr_005600,2026-07-29,2026-07-29 16:16:28,Paid Search (Google),Android,v2.5.3,Variant_B,India
usr_005601,2026-07-01,2026-07-01 21:04:13,Paid Search (Google),Web,v3.1.0-web,Control_A,Canada
usr_005602,2026-08-05,2026-08-05 19:48:06,Meta Ads (Instagram),Android,v2.5.2,Variant_B,United Kingdom
usr_005603,2026-06-30,2026-06-30 19:52:22,Referral,iOS,v2.5.1,Control_A,India
usr_005604,2026-06-13,2026-06-13 11:53:53,Influencer Campaign,iOS,v2.5.2,Control_A,Canada
usr_005605,2026-06-01,2026-06-01 17:14:17,Paid Search (Google),iOS,v2.5.1,Control_A,India
usr_005606,2026-08-10,2026-08-10 02:22:14,Organic Search,iOS,v2.5.1,Variant_B,Germany
usr_005607,2026-08-29,2026-08-29 23:29:09,Organic Search,Android,v2.5.1,Variant_B,Canada
usr_005608,2026-08-13,2026-08-13 20:53:13,Organic Search,Android,v2.5.3,Variant_B,Germany
usr_005609,2026-06-24,2026-06-24 01:24:20,Meta Ads (Instagram),Android,v2.5.2,Control_A,Germany
usr_005610,2026-08-27,2026-08-27 21:48:06,Referral,Android,v2.5.2,Control_A,India
usr_005611,2026-06-18,2026-06-18 20:54:05,Meta Ads (Instagram),iOS,v2.5.3,Control_A,Canada
usr_005612,2026-07-08,2026-07-08 13:26:22,Paid Search (Google),Android,v2.5.3,Variant_B,Canada
usr_005613,2026-07-19,2026-07-19 15:48:07,Organic Search,Android,v2.5.1,Control_A,Germany
usr_005614,2026-08-19,2026-08-19 17:02:46,Paid Search (Google),Android,v2.5.3,Variant_B,Canada
usr_005615,2026-06-05,2026-06-05 03:47:52,Paid Search (Google),iOS,v2.5.3,Control_A,Germany
usr_005616,2026-07-19,2026-07-19 14:26:43,Meta Ads (Instagram),Web,v3.1.0-web,Control_A,United States
usr_005617,2026-08-11,2026-08-11 12:04:06,Organic Search,Web,v3.1.0-web,Control_A,United Kingdom
usr_005618,2026-08-26,2026-08-26 16:36:38,Influencer Campaign,Android,v2.5.3,Variant_B,India
usr_005619,2026-08-08,2026-08-08 15:58:39,Meta Ads (Instagram),Android,v2.5.2,Variant_B,India
usr_005620,2026-07-26,2026-07-26 10:30:09,Paid Search (Google),Android,v2.5.2,Variant_B,United Kingdom
usr_005621,2026-06-14,2026-06-14 12:37:26,Meta Ads (Instagram),iOS,v2.5.1,Variant_B,United States
usr_005622,2026-06-09,2026-06-09 08:58:17,Referral,iOS,v2.5.2,Variant_B,India
usr_005623,2026-07-03,2026-07-03 10:39:28,Organic Search,Android,v2.5.1,Control_A,Canada
usr_005624,2026-06-06,2026-06-06 19:15:33,Meta Ads (Instagram),Android,v2.5.3,Variant_B,India
usr_005625,2026-08-05,2026-08-05 07:25:24,Paid Search (Google),iOS,v2.5.3,Control_A,India
usr_005626,2026-07-05,2026-07-05 07:32:57,Organic Search,iOS,v2.5.3,Control_A,United States
usr_005627,2026-08-07,2026-08-07 16:51:14,Meta Ads (Instagram),Web,v3.1.0-web,Variant_B,India
usr_005628,2026-08-06,2026-08-06 19:32:07,Paid Search (Google),Android,v2.5.2,Control_A,Canada
usr_005629,2026-06-19,2026-06-19 21:57:03,Meta Ads (Instagram),iOS,v2.5.2,Control_A,Germany
usr_005630,2026-08-28,2026-08-28 05:06:02,Paid Search (Google),iOS,v2.5.1,Control_A,United States
usr_005631,2026-08-17,2026-08-17 12:29:07,Paid Search (Google),iOS,v2.5.1,Variant_B,United States
usr_005632,2026-08-09,2026-08-09 05:51:52,Meta Ads (Instagram),iOS,v2.5.1,Variant_B,Germany
usr_005633,2026-06-09,2026-06-09 00:41:11,Paid Search (Google),Android,v2.5.1,Variant_B,Canada
usr_005634,2026-06-12,2026-06-12 16:26:43,Influencer Campaign,Android,v2.5.2,Variant_B,Canada
usr_005635,2026-06-16,2026-06-16 01:21:22,Influencer Campaign,Android,v2.5.1,Variant_B,Canada
usr_005636,2026-06-02,2026-06-02 02:02:19,Influencer Campaign,iOS,v2.5.3,Control_A,India
usr_005637,2026-07-07,2026-07-07 16:00:15,Referral,iOS,v2.5.3,Variant_B,United States
usr_005638,2026-08-07,2026-08-07 00:16:41,Paid Search (Google),iOS,v2.5.1,Variant_B,Canada
usr_005639,2026-07-14,2026-07-14 17:04:29,Referral,Web,v3.1.0-web,Control_A,India
usr_005640,2026-08-12,2026-08-12 13:47:46,Organic Search,iOS,v2.5.3,Variant_B,Germany
usr_005641,2026-08-14,2026-08-14 15:54:16,Organic Search,Android,v2.5.3,Control_A,United Kingdom
usr_005642,2026-07-19,2026-07-19 12:19:35,Paid Search (Google),Android,v2.5.3,Control_A,United Kingdom
usr_005643,2026-07-02,2026-07-02 06:54:47,Meta Ads (Instagram),iOS,v2.5.2,Variant_B,United Kingdom
usr_005644,2026-06-18,2026-06-18 09:59:15,Paid Search (Google),iOS,v2.5.2,Variant_B,United Kingdom
usr_005645,2026-06-04,2026-06-04 08:42:19,Meta Ads (Instagram),Android,v2.5.1,Control_A,Germany
usr_005646,2026-08-28,2026-08-28 05:10:34,Organic Search,iOS,v2.5.1,Variant_B,United Kingdom
usr_005647,2026-06-04,2026-06-04 00:35:04,Organic Search,Web,v3.1.0-web,Variant_B,Canada
usr_005648,2026-07-28,2026-07-28 13:16:07,Paid Search (Google),Android,v2.5.2,Variant_B,Germany
usr_005649,2026-08-06,2026-08-06 18:01:07,Paid Search (Google),Android,v2.5.3,Variant_B,United Kingdom
usr_005650,2026-07-22,2026-07-22 05:37:36,Meta Ads (Instagram),Web,v3.1.0-web,Variant_B,India
usr_005651,2026-07-18,2026-07-18 19:51:57,Paid Search (Google),iOS,v2.5.2,Control_A,Germany
usr_005652,2026-08-07,2026-08-07 02:49:31,Meta Ads (Instagram),iOS,v2.5.3,Variant_B,Germany
usr_005653,2026-07-19,2026-07-19 12:25:36,Paid Search (Google),Web,v3.1.0-web,Control_A,India
usr_005654,2026-07-08,2026-07-08 17:07:02,Meta Ads (Instagram),Android,v2.5.1,Control_A,United Kingdom
usr_005655,2026-08-06,2026-08-06 22:59:09,Meta Ads (Instagram),iOS,v2.5.3,Variant_B,Canada
usr_005656,2026-07-20,2026-07-20 01:59:23,Organic Search,iOS,v2.5.3,Control_A,United Kingdom
usr_005657,2026-06-28,2026-06-28 20:55:14,Influencer Campaign,iOS,v2.5.1,Control_A,Canada
usr_005658,2026-06-24,2026-06-24 19:30:48,Paid Search (Google),Android,v2.5.3,Variant_B,Germany
usr_005659,2026-08-15,2026-08-15 18:30:52,Organic Search,Web,v3.1.0-web,Variant_B,India
usr_005660,2026-06-12,2026-06-12 06:01:07,Meta Ads (Instagram),Android,v2.5.3,Variant_B,Germany
usr_005661,2026-06-27,2026-06-27 14:30:59,Meta Ads (Instagram),iOS,v2.5.3,Control_A,United Kingdom
usr_005662,2026-08-12,2026-08-12 05:44:31,Organic Search,iOS,v2.5.3,Variant_B,Germany
usr_005663,2026-07-26,2026-07-26 21:26:11,Influencer Campaign,Android,v2.5.2,Variant_B,United States
usr_005664,2026-06-27,2026-06-27 12:58:31,Organic Search,Web,v3.1.0-web,Variant_B,United States
usr_005665,2026-06-09,2026-06-09 09:52:36,Referral,iOS,v2.5.3,Control_A,United States
usr_005666,2026-07-26,2026-07-26 14:35:38,Meta Ads (Instagram),Android,v2.5.1,Control_A,India
usr_005667,2026-08-27,2026-08-27 12:06:39,Meta Ads (Instagram),Android,v2.5.2,Variant_B,United Kingdom
usr_005668,2026-07-16,2026-07-16 12:16:33,Referral,Web,v3.1.0-web,Variant_B,Canada
usr_005669,2026-06-28,2026-06-28 02:19:41,Meta Ads (Instagram),iOS,v2.5.1,Variant_B,Canada
usr_005670,2026-08-27,2026-08-27 00:23:58,Meta Ads (Instagram),iOS,v2.5.1,Control_A,Germany
usr_005671,2026-06-03,2026-06-03 22:25:17,Paid Search (Google),Web,v3.1.0-web,Control_A,India
usr_005672,2026-07-01,2026-07-01 15:54:03,Referral,iOS,v2.5.1,Variant_B,United States
usr_005673,2026-06-18,2026-06-18 00:32:51,Influencer Campaign,Android,v2.5.3,Control_A,United Kingdom
usr_005674,2026-07-24,2026-07-24 10:26:24,Referral,Android,v2.5.1,Variant_B,Germany
usr_005675,2026-07-28,2026-07-28 04:00:38,Meta Ads (Instagram),iOS,v2.5.3,Control_A,India
usr_005676,2026-08-15,2026-08-15 17:09:23,Meta Ads (Instagram),Android,v2.5.3,Control_A,United States
usr_005677,2026-08-20,2026-08-20 02:04:51,Paid Search (Google),Web,v3.1.0-web,Control_A,India
usr_005678,2026-07-31,2026-07-31 22:55:47,Organic Search,Web,v3.1.0-web,Variant_B,Canada
usr_005679,2026-07-08,2026-07-08 11:06:32,Organic Search,Web,v3.1.0-web,Control_A,Canada
usr_005680,2026-08-07,2026-08-07 02:35:15,Meta Ads (Instagram),Android,v2.5.1,Control_A,India
usr_005681,2026-08-26,2026-08-26 05:44:51,Organic Search,iOS,v2.5.1,Variant_B,Germany
usr_005682,2026-08-24,2026-08-24 19:18:33,Meta Ads (Instagram),iOS,v2.5.1,Variant_B,Germany
usr_005683,2026-08-10,2026-08-10 20:55:26,Influencer Campaign,Web,v3.1.0-web,Control_A,United States
usr_005684,2026-07-08,2026-07-08 09:47:12,Paid Search (Google),iOS,v2.5.2,Control_A,Germany
usr_005685,2026-07-31,2026-07-31 05:50:37,Referral,Android,v2.5.3,Variant_B,Germany
usr_005686,2026-06-30,2026-06-30 09:11:03,Organic Search,Android,v2.5.2,Control_A,India
usr_005687,2026-07-21,2026-07-21 11:30:17,Organic Search,iOS,v2.5.3,Control_A,Canada
usr_005688,2026-08-12,2026-08-12 17:21:02,Referral,Android,v2.5.1,Control_A,Germany
usr_005689,2026-08-17,2026-08-17 07:58:47,Influencer Campaign,iOS,v2.5.3,Variant_B,Germany
usr_005690,2026-08-21,2026-08-21 08:36:44,Organic Search,Android,v2.5.2,Variant_B,Germany
usr_005691,2026-07-01,2026-07-01 09:27:21,Influencer Campaign,iOS,v2.5.2,Control_A,United States
usr_005692,2026-07-28,2026-07-28 06:34:02,Referral,iOS,v2.5.1,Variant_B,Germany
usr_005693,2026-07-06,2026-07-06 18:30:49,Meta Ads (Instagram),Android,v2.5.2,Variant_B,Germany
usr_005694,2026-06-04,2026-06-04 01:01:54,Organic Search,iOS,v2.5.1,Variant_B,Canada
usr_005695,2026-07-18,2026-07-18 12:20:26,Paid Search (Google),iOS,v2.5.2,Control_A,India
usr_005696,2026-07-06,2026-07-06 20:30:58,Organic Search,Android,v2.5.2,Variant_B,United States
usr_005697,2026-07-08,2026-07-08 12:04:19,Referral,Android,v2.5.2,Control_A,United States
usr_005698,2026-06-01,2026-06-01 17:38:42,Referral,Android,v2.5.3,Variant_B,United States
usr_005699,2026-07-16,2026-07-16 22:24:41,Meta Ads (Instagram),Web,v3.1.0-web,Variant_B,United States
usr_005700,2026-08-22,2026-08-22 09:03:24,Influencer Campaign,Android,v2.5.2,Variant_B,Germany
usr_005701,2026-07-02,2026-07-02 16:11:38,Meta Ads (Instagram),iOS,v2.5.3,Variant_B,Canada
usr_005702,2026-07-25,2026-07-25 17:41:02,Paid Search (Google),Android,v2.5.1,Variant_B,United States
usr_005703,2026-06-04,2026-06-04 18:43:20,Meta Ads (Instagram),iOS,v2.5.3,Control_A,India
usr_005704,2026-07-02,2026-07-02 16:02:25,Influencer Campaign,Android,v2.5.3,Variant_B,United States
usr_005705,2026-07-03,2026-07-03 11:20:07,Paid Search (Google),Web,v3.1.0-web,Variant_B,India
usr_005706,2026-06-03,2026-06-03 09:52:54,Influencer Campaign,Android,v2.5.1,Control_A,Canada
usr_005707,2026-08-25,2026-08-25 02:00:36,Organic Search,iOS,v2.5.3,Variant_B,Canada
usr_005708,2026-06-06,2026-06-06 14:10:44,Organic Search,Android,v2.5.3,Variant_B,Canada
usr_005709,2026-07-09,2026-07-09 18:54:18,Organic Search,iOS,v2.5.3,Variant_B,India
usr_005710,2026-07-06,2026-07-06 06:24:22,Influencer Campaign,Android,v2.5.2,Control_A,Germany
usr_005711,2026-07-28,2026-07-28 13:44:36,Paid Search (Google),iOS,v2.5.3,Variant_B,Germany
usr_005712,2026-06-18,2026-06-18 06:42:49,Meta Ads (Instagram),Web,v3.1.0-web,Variant_B,Canada
usr_005713,2026-07-11,2026-07-11 16:38:19,Meta Ads (Instagram),iOS,v2.5.1,Variant_B,United Kingdom
usr_005714,2026-06-30,2026-06-30 05:41:37,Influencer Campaign,Android,v2.5.2,Control_A,India
usr_005715,2026-07-04,2026-07-04 00:48:18,Paid Search (Google),iOS,v2.5.3,Variant_B,United Kingdom
usr_005716,2026-06-24,2026-06-24 15:33:13,Paid Search (Google),iOS,v2.5.2,Variant_B,Canada
usr_005717,2026-07-08,2026-07-08 14:26:40,Organic Search,Android,v2.5.3,Control_A,Canada
usr_005718,2026-06-17,2026-06-17 07:13:55,Meta Ads (Instagram),iOS,v2.5.3,Variant_B,United Kingdom
usr_005719,2026-08-12,2026-08-12 03:17:09,Paid Search (Google),Android,v2.5.2,Variant_B,Germany
usr_005720,2026-08-24,2026-08-24 02:48:53,Meta Ads (Instagram),Android,v2.5.3,Control_A,United Kingdom
usr_005721,2026-08-08,2026-08-08 16:20:43,Paid Search (Google),Android,v2.5.3,Variant_B,Canada
usr_005722,2026-06-27,2026-06-27 08:33:52,Paid Search (Google),iOS,v2.5.1,Variant_B,Canada
usr_005723,2026-07-06,2026-07-06 06:09:08,Meta Ads (Instagram),iOS,v2.5.1,Variant_B,United States
usr_005724,2026-08-13,2026-08-13 07:03:00,Meta Ads (Instagram),iOS,v2.5.1,Control_A,Germany
usr_005725,2026-06-20,2026-06-20 01:45:03,Meta Ads (Instagram),iOS,v2.5.3,Control_A,United Kingdom
usr_005726,2026-06-30,2026-06-30 01:45:01,Organic Search,iOS,v2.5.2,Control_A,Germany
usr_005727,2026-07-06,2026-07-06 14:23:28,Paid Search (Google),Android,v2.5.1,Control_A,United Kingdom
usr_005728,2026-07-20,2026-07-20 07:05:42,Organic Search,Android,v2.5.3,Control_A,United Kingdom
usr_005729,2026-08-17,2026-08-17 07:58:26,Paid Search (Google),Android,v2.5.2,Variant_B,Germany
usr_005730,2026-06-29,2026-06-29 19:39:24,Paid Search (Google),Web,v3.1.0-web,Variant_B,Canada
usr_005731,2026-07-15,2026-07-15 13:44:32,Paid Search (Google),Web,v3.1.0-web,Control_A,India
usr_005732,2026-06-14,2026-06-14 18:22:37,Meta Ads (Instagram),iOS,v2.5.1,Variant_B,United States
usr_005733,2026-08-06,2026-08-06 23:59:56,Meta Ads (Instagram),Android,v2.5.1,Variant_B,United Kingdom
usr_005734,2026-08-16,2026-08-16 05:44:08,Referral,Android,v2.5.3,Control_A,Canada
usr_005735,2026-06-28,2026-06-28 06:57:28,Paid Search (Google),iOS,v2.5.1,Control_A,United Kingdom
usr_005736,2026-06-02,2026-06-02 05:37:48,Organic Search,Android,v2.5.1,Variant_B,Germany
usr_005737,2026-08-22,2026-08-22 18:19:23,Organic Search,iOS,v2.5.3,Control_A,Germany
usr_005738,2026-07-20,2026-07-20 00:54:13,Referral,Android,v2.5.3,Variant_B,India
usr_005739,2026-06-18,2026-06-18 06:31:15,Organic Search,iOS,v2.5.3,Control_A,United Kingdom
usr_005740,2026-08-14,2026-08-14 01:37:40,Referral,Android,v2.5.1,Variant_B,India
usr_005741,2026-07-09,2026-07-09 22:36:04,Paid Search (Google),Android,v2.5.3,Variant_B,India
usr_005742,2026-07-20,2026-07-20 19:25:19,Meta Ads (Instagram),iOS,v2.5.3,Control_A,United Kingdom
usr_005743,2026-07-12,2026-07-12 15:58:27,Organic Search,iOS,v2.5.2,Control_A,United States
usr_005744,2026-07-04,2026-07-04 20:06:41,Meta Ads (Instagram),Web,v3.1.0-web,Control_A,India
usr_005745,2026-08-25,2026-08-25 16:06:42,Meta Ads (Instagram),iOS,v2.5.1,Variant_B,United States
usr_005746,2026-06-24,2026-06-24 00:30:59,Referral,Web,v3.1.0-web,Variant_B,Canada
usr_005747,2026-08-02,2026-08-02 05:15:58,Meta Ads (Instagram),Android,v2.5.2,Control_A,India
usr_005748,2026-07-02,2026-07-02 17:11:51,Organic Search,iOS,v2.5.1,Variant_B,Germany
usr_005749,2026-06-06,2026-06-06 22:42:18,Meta Ads (Instagram),iOS,v2.5.3,Variant_B,India
usr_005750,2026-07-12,2026-07-12 14:01:30,Influencer Campaign,Android,v2.5.3,Control_A,Canada
usr_005751,2026-08-10,2026-08-10 08:42:41,Paid Search (Google),Android,v2.5.3,Control_A,United Kingdom
usr_005752,2026-07-05,2026-07-05 07:31:30,Meta Ads (Instagram),Android,v2.5.1,Variant_B,Germany
usr_005753,2026-06-09,2026-06-09 09:08:28,Meta Ads (Instagram),iOS,v2.5.2,Control_A,Germany
usr_005754,2026-07-02,2026-07-02 20:46:55,Influencer Campaign,Android,v2.5.3,Control_A,India
usr_005755,2026-06-09,2026-06-09 08:26:25,Paid Search (Google),Web,v3.1.0-web,Control_A,United Kingdom
usr_005756,2026-06-19,2026-06-19 19:57:22,Organic Search,Android,v2.5.1,Control_A,Canada
usr_005757,2026-08-29,2026-08-29 12:18:16,Influencer Campaign,Android,v2.5.2,Control_A,United Kingdom
usr_005758,2026-06-30,2026-06-30 16:27:20,Meta Ads (Instagram),iOS,v2.5.3,Variant_B,Germany
usr_005759,2026-07-16,2026-07-16 11:40:51,Meta Ads (Instagram),Android,v2.5.2,Variant_B,Germany
usr_005760,2026-06-19,2026-06-19 10:36:25,Organic Search,iOS,v2.5.1,Control_A,India
usr_005761,2026-06-17,2026-06-17 02:07:19,Meta Ads (Instagram),Web,v3.1.0-web,Control_A,United Kingdom
usr_005762,2026-07-26,2026-07-26 00:51:38,Meta Ads (Instagram),iOS,v2.5.3,Control_A,United Kingdom
usr_005763,2026-08-19,2026-08-19 03:08:19,Meta Ads (Instagram),iOS,v2.5.2,Control_A,United States
usr_005764,2026-06-01,2026-06-01 20:54:59,Referral,Android,v2.5.3,Control_A,United Kingdom
usr_005765,2026-08-13,2026-08-13 20:11:22,Organic Search,iOS,v2.5.2,Variant_B,United Kingdom
usr_005766,2026-07-31,2026-07-31 04:55:48,Organic Search,Web,v3.1.0-web,Control_A,Canada
usr_005767,2026-06-04,2026-06-04 05:56:02,Paid Search (Google),iOS,v2.5.1,Variant_B,Germany
usr_005768,2026-06-24,2026-06-24 16:37:09,Organic Search,iOS,v2.5.3,Control_A,United States
usr_005769,2026-07-26,2026-07-26 09:30:25,Paid Search (Google),iOS,v2.5.2,Control_A,Canada
usr_005770,2026-08-29,2026-08-29 05:11:04,Influencer Campaign,iOS,v2.5.1,Control_A,United Kingdom
usr_005771,2026-07-12,2026-07-12 12:25:10,Meta Ads (Instagram),Android,v2.5.3,Control_A,Germany
usr_005772,2026-08-23,2026-08-23 09:59:22,Meta Ads (Instagram),iOS,v2.5.3,Control_A,Canada
usr_005773,2026-06-17,2026-06-17 14:49:13,Paid Search (Google),Android,v2.5.3,Control_A,Canada
usr_005774,2026-08-09,2026-08-09 04:43:44,Influencer Campaign,iOS,v2.5.1,Control_A,United Kingdom
usr_005775,2026-07-26,2026-07-26 10:18:05,Organic Search,iOS,v2.5.3,Variant_B,Canada
usr_005776,2026-08-10,2026-08-10 14:08:28,Paid Search (Google),iOS,v2.5.1,Control_A,United Kingdom
usr_005777,2026-08-09,2026-08-09 05:03:10,Meta Ads (Instagram),Web,v3.1.0-web,Variant_B,Germany
usr_005778,2026-06-29,2026-06-29 04:11:26,Paid Search (Google),Android,v2.5.3,Control_A,United States
usr_005779,2026-08-21,2026-08-21 10:05:54,Influencer Campaign,Android,v2.5.3,Control_A,United States
usr_005780,2026-07-15,2026-07-15 14:18:49,Meta Ads (Instagram),iOS,v2.5.3,Control_A,United Kingdom
usr_005781,2026-06-15,2026-06-15 12:26:09,Meta Ads (Instagram),Android,v2.5.3,Variant_B,United Kingdom
usr_005782,2026-07-13,2026-07-13 07:19:27,Paid Search (Google),Android,v2.5.1,Variant_B,Canada
usr_005783,2026-08-23,2026-08-23 15:49:47,Meta Ads (Instagram),iOS,v2.5.1,Control_A,United States
usr_005784,2026-07-29,2026-07-29 11:06:34,Paid Search (Google),Android,v2.5.3,Variant_B,Canada
usr_005785,2026-07-31,2026-07-31 17:05:39,Meta Ads (Instagram),Android,v2.5.3,Control_A,United States
usr_005786,2026-08-10,2026-08-10 00:08:59,Paid Search (Google),Android,v2.5.3,Control_A,India
usr_005787,2026-07-27,2026-07-27 09:15:44,Influencer Campaign,iOS,v2.5.2,Control_A,United States
usr_005788,2026-07-14,2026-07-14 21:49:53,Organic Search,Web,v3.1.0-web,Variant_B,United Kingdom
usr_005789,2026-08-27,2026-08-27 14:16:27,Paid Search (Google),Web,v3.1.0-web,Variant_B,United Kingdom
usr_005790,2026-07-05,2026-07-05 10:55:39,Referral,iOS,v2.5.3,Control_A,United States
usr_005791,2026-06-07,2026-06-07 03:23:55,Organic Search,Android,v2.5.1,Control_A,India
usr_005792,2026-07-05,2026-07-05 10:20:53,Meta Ads (Instagram),Android,v2.5.1,Control_A,United Kingdom
usr_005793,2026-06-26,2026-06-26 17:54:10,Paid Search (Google),Android,v2.5.1,Variant_B,United Kingdom
usr_005794,2026-07-09,2026-07-09 10:11:45,Meta Ads (Instagram),Android,v2.5.3,Variant_B,Germany
usr_005795,2026-06-26,2026-06-26 15:13:25,Influencer Campaign,Android,v2.5.1,Variant_B,United Kingdom
usr_005796,2026-06-18,2026-06-18 11:09:45,Paid Search (Google),iOS,v2.5.1,Control_A,Canada
usr_005797,2026-06-14,2026-06-14 21:40:03,Organic Search,Android,v2.5.3,Variant_B,Canada
usr_005798,2026-06-09,2026-06-09 14:12:01,Meta Ads (Instagram),iOS,v2.5.1,Control_A,United Kingdom
usr_005799,2026-06-18,2026-06-18 20:46:31,Influencer Campaign,Web,v3.1.0-web,Variant_B,United States
usr_005800,2026-06-11,2026-06-11 07:39:04,Meta Ads (Instagram),Android,v2.5.3,Variant_B,Canada
usr_005801,2026-08-11,2026-08-11 03:13:54,Meta Ads (Instagram),iOS,v2.5.1,Variant_B,United States
usr_005802,2026-08-23,2026-08-23 07:10:24,Paid Search (Google),Android,v2.5.1,Control_A,United States
usr_005803,2026-07-18,2026-07-18 23:38:54,Organic Search,Android,v2.5.3,Control_A,United Kingdom
usr_005804,2026-06-20,2026-06-20 13:47:09,Paid Search (Google),Android,v2.5.2,Variant_B,United States
usr_005805,2026-08-13,2026-08-13 11:07:09,Organic Search,iOS,v2.5.3,Variant_B,United Kingdom
usr_005806,2026-08-15,2026-08-15 16:44:14,Organic Search,iOS,v2.5.2,Control_A,United Kingdom
usr_005807,2026-06-03,2026-06-03 21:22:58,Meta Ads (Instagram),Android,v2.5.1,Variant_B,United States
usr_005808,2026-06-27,2026-06-27 18:56:43,Meta Ads (Instagram),iOS,v2.5.1,Variant_B,Germany
usr_005809,2026-08-29,2026-08-29 08:17:52,Influencer Campaign,iOS,v2.5.3,Variant_B,India
usr_005810,2026-08-01,2026-08-01 23:49:56,Referral,Android,v2.5.3,Control_A,Germany
usr_005811,2026-08-11,2026-08-11 20:17:05,Referral,iOS,v2.5.2,Variant_B,United States
usr_005812,2026-07-22,2026-07-22 02:42:57,Influencer Campaign,Android,v2.5.3,Control_A,Germany
usr_005813,2026-06-25,2026-06-25 03:53:34,Meta Ads (Instagram),Android,v2.5.3,Variant_B,Germany
usr_005814,2026-07-03,2026-07-03 08:58:53,Referral,iOS,v2.5.3,Control_A,Canada
usr_005815,2026-08-02,2026-08-02 21:28:28,Meta Ads (Instagram),Android,v2.5.2,Control_A,Canada
usr_005816,2026-07-27,2026-07-27 17:59:34,Meta Ads (Instagram),Android,v2.5.1,Variant_B,India
usr_005817,2026-08-29,2026-08-29 05:36:56,Paid Search (Google),Android,v2.5.3,Control_A,India
usr_005818,2026-06-21,2026-06-21 16:17:04,Meta Ads (Instagram),iOS,v2.5.2,Control_A,United Kingdom
usr_005819,2026-07-13,2026-07-13 19:53:31,Influencer Campaign,Android,v2.5.2,Control_A,Germany
usr_005820,2026-08-21,2026-08-21 18:16:31,Organic Search,Android,v2.5.2,Variant_B,India
usr_005821,2026-06-05,2026-06-05 18:31:10,Paid Search (Google),Android,v2.5.1,Control_A,United Kingdom
usr_005822,2026-07-12,2026-07-12 13:40:27,Influencer Campaign,Web,v3.1.0-web,Variant_B,Canada
usr_005823,2026-08-12,2026-08-12 07:28:14,Paid Search (Google),Android,v2.5.1,Control_A,United States
usr_005824,2026-07-10,2026-07-10 23:42:54,Meta Ads (Instagram),iOS,v2.5.1,Control_A,United Kingdom
usr_005825,2026-07-08,2026-07-08 22:18:15,Referral,Android,v2.5.2,Variant_B,United States
usr_005826,2026-07-19,2026-07-19 04:26:48,Paid Search (Google),iOS,v2.5.1,Control_A,United States
usr_005827,2026-07-10,2026-07-10 23:30:24,Meta Ads (Instagram),iOS,v2.5.2,Variant_B,United States
usr_005828,2026-08-01,2026-08-01 13:23:53,Paid Search (Google),Android,v2.5.2,Control_A,United States
usr_005829,2026-07-01,2026-07-01 12:28:04,Organic Search,Web,v3.1.0-web,Control_A,Canada
usr_005830,2026-06-23,2026-06-23 13:38:36,Meta Ads (Instagram),iOS,v2.5.2,Variant_B,Canada
usr_005831,2026-06-27,2026-06-27 00:00:42,Paid Search (Google),iOS,v2.5.1,Control_A,Germany
usr_005832,2026-06-02,2026-06-02 17:38:39,Meta Ads (Instagram),Android,v2.5.3,Control_A,Germany
usr_005833,2026-08-19,2026-08-19 14:22:20,Paid Search (Google),Android,v2.5.2,Control_A,Germany
usr_005834,2026-08-26,2026-08-26 12:30:48,Organic Search,Android,v2.5.3,Variant_B,United Kingdom
usr_005835,2026-07-13,2026-07-13 08:46:47,Meta Ads (Instagram),iOS,v2.5.3,Variant_B,United Kingdom
usr_005836,2026-06-12,2026-06-12 14:17:17,Organic Search,iOS,v2.5.3,Variant_B,Germany
usr_005837,2026-07-01,2026-07-01 23:26:49,Meta Ads (Instagram),Android,v2.5.3,Control_A,Canada
usr_005838,2026-07-06,2026-07-06 04:59:17,Referral,Android,v2.5.3,Control_A,United States
usr_005839,2026-06-04,2026-06-04 02:22:34,Paid Search (Google),iOS,v2.5.3,Control_A,Germany
usr_005840,2026-07-30,2026-07-30 15:49:49,Referral,Web,v3.1.0-web,Control_A,United Kingdom
usr_005841,2026-08-22,2026-08-22 23:38:06,Organic Search,Android,v2.5.3,Control_A,India
usr_005842,2026-08-05,2026-08-05 11:50:46,Referral,Android,v2.5.1,Variant_B,Germany
usr_005843,2026-07-31,2026-07-31 13:46:22,Referral,Android,v2.5.3,Control_A,United States
usr_005844,2026-07-26,2026-07-26 21:33:20,Meta Ads (Instagram),iOS,v2.5.2,Control_A,Germany
usr_005845,2026-08-09,2026-08-09 00:20:05,Paid Search (Google),iOS,v2.5.1,Variant_B,India
usr_005846,2026-07-16,2026-07-16 02:46:16,Paid Search (Google),Android,v2.5.3,Control_A,Germany
usr_005847,2026-08-04,2026-08-04 12:11:33,Meta Ads (Instagram),iOS,v2.5.3,Control_A,United States
usr_005848,2026-08-11,2026-08-11 09:27:57,Paid Search (Google),Android,v2.5.2,Variant_B,United Kingdom
usr_005849,2026-07-23,2026-07-23 14:07:16,Meta Ads (Instagram),iOS,v2.5.3,Control_A,United States
usr_005850,2026-07-03,2026-07-03 08:21:17,Paid Search (Google),iOS,v2.5.1,Variant_B,Germany
usr_005851,2026-08-06,2026-08-06 05:48:49,Meta Ads (Instagram),Android,v2.5.1,Control_A,United Kingdom
usr_005852,2026-08-12,2026-08-12 13:40:22,Organic Search,Android,v2.5.3,Control_A,Canada
usr_005853,2026-08-05,2026-08-05 10:22:17,Organic Search,iOS,v2.5.2,Variant_B,Germany
usr_005854,2026-08-13,2026-08-13 12:58:45,Influencer Campaign,iOS,v2.5.2,Variant_B,India
usr_005855,2026-08-05,2026-08-05 18:21:02,Influencer Campaign,iOS,v2.5.2,Control_A,Germany
usr_005856,2026-07-05,2026-07-05 23:33:19,Paid Search (Google),Android,v2.5.3,Control_A,United States
usr_005857,2026-07-24,2026-07-24 10:29:58,Paid Search (Google),iOS,v2.5.1,Variant_B,Germany
usr_005858,2026-07-21,2026-07-21 01:35:51,Influencer Campaign,Android,v2.5.3,Control_A,Canada
usr_005859,2026-07-03,2026-07-03 16:29:37,Influencer Campaign,iOS,v2.5.3,Control_A,United Kingdom
usr_005860,2026-07-10,2026-07-10 11:56:55,Organic Search,iOS,v2.5.2,Variant_B,India
usr_005861,2026-08-12,2026-08-12 17:23:38,Influencer Campaign,Android,v2.5.3,Variant_B,Germany
usr_005862,2026-06-23,2026-06-23 12:01:29,Paid Search (Google),iOS,v2.5.2,Variant_B,United Kingdom
usr_005863,2026-08-01,2026-08-01 23:29:46,Influencer Campaign,Android,v2.5.1,Variant_B,United States
usr_005864,2026-08-28,2026-08-28 15:16:54,Meta Ads (Instagram),Android,v2.5.3,Variant_B,India
usr_005865,2026-06-20,2026-06-20 17:44:02,Referral,Android,v2.5.3,Variant_B,United Kingdom
usr_005866,2026-07-16,2026-07-16 22:54:24,Paid Search (Google),Android,v2.5.1,Variant_B,Germany
usr_005867,2026-08-13,2026-08-13 00:45:04,Paid Search (Google),Android,v2.5.2,Variant_B,United States
usr_005868,2026-08-02,2026-08-02 08:19:54,Organic Search,iOS,v2.5.1,Control_A,Germany
usr_005869,2026-08-17,2026-08-17 15:08:19,Meta Ads (Instagram),Android,v2.5.3,Variant_B,Canada
usr_005870,2026-06-12,2026-06-12 13:08:05,Referral,Android,v2.5.1,Variant_B,Germany
usr_005871,2026-07-16,2026-07-16 03:15:26,Organic Search,Web,v3.1.0-web,Control_A,United States
usr_005872,2026-07-07,2026-07-07 05:35:12,Meta Ads (Instagram),Android,v2.5.1,Control_A,India
usr_005873,2026-06-29,2026-06-29 17:29:01,Paid Search (Google),Android,v2.5.3,Variant_B,India
usr_005874,2026-06-24,2026-06-24 00:36:30,Meta Ads (Instagram),iOS,v2.5.3,Variant_B,Canada
usr_005875,2026-06-08,2026-06-08 15:24:01,Meta Ads (Instagram),Android,v2.5.3,Variant_B,United Kingdom
usr_005876,2026-06-08,2026-06-08 12:52:26,Referral,iOS,v2.5.2,Variant_B,United Kingdom
usr_005877,2026-07-12,2026-07-12 21:59:49,Paid Search (Google),iOS,v2.5.1,Variant_B,Germany
usr_005878,2026-07-12,2026-07-12 21:07:56,Paid Search (Google),iOS,v2.5.2,Control_A,Canada
usr_005879,2026-08-13,2026-08-13 06:33:09,Meta Ads (Instagram),iOS,v2.5.3,Variant_B,United States
usr_005880,2026-07-09,2026-07-09 19:09:47,Referral,Android,v2.5.1,Control_A,Germany
usr_005881,2026-08-09,2026-08-09 06:09:31,Organic Search,Android,v2.5.2,Variant_B,Germany
usr_005882,2026-07-09,2026-07-09 03:04:21,Meta Ads (Instagram),iOS,v2.5.1,Variant_B,Canada
usr_005883,2026-08-27,2026-08-27 07:48:19,Meta Ads (Instagram),iOS,v2.5.3,Variant_B,Germany
usr_005884,2026-08-14,2026-08-14 15:00:57,Referral,Android,v2.5.2,Variant_B,Germany
usr_005885,2026-07-15,2026-07-15 06:34:07,Referral,iOS,v2.5.3,Control_A,United Kingdom
usr_005886,2026-08-27,2026-08-27 01:44:27,Organic Search,Android,v2.5.2,Control_A,United States
usr_005887,2026-06-05,2026-06-05 11:11:23,Organic Search,iOS,v2.5.2,Variant_B,Germany
usr_005888,2026-08-23,2026-08-23 11:19:58,Organic Search,iOS,v2.5.3,Variant_B,United Kingdom
usr_005889,2026-06-06,2026-06-06 20:29:14,Paid Search (Google),iOS,v2.5.1,Variant_B,Germany
usr_005890,2026-06-15,2026-06-15 08:01:54,Paid Search (Google),iOS,v2.5.1,Variant_B,United States
usr_005891,2026-08-06,2026-08-06 02:35:43,Paid Search (Google),Android,v2.5.3,Variant_B,Germany
usr_005892,2026-06-21,2026-06-21 00:22:15,Organic Search,Web,v3.1.0-web,Variant_B,United Kingdom
usr_005893,2026-06-29,2026-06-29 12:47:52,Paid Search (Google),Android,v2.5.3,Control_A,India
usr_005894,2026-06-14,2026-06-14 19:00:04,Organic Search,iOS,v2.5.1,Control_A,United States
usr_005895,2026-07-22,2026-07-22 21:19:16,Meta Ads (Instagram),iOS,v2.5.3,Variant_B,Germany
usr_005896,2026-08-16,2026-08-16 10:54:40,Meta Ads (Instagram),Android,v2.5.3,Control_A,United Kingdom
usr_005897,2026-08-12,2026-08-12 06:17:54,Organic Search,iOS,v2.5.1,Control_A,Germany
usr_005898,2026-08-11,2026-08-11 18:32:08,Meta Ads (Instagram),iOS,v2.5.2,Control_A,Canada
usr_005899,2026-06-15,2026-06-15 00:18:16,Meta Ads (Instagram),iOS,v2.5.1,Variant_B,United Kingdom
usr_005900,2026-07-13,2026-07-13 11:46:41,Meta Ads (Instagram),Android,v2.5.1,Control_A,United States
usr_005901,2026-08-06,2026-08-06 15:08:37,Meta Ads (Instagram),Android,v2.5.2,Variant_B,United States
usr_005902,2026-07-11,2026-07-11 16:10:00,Meta Ads (Instagram),iOS,v2.5.2,Variant_B,India
usr_005903,2026-06-26,2026-06-26 12:08:45,Organic Search,iOS,v2.5.1,Variant_B,Canada
usr_005904,2026-06-12,2026-06-12 02:37:11,Referral,Web,v3.1.0-web,Variant_B,Germany
usr_005905,2026-08-07,2026-08-07 13:32:57,Meta Ads (Instagram),iOS,v2.5.1,Control_A,Canada
usr_005906,2026-06-25,2026-06-25 10:27:28,Meta Ads (Instagram),Android,v2.5.2,Control_A,Germany
usr_005907,2026-08-09,2026-08-09 23:59:56,Paid Search (Google),iOS,v2.5.2,Control_A,United Kingdom
usr_005908,2026-08-17,2026-08-17 12:15:49,Meta Ads (Instagram),Android,v2.5.1,Variant_B,United States
usr_005909,2026-06-21,2026-06-21 08:01:52,Meta Ads (Instagram),Android,v2.5.3,Variant_B,Canada
usr_005910,2026-06-23,2026-06-23 04:59:03,Meta Ads (Instagram),Android,v2.5.3,Control_A,Germany
usr_005911,2026-08-24,2026-08-24 19:10:00,Paid Search (Google),iOS,v2.5.1,Control_A,Germany
usr_005912,2026-07-15,2026-07-15 10:12:13,Paid Search (Google),Android,v2.5.3,Control_A,Canada
usr_005913,2026-08-26,2026-08-26 21:56:38,Influencer Campaign,iOS,v2.5.3,Control_A,United States
usr_005914,2026-07-15,2026-07-15 19:15:07,Influencer Campaign,Android,v2.5.2,Control_A,United States
usr_005915,2026-08-22,2026-08-22 05:45:09,Organic Search,iOS,v2.5.2,Control_A,United States
usr_005916,2026-07-14,2026-07-14 00:48:44,Meta Ads (Instagram),Android,v2.5.2,Variant_B,India
usr_005917,2026-08-19,2026-08-19 06:51:19,Meta Ads (Instagram),Android,v2.5.3,Variant_B,United Kingdom
usr_005918,2026-07-29,2026-07-29 08:30:11,Referral,Android,v2.5.1,Control_A,Germany
usr_005919,2026-08-25,2026-08-25 19:11:10,Meta Ads (Instagram),iOS,v2.5.3,Control_A,United States
usr_005920,2026-07-05,2026-07-05 17:41:11,Organic Search,Android,v2.5.3,Variant_B,Germany
usr_005921,2026-06-21,2026-06-21 14:01:16,Paid Search (Google),Android,v2.5.1,Variant_B,United States
usr_005922,2026-07-21,2026-07-21 06:12:35,Paid Search (Google),Android,v2.5.1,Control_A,United States
usr_005923,2026-06-11,2026-06-11 16:03:22,Paid Search (Google),iOS,v2.5.2,Control_A,Germany
usr_005924,2026-08-10,2026-08-10 10:40:29,Paid Search (Google),Android,v2.5.2,Variant_B,United Kingdom
usr_005925,2026-08-22,2026-08-22 16:18:09,Referral,Android,v2.5.2,Control_A,United States
usr_005926,2026-08-19,2026-08-19 19:10:36,Meta Ads (Instagram),Android,v2.5.3,Variant_B,Germany
usr_005927,2026-08-11,2026-08-11 20:03:11,Referral,Android,v2.5.1,Variant_B,India
usr_005928,2026-07-09,2026-07-09 01:48:56,Meta Ads (Instagram),iOS,v2.5.2,Control_A,Germany
usr_005929,2026-08-13,2026-08-13 23:48:37,Meta Ads (Instagram),Android,v2.5.3,Variant_B,United Kingdom
usr_005930,2026-08-08,2026-08-08 04:23:28,Paid Search (Google),iOS,v2.5.2,Variant_B,United States
usr_005931,2026-07-04,2026-07-04 17:47:06,Meta Ads (Instagram),Android,v2.5.1,Variant_B,United States
usr_005932,2026-06-22,2026-06-22 22:34:32,Influencer Campaign,iOS,v2.5.2,Control_A,Canada
usr_005933,2026-06-03,2026-06-03 04:51:46,Paid Search (Google),Android,v2.5.3,Control_A,India
usr_005934,2026-08-24,2026-08-24 23:28:56,Paid Search (Google),iOS,v2.5.2,Control_A,United Kingdom
usr_005935,2026-06-02,2026-06-02 17:54:26,Paid Search (Google),Android,v2.5.1,Variant_B,United Kingdom
usr_005936,2026-08-22,2026-08-22 05:13:30,Meta Ads (Instagram),iOS,v2.5.1,Control_A,India
usr_005937,2026-06-22,2026-06-22 14:18:24,Paid Search (Google),iOS,v2.5.1,Control_A,Germany
usr_005938,2026-08-01,2026-08-01 07:26:56,Meta Ads (Instagram),iOS,v2.5.2,Control_A,India
usr_005939,2026-08-06,2026-08-06 14:41:47,Organic Search,iOS,v2.5.3,Variant_B,United States
usr_005940,2026-06-11,2026-06-11 10:53:57,Organic Search,Android,v2.5.1,Control_A,Canada
usr_005941,2026-06-14,2026-06-14 14:19:10,Paid Search (Google),Android,v2.5.1,Control_A,India
usr_005942,2026-06-11,2026-06-11 23:13:31,Meta Ads (Instagram),iOS,v2.5.1,Control_A,Germany
usr_005943,2026-08-03,2026-08-03 10:58:26,Paid Search (Google),iOS,v2.5.2,Variant_B,Canada
usr_005944,2026-06-07,2026-06-07 17:35:20,Organic Search,iOS,v2.5.1,Control_A,Canada
usr_005945,2026-06-04,2026-06-04 13:11:24,Organic Search,Android,v2.5.2,Variant_B,Germany
usr_005946,2026-08-20,2026-08-20 14:18:13,Organic Search,Android,v2.5.1,Variant_B,Germany
usr_005947,2026-08-01,2026-08-01 17:00:42,Paid Search (Google),iOS,v2.5.2,Control_A,Canada
usr_005948,2026-07-28,2026-07-28 18:17:30,Paid Search (Google),iOS,v2.5.3,Control_A,Germany
usr_005949,2026-07-25,2026-07-25 07:45:47,Organic Search,Web,v3.1.0-web,Variant_B,Canada
usr_005950,2026-06-29,2026-06-29 11:50:55,Paid Search (Google),Android,v2.5.1,Variant_B,India
usr_005951,2026-07-18,2026-07-18 18:19:58,Organic Search,iOS,v2.5.3,Control_A,United States
usr_005952,2026-08-22,2026-08-22 12:23:06,Paid Search (Google),Android,v2.5.3,Control_A,Canada
usr_005953,2026-06-22,2026-06-22 01:53:56,Meta Ads (Instagram),Web,v3.1.0-web,Variant_B,United States
usr_005954,2026-06-04,2026-06-04 04:49:15,Organic Search,Android,v2.5.2,Control_A,India
usr_005955,2026-06-10,2026-06-10 19:57:53,Paid Search (Google),Android,v2.5.2,Variant_B,Germany
usr_005956,2026-06-27,2026-06-27 07:12:01,Paid Search (Google),Android,v2.5.1,Control_A,Germany
usr_005957,2026-08-11,2026-08-11 10:35:39,Paid Search (Google),Android,v2.5.2,Variant_B,United Kingdom
usr_005958,2026-07-27,2026-07-27 18:12:21,Organic Search,Web,v3.1.0-web,Control_A,India
usr_005959,2026-08-17,2026-08-17 07:47:48,Influencer Campaign,iOS,v2.5.1,Control_A,Canada
usr_005960,2026-07-18,2026-07-18 22:00:41,Paid Search (Google),Android,v2.5.2,Control_A,Germany
usr_005961,2026-08-01,2026-08-01 18:26:23,Referral,Android,v2.5.2,Variant_B,Canada
usr_005962,2026-06-01,2026-06-01 18:56:34,Meta Ads (Instagram),Web,v3.1.0-web,Control_A,India
usr_005963,2026-08-11,2026-08-11 14:05:47,Referral,Android,v2.5.2,Variant_B,Canada
usr_005964,2026-07-25,2026-07-25 19:48:03,Organic Search,iOS,v2.5.1,Variant_B,India
usr_005965,2026-07-01,2026-07-01 19:27:29,Paid Search (Google),Android,v2.5.2,Variant_B,United States
usr_005966,2026-07-03,2026-07-03 16:56:42,Meta Ads (Instagram),Android,v2.5.1,Control_A,Canada
usr_005967,2026-06-13,2026-06-13 01:46:20,Referral,iOS,v2.5.1,Variant_B,Canada
usr_005968,2026-08-08,2026-08-08 15:23:54,Referral,iOS,v2.5.3,Variant_B,United Kingdom
usr_005969,2026-08-22,2026-08-22 07:08:51,Paid Search (Google),Android,v2.5.1,Control_A,United States
usr_005970,2026-07-29,2026-07-29 21:45:21,Referral,Android,v2.5.1,Variant_B,Germany
usr_005971,2026-07-17,2026-07-17 23:54:51,Meta Ads (Instagram),iOS,v2.5.2,Variant_B,United States
usr_005972,2026-08-08,2026-08-08 10:51:17,Organic Search,iOS,v2.5.1,Control_A,United States
usr_005973,2026-07-26,2026-07-26 06:40:43,Meta Ads (Instagram),iOS,v2.5.2,Variant_B,Germany
usr_005974,2026-08-29,2026-08-29 09:47:08,Organic Search,iOS,v2.5.3,Control_A,Canada
usr_005975,2026-07-16,2026-07-16 01:03:25,Paid Search (Google),iOS,v2.5.3,Control_A,Canada
usr_005976,2026-06-24,2026-06-24 08:08:16,Meta Ads (Instagram),iOS,v2.5.1,Control_A,Canada
usr_005977,2026-06-19,2026-06-19 19:54:11,Paid Search (Google),iOS,v2.5.3,Variant_B,India
usr_005978,2026-07-06,2026-07-06 15:39:00,Paid Search (Google),Android,v2.5.3,Variant_B,India
usr_005979,2026-08-29,2026-08-29 04:55:56,Referral,iOS,v2.5.1,Control_A,India
usr_005980,2026-08-02,2026-08-02 17:04:12,Influencer Campaign,Android,v2.5.1,Variant_B,Canada
usr_005981,2026-08-02,2026-08-02 07:41:22,Paid Search (Google),iOS,v2.5.2,Control_A,Germany
usr_005982,2026-06-05,2026-06-05 06:52:48,Paid Search (Google),iOS,v2.5.2,Control_A,India
usr_005983,2026-08-08,2026-08-08 06:56:18,Meta Ads (Instagram),Android,v2.5.2,Control_A,Canada
usr_005984,2026-06-15,2026-06-15 04:42:21,Referral,Web,v3.1.0-web,Variant_B,United States
usr_005985,2026-06-20,2026-06-20 12:37:39,Meta Ads (Instagram),Android,v2.5.2,Variant_B,Germany
usr_005986,2026-08-28,2026-08-28 08:52:19,Meta Ads (Instagram),iOS,v2.5.3,Control_A,United Kingdom
usr_005987,2026-06-30,2026-06-30 16:22:08,Paid Search (Google),Web,v3.1.0-web,Control_A,United States
usr_005988,2026-06-29,2026-06-29 06:09:41,Paid Search (Google),Web,v3.1.0-web,Control_A,India
usr_005989,2026-07-22,2026-07-22 20:36:37,Organic Search,iOS,v2.5.2,Variant_B,India
usr_005990,2026-06-13,2026-06-13 02:18:28,Referral,Android,v2.5.1,Control_A,United Kingdom
usr_005991,2026-07-22,2026-07-22 23:48:05,Influencer Campaign,iOS,v2.5.1,Control_A,United States
usr_005992,2026-06-09,2026-06-09 14:15:33,Paid Search (Google),iOS,v2.5.1,Variant_B,United States
usr_005993,2026-06-10,2026-06-10 09:42:32,Meta Ads (Instagram),iOS,v2.5.3,Control_A,Canada
usr_005994,2026-06-05,2026-06-05 14:26:56,Meta Ads (Instagram),Android,v2.5.3,Control_A,United States
usr_005995,2026-07-07,2026-07-07 11:53:53,Meta Ads (Instagram),iOS,v2.5.2,Control_A,Germany
usr_005996,2026-08-26,2026-08-26 13:44:32,Paid Search (Google),Android,v2.5.1,Variant_B,Germany
usr_005997,2026-08-04,2026-08-04 00:52:00,Meta Ads (Instagram),iOS,v2.5.3,Control_A,United Kingdom
usr_005998,2026-08-03,2026-08-03 03:26:54,Paid Search (Google),Web,v3.1.0-web,Variant_B,Canada
usr_005999,2026-06-22,2026-06-22 02:12:03,Meta Ads (Instagram),iOS,v2.5.2,Variant_B,Germany
usr_006000,2026-08-17,2026-08-17 01:30:14,Meta Ads (Instagram),iOS,v2.5.1,Control_A,India
usr_006001,2026-07-04,2026-07-04 06:24:18,Paid Search (Google),Web,v3.1.0-web,Control_A,India
usr_006002,2026-08-25,2026-08-25 07:33:03,Influencer Campaign,iOS,v2.5.3,Variant_B,Germany
usr_006003,2026-06-19,2026-06-19 16:53:41,Meta Ads (Instagram),Android,v2.5.1,Control_A,Canada
usr_006004,2026-08-16,2026-08-16 17:10:24,Paid Search (Google),Android,v2.5.2,Control_A,Canada
usr_006005,2026-07-05,2026-07-05 07:56:44,Meta Ads (Instagram),Web,v3.1.0-web,Variant_B,Germany
usr_006006,2026-06-30,2026-06-30 06:52:52,Meta Ads (Instagram),iOS,v2.5.2,Control_A,United Kingdom
usr_006007,2026-07-20,2026-07-20 12:34:13,Meta Ads (Instagram),Android,v2.5.1,Variant_B,United States
usr_006008,2026-07-01,2026-07-01 02:32:48,Paid Search (Google),iOS,v2.5.3,Control_A,United Kingdom
usr_006009,2026-07-02,2026-07-02 23:27:29,Referral,Web,v3.1.0-web,Control_A,Germany
usr_006010,2026-08-24,2026-08-24 08:46:34,Meta Ads (Instagram),iOS,v2.5.1,Control_A,Canada
usr_006011,2026-08-29,2026-08-29 17:23:20,Meta Ads (Instagram),iOS,v2.5.1,Control_A,Canada
usr_006012,2026-07-31,2026-07-31 09:30:53,Meta Ads (Instagram),Android,v2.5.1,Control_A,India
usr_006013,2026-07-09,2026-07-09 22:03:35,Organic Search,Android,v2.5.1,Control_A,Canada
usr_006014,2026-08-26,2026-08-26 13:12:29,Paid Search (Google),iOS,v2.5.3,Variant_B,Germany
usr_006015,2026-08-10,2026-08-10 04:15:06,Paid Search (Google),Android,v2.5.1,Control_A,Germany
usr_006016,2026-07-04,2026-07-04 01:01:34,Paid Search (Google),Android,v2.5.2,Variant_B,United States
usr_006017,2026-07-23,2026-07-23 09:04:22,Meta Ads (Instagram),iOS,v2.5.1,Control_A,United Kingdom
usr_006018,2026-07-10,2026-07-10 04:52:48,Meta Ads (Instagram),iOS,v2.5.1,Control_A,Germany
usr_006019,2026-08-27,2026-08-27 07:30:39,Meta Ads (Instagram),Android,v2.5.1,Variant_B,India
usr_006020,2026-08-01,2026-08-01 09:06:09,Meta Ads (Instagram),Web,v3.1.0-web,Variant_B,United States
usr_006021,2026-06-16,2026-06-16 21:24:58,Paid Search (Google),Web,v3.1.0-web,Control_A,Germany
usr_006022,2026-08-15,2026-08-15 01:56:34,Referral,Android,v2.5.2,Control_A,United States
usr_006023,2026-07-06,2026-07-06 06:38:55,Meta Ads (Instagram),iOS,v2.5.1,Control_A,United Kingdom
usr_006024,2026-07-12,2026-07-12 15:24:16,Meta Ads (Instagram),Web,v3.1.0-web,Control_A,United States
usr_006025,2026-07-23,2026-07-23 08:55:56,Paid Search (Google),Android,v2.5.1,Variant_B,United Kingdom
usr_006026,2026-07-03,2026-07-03 06:12:21,Paid Search (Google),Android,v2.5.3,Control_A,Canada
usr_006027,2026-08-01,2026-08-01 22:13:05,Meta Ads (Instagram),Android,v2.5.2,Variant_B,United Kingdom
usr_006028,2026-08-07,2026-08-07 11:33:01,Meta Ads (Instagram),Android,v2.5.3,Variant_B,Germany
usr_006029,2026-06-19,2026-06-19 04:52:54,Paid Search (Google),Android,v2.5.2,Control_A,Germany
usr_006030,2026-06-19,2026-06-19 05:03:37,Paid Search (Google),Android,v2.5.1,Control_A,India
usr_006031,2026-08-13,2026-08-13 11:08:40,Paid Search (Google),iOS,v2.5.3,Control_A,India
usr_006032,2026-08-24,2026-08-24 08:14:53,Paid Search (Google),iOS,v2.5.1,Variant_B,Germany
usr_006033,2026-08-18,2026-08-18 18:22:03,Paid Search (Google),Web,v3.1.0-web,Control_A,India
usr_006034,2026-07-27,2026-07-27 10:07:03,Meta Ads (Instagram),iOS,v2.5.3,Control_A,United States
usr_006035,2026-06-20,2026-06-20 20:32:49,Meta Ads (Instagram),Android,v2.5.1,Variant_B,Canada
usr_006036,2026-08-24,2026-08-24 15:18:43,Meta Ads (Instagram),iOS,v2.5.2,Control_A,United Kingdom
usr_006037,2026-07-13,2026-07-13 22:45:58,Meta Ads (Instagram),Android,v2.5.1,Control_A,United Kingdom
usr_006038,2026-06-20,2026-06-20 04:38:37,Paid Search (Google),iOS,v2.5.2,Control_A,India
usr_006039,2026-06-21,2026-06-21 00:38:44,Meta Ads (Instagram),Android,v2.5.3,Control_A,Canada
usr_006040,2026-06-04,2026-06-04 21:06:34,Paid Search (Google),iOS,v2.5.1,Control_A,United States
usr_006041,2026-06-25,2026-06-25 05:38:12,Organic Search,Android,v2.5.2,Variant_B,Canada
usr_006042,2026-06-01,2026-06-01 07:10:25,Meta Ads (Instagram),iOS,v2.5.1,Control_A,United Kingdom
usr_006043,2026-08-10,2026-08-10 17:46:36,Meta Ads (Instagram),Android,v2.5.2,Variant_B,United States
usr_006044,2026-06-28,2026-06-28 15:47:47,Meta Ads (Instagram),Android,v2.5.3,Control_A,India
usr_006045,2026-07-23,2026-07-23 00:12:26,Meta Ads (Instagram),Android,v2.5.2,Variant_B,Canada
usr_006046,2026-07-18,2026-07-18 14:39:14,Meta Ads (Instagram),Web,v3.1.0-web,Control_A,United Kingdom
usr_006047,2026-07-22,2026-07-22 06:39:06,Paid Search (Google),iOS,v2.5.3,Control_A,India
usr_006048,2026-07-01,2026-07-01 21:12:58,Influencer Campaign,iOS,v2.5.1,Variant_B,Canada
usr_006049,2026-07-08,2026-07-08 05:20:37,Paid Search (Google),Android,v2.5.1,Variant_B,United States
usr_006050,2026-07-04,2026-07-04 10:03:24,Referral,Android,v2.5.3,Variant_B,United Kingdom
usr_006051,2026-07-19,2026-07-19 03:08:25,Paid Search (Google),Android,v2.5.3,Variant_B,United Kingdom
usr_006052,2026-07-27,2026-07-27 16:31:59,Organic Search,iOS,v2.5.2,Variant_B,United States
usr_006053,2026-06-16,2026-06-16 22:42:29,Referral,Web,v3.1.0-web,Control_A,United Kingdom
usr_006054,2026-07-29,2026-07-29 06:55:05,Referral,Android,v2.5.2,Control_A,United Kingdom
usr_006055,2026-07-10,2026-07-10 14:00:49,Influencer Campaign,iOS,v2.5.3,Variant_B,Canada
usr_006056,2026-08-12,2026-08-12 13:22:49,Paid Search (Google),Web,v3.1.0-web,Control_A,United States
usr_006057,2026-07-29,2026-07-29 15:49:03,Meta Ads (Instagram),Android,v2.5.3,Variant_B,Canada
usr_006058,2026-07-16,2026-07-16 22:26:47,Paid Search (Google),Android,v2.5.3,Control_A,India
usr_006059,2026-08-20,2026-08-20 13:21:11,Meta Ads (Instagram),Web,v3.1.0-web,Variant_B,United States
usr_006060,2026-06-13,2026-06-13 22:03:49,Referral,Android,v2.5.3,Variant_B,United Kingdom
usr_006061,2026-08-07,2026-08-07 06:26:07,Paid Search (Google),Android,v2.5.3,Control_A,India
usr_006062,2026-08-11,2026-08-11 04:51:15,Paid Search (Google),Android,v2.5.3,Control_A,United States
usr_006063,2026-08-04,2026-08-04 19:27:33,Referral,Android,v2.5.1,Control_A,United States
usr_006064,2026-08-20,2026-08-20 21:38:54,Organic Search,Android,v2.5.1,Control_A,Canada
usr_006065,2026-07-31,2026-07-31 02:28:28,Paid Search (Google),Web,v3.1.0-web,Variant_B,United States
usr_006066,2026-07-29,2026-07-29 07:52:28,Paid Search (Google),Android,v2.5.3,Control_A,United States
usr_006067,2026-08-16,2026-08-16 01:11:26,Meta Ads (Instagram),Web,v3.1.0-web,Control_A,United States
usr_006068,2026-08-27,2026-08-27 09:41:53,Paid Search (Google),iOS,v2.5.1,Control_A,Germany
usr_006069,2026-06-04,2026-06-04 02:32:14,Meta Ads (Instagram),iOS,v2.5.3,Variant_B,United Kingdom
usr_006070,2026-08-12,2026-08-12 04:31:18,Organic Search,Web,v3.1.0-web,Variant_B,United Kingdom
usr_006071,2026-06-24,2026-06-24 23:10:13,Paid Search (Google),Android,v2.5.1,Control_A,United Kingdom
usr_006072,2026-07-18,2026-07-18 01:18:04,Paid Search (Google),iOS,v2.5.2,Variant_B,United States
usr_006073,2026-07-22,2026-07-22 11:51:31,Paid Search (Google),Android,v2.5.3,Variant_B,United States
usr_006074,2026-06-18,2026-06-18 13:40:36,Organic Search,Android,v2.5.1,Control_A,India
usr_006075,2026-08-19,2026-08-19 13:36:59,Paid Search (Google),iOS,v2.5.3,Control_A,Canada
usr_006076,2026-06-30,2026-06-30 11:12:30,Meta Ads (Instagram),iOS,v2.5.3,Control_A,United Kingdom
usr_006077,2026-07-31,2026-07-31 17:29:47,Paid Search (Google),iOS,v2.5.3,Variant_B,Germany
usr_006078,2026-08-15,2026-08-15 21:19:18,Meta Ads (Instagram),Android,v2.5.2,Variant_B,India
usr_006079,2026-07-12,2026-07-12 13:03:00,Organic Search,Android,v2.5.2,Control_A,India
usr_006080,2026-08-28,2026-08-28 16:25:10,Referral,Android,v2.5.2,Control_A,Canada
usr_006081,2026-08-06,2026-08-06 02:09:53,Meta Ads (Instagram),iOS,v2.5.3,Variant_B,United States
usr_006082,2026-07-07,2026-07-07 00:27:04,Meta Ads (Instagram),iOS,v2.5.1,Control_A,Germany
usr_006083,2026-07-02,2026-07-02 16:00:01,Meta Ads (Instagram),Web,v3.1.0-web,Variant_B,Germany
usr_006084,2026-06-22,2026-06-22 10:40:00,Meta Ads (Instagram),iOS,v2.5.2,Control_A,Canada
usr_006085,2026-07-08,2026-07-08 01:34:29,Paid Search (Google),Android,v2.5.3,Control_A,India
usr_006086,2026-07-12,2026-07-12 18:54:36,Referral,iOS,v2.5.2,Variant_B,India
usr_006087,2026-08-04,2026-08-04 17:43:57,Meta Ads (Instagram),Android,v2.5.1,Control_A,United Kingdom
usr_006088,2026-06-27,2026-06-27 02:24:18,Referral,iOS,v2.5.2,Control_A,India
usr_006089,2026-08-01,2026-08-01 08:47:39,Meta Ads (Instagram),iOS,v2.5.3,Control_A,Canada
usr_006090,2026-06-03,2026-06-03 15:35:47,Paid Search (Google),iOS,v2.5.2,Variant_B,Canada
usr_006091,2026-08-26,2026-08-26 11:50:10,Meta Ads (Instagram),Android,v2.5.2,Control_A,India
usr_006092,2026-08-15,2026-08-15 03:57:12,Meta Ads (Instagram),iOS,v2.5.2,Variant_B,United States
usr_006093,2026-07-11,2026-07-11 01:28:04,Meta Ads (Instagram),iOS,v2.5.2,Control_A,Canada
usr_006094,2026-08-28,2026-08-28 11:43:54,Referral,iOS,v2.5.1,Control_A,Canada
usr_006095,2026-07-06,2026-07-06 12:00:28,Meta Ads (Instagram),iOS,v2.5.2,Control_A,India
usr_006096,2026-08-08,2026-08-08 19:24:57,Meta Ads (Instagram),Android,v2.5.1,Control_A,Germany
usr_006097,2026-06-18,2026-06-18 21:24:05,Paid Search (Google),Android,v2.5.3,Control_A,Germany
usr_006098,2026-07-19,2026-07-19 22:18:04,Meta Ads (Instagram),iOS,v2.5.3,Control_A,United Kingdom
usr_006099,2026-06-16,2026-06-16 23:48:40,Organic Search,Web,v3.1.0-web,Control_A,Germany
usr_006100,2026-06-29,2026-06-29 05:01:20,Meta Ads (Instagram),iOS,v2.5.3,Control_A,Germany
usr_006101,2026-07-18,2026-07-18 07:17:59,Referral,iOS,v2.5.3,Variant_B,Germany
usr_006102,2026-06-13,2026-06-13 00:40:38,Organic Search,Android,v2.5.3,Variant_B,United States
usr_006103,2026-06-06,2026-06-06 01:31:12,Paid Search (Google),iOS,v2.5.2,Variant_B,United Kingdom
usr_006104,2026-07-08,2026-07-08 14:12:20,Paid Search (Google),Android,v2.5.2,Control_A,Canada
usr_006105,2026-08-25,2026-08-25 11:21:11,Meta Ads (Instagram),iOS,v2.5.3,Variant_B,India
usr_006106,2026-06-20,2026-06-20 16:36:00,Paid Search (Google),Android,v2.5.2,Variant_B,Germany
usr_006107,2026-06-28,2026-06-28 07:52:36,Paid Search (Google),Web,v3.1.0-web,Control_A,India
usr_006108,2026-06-20,2026-06-20 15:47:30,Organic Search,Android,v2.5.2,Control_A,Germany
usr_006109,2026-07-12,2026-07-12 19:52:03,Organic Search,Android,v2.5.2,Control_A,United Kingdom
usr_006110,2026-06-19,2026-06-19 20:24:09,Referral,Web,v3.1.0-web,Variant_B,United States
usr_006111,2026-06-05,2026-06-05 22:45:20,Meta Ads (Instagram),Android,v2.5.3,Variant_B,Canada
usr_006112,2026-06-20,2026-06-20 01:52:36,Paid Search (Google),Android,v2.5.2,Variant_B,Germany
usr_006113,2026-07-26,2026-07-26 20:53:37,Influencer Campaign,Android,v2.5.1,Variant_B,Canada
usr_006114,2026-07-10,2026-07-10 23:03:49,Referral,iOS,v2.5.2,Control_A,India
usr_006115,2026-07-29,2026-07-29 14:20:21,Influencer Campaign,Android,v2.5.1,Control_A,United Kingdom
usr_006116,2026-07-08,2026-07-08 19:49:36,Referral,iOS,v2.5.3,Control_A,Germany
usr_006117,2026-06-23,2026-06-23 10:59:28,Meta Ads (Instagram),Android,v2.5.3,Control_A,Canada
usr_006118,2026-07-21,2026-07-21 09:11:07,Meta Ads (Instagram),Android,v2.5.3,Variant_B,Germany
usr_006119,2026-07-23,2026-07-23 06:52:27,Paid Search (Google),iOS,v2.5.3,Variant_B,United States
usr_006120,2026-08-20,2026-08-20 19:09:24,Influencer Campaign,iOS,v2.5.3,Control_A,Germany
usr_006121,2026-07-06,2026-07-06 04:34:10,Organic Search,iOS,v2.5.3,Variant_B,Canada
usr_006122,2026-07-02,2026-07-02 06:39:40,Organic Search,iOS,v2.5.3,Control_A,United States
usr_006123,2026-06-02,2026-06-02 19:52:10,Organic Search,Android,v2.5.1,Variant_B,Canada
usr_006124,2026-07-15,2026-07-15 03:26:37,Meta Ads (Instagram),Web,v3.1.0-web,Control_A,United Kingdom
usr_006125,2026-08-07,2026-08-07 08:24:37,Meta Ads (Instagram),iOS,v2.5.1,Control_A,United Kingdom
usr_006126,2026-07-25,2026-07-25 11:13:05,Meta Ads (Instagram),iOS,v2.5.2,Variant_B,Germany
usr_006127,2026-07-08,2026-07-08 22:12:28,Paid Search (Google),Android,v2.5.3,Variant_B,India
usr_006128,2026-07-01,2026-07-01 07:43:00,Organic Search,Android,v2.5.1,Control_A,India
usr_006129,2026-08-19,2026-08-19 10:42:06,Referral,Android,v2.5.1,Variant_B,United Kingdom
usr_006130,2026-07-24,2026-07-24 12:12:29,Organic Search,Android,v2.5.2,Variant_B,India
usr_006131,2026-06-24,2026-06-24 06:53:14,Referral,Android,v2.5.2,Variant_B,Canada
usr_006132,2026-07-31,2026-07-31 14:46:53,Referral,Android,v2.5.1,Variant_B,United States
usr_006133,2026-06-13,2026-06-13 07:06:05,Meta Ads (Instagram),Web,v3.1.0-web,Variant_B,India
usr_006134,2026-07-10,2026-07-10 01:51:30,Organic Search,iOS,v2.5.1,Variant_B,Germany
usr_006135,2026-08-15,2026-08-15 12:37:37,Paid Search (Google),iOS,v2.5.1,Control_A,Canada
usr_006136,2026-08-23,2026-08-23 17:41:40,Meta Ads (Instagram),Android,v2.5.1,Control_A,India
usr_006137,2026-06-20,2026-06-20 06:10:08,Influencer Campaign,iOS,v2.5.2,Variant_B,India
usr_006138,2026-08-16,2026-08-16 05:03:00,Paid Search (Google),Web,v3.1.0-web,Variant_B,India
usr_006139,2026-08-08,2026-08-08 03:28:47,Paid Search (Google),Web,v3.1.0-web,Variant_B,United Kingdom
usr_006140,2026-06-01,2026-06-01 21:31:45,Meta Ads (Instagram),iOS,v2.5.2,Variant_B,India
usr_006141,2026-08-29,2026-08-29 15:49:42,Paid Search (Google),Android,v2.5.1,Control_A,India
usr_006142,2026-06-24,2026-06-24 03:34:54,Meta Ads (Instagram),iOS,v2.5.3,Variant_B,United Kingdom
usr_006143,2026-08-19,2026-08-19 13:30:37,Meta Ads (Instagram),Android,v2.5.2,Variant_B,Canada
usr_006144,2026-06-05,2026-06-05 03:18:12,Organic Search,Android,v2.5.3,Variant_B,India
usr_006145,2026-06-02,2026-06-02 14:13:06,Paid Search (Google),Android,v2.5.1,Variant_B,United Kingdom
usr_006146,2026-08-23,2026-08-23 02:43:46,Referral,Android,v2.5.1,Variant_B,United States
usr_006147,2026-08-10,2026-08-10 08:22:21,Meta Ads (Instagram),iOS,v2.5.1,Variant_B,India
usr_006148,2026-06-06,2026-06-06 01:24:07,Meta Ads (Instagram),iOS,v2.5.2,Variant_B,United States
usr_006149,2026-06-21,2026-06-21 18:07:10,Paid Search (Google),iOS,v2.5.3,Variant_B,Germany
usr_006150,2026-08-27,2026-08-27 06:13:01,Meta Ads (Instagram),Android,v2.5.2,Variant_B,India
usr_006151,2026-08-21,2026-08-21 15:32:39,Organic Search,Android,v2.5.1,Control_A,Canada
usr_006152,2026-06-15,2026-06-15 19:52:07,Meta Ads (Instagram),Android,v2.5.1,Variant_B,Germany
usr_006153,2026-08-24,2026-08-24 14:57:50,Paid Search (Google),Android,v2.5.3,Control_A,Canada
usr_006154,2026-06-06,2026-06-06 00:00:16,Organic Search,Android,v2.5.2,Variant_B,United States
usr_006155,2026-07-22,2026-07-22 13:59:41,Meta Ads (Instagram),Android,v2.5.3,Variant_B,Germany
usr_006156,2026-08-29,2026-08-29 20:56:07,Referral,Android,v2.5.1,Control_A,India
usr_006157,2026-06-23,2026-06-23 01:11:09,Influencer Campaign,Android,v2.5.3,Variant_B,United States
usr_006158,2026-07-31,2026-07-31 21:03:35,Organic Search,iOS,v2.5.3,Variant_B,India
usr_006159,2026-08-14,2026-08-14 05:30:41,Influencer Campaign,iOS,v2.5.2,Variant_B,United Kingdom
usr_006160,2026-08-10,2026-08-10 22:11:55,Influencer Campaign,Android,v2.5.3,Control_A,United Kingdom
usr_006161,2026-08-27,2026-08-27 10:36:33,Meta Ads (Instagram),Android,v2.5.1,Control_A,Germany
usr_006162,2026-08-16,2026-08-16 09:08:09,Meta Ads (Instagram),Android,v2.5.3,Control_A,India
usr_006163,2026-08-11,2026-08-11 13:05:27,Organic Search,Android,v2.5.3,Variant_B,United States
usr_006164,2026-08-21,2026-08-21 17:54:46,Organic Search,iOS,v2.5.1,Variant_B,United States
usr_006165,2026-08-10,2026-08-10 06:14:21,Paid Search (Google),iOS,v2.5.3,Variant_B,India
usr_006166,2026-07-03,2026-07-03 14:44:57,Meta Ads (Instagram),iOS,v2.5.1,Control_A,United Kingdom
usr_006167,2026-07-05,2026-07-05 12:44:20,Organic Search,Android,v2.5.1,Control_A,United Kingdom
usr_006168,2026-08-24,2026-08-24 01:46:33,Referral,Android,v2.5.1,Variant_B,India
usr_006169,2026-08-27,2026-08-27 10:02:17,Paid Search (Google),Android,v2.5.3,Variant_B,India
usr_006170,2026-06-29,2026-06-29 22:30:24,Organic Search,Android,v2.5.3,Variant_B,United Kingdom
usr_006171,2026-07-11,2026-07-11 10:37:08,Meta Ads (Instagram),Android,v2.5.2,Variant_B,United Kingdom
usr_006172,2026-07-18,2026-07-18 19:45:30,Referral,Android,v2.5.1,Control_A,Canada
usr_006173,2026-07-19,2026-07-19 02:56:41,Paid Search (Google),Android,v2.5.3,Variant_B,India
usr_006174,2026-08-23,2026-08-23 12:23:20,Paid Search (Google),Web,v3.1.0-web,Variant_B,Canada
usr_006175,2026-07-14,2026-07-14 13:49:09,Organic Search,Web,v3.1.0-web,Variant_B,United Kingdom
usr_006176,2026-07-09,2026-07-09 18:32:48,Meta Ads (Instagram),Android,v2.5.1,Variant_B,Canada
usr_006177,2026-07-12,2026-07-12 20:30:45,Meta Ads (Instagram),iOS,v2.5.2,Variant_B,Germany
usr_006178,2026-07-10,2026-07-10 09:09:11,Meta Ads (Instagram),iOS,v2.5.3,Control_A,Germany
usr_006179,2026-08-04,2026-08-04 06:35:46,Meta Ads (Instagram),Android,v2.5.1,Variant_B,India
usr_006180,2026-06-24,2026-06-24 23:14:43,Paid Search (Google),iOS,v2.5.2,Control_A,United States
usr_006181,2026-06-26,2026-06-26 20:26:00,Paid Search (Google),iOS,v2.5.3,Control_A,India
usr_006182,2026-06-30,2026-06-30 05:31:42,Meta Ads (Instagram),iOS,v2.5.2,Control_A,India
usr_006183,2026-06-10,2026-06-10 16:41:13,Paid Search (Google),Android,v2.5.1,Control_A,United Kingdom
usr_006184,2026-08-06,2026-08-06 17:59:21,Paid Search (Google),Android,v2.5.3,Control_A,United Kingdom
usr_006185,2026-07-05,2026-07-05 17:47:55,Influencer Campaign,iOS,v2.5.1,Variant_B,Canada
usr_006186,2026-08-09,2026-08-09 13:51:29,Meta Ads (Instagram),Web,v3.1.0-web,Control_A,United Kingdom
usr_006187,2026-07-09,2026-07-09 09:02:17,Paid Search (Google),iOS,v2.5.2,Control_A,United States
usr_006188,2026-08-10,2026-08-10 06:58:42,Paid Search (Google),Web,v3.1.0-web,Variant_B,India
usr_006189,2026-08-29,2026-08-29 16:31:10,Organic Search,Android,v2.5.1,Variant_B,India
usr_006190,2026-07-16,2026-07-16 12:40:14,Paid Search (Google),Android,v2.5.3,Variant_B,Canada
usr_006191,2026-06-29,2026-06-29 09:08:00,Influencer Campaign,Android,v2.5.3,Variant_B,Germany
usr_006192,2026-08-10,2026-08-10 21:00:23,Paid Search (Google),Android,v2.5.1,Control_A,India
usr_006193,2026-08-26,2026-08-26 09:45:22,Referral,iOS,v2.5.1,Control_A,Germany
usr_006194,2026-07-11,2026-07-11 19:24:14,Meta Ads (Instagram),iOS,v2.5.3,Variant_B,India
usr_006195,2026-06-16,2026-06-16 23:41:08,Paid Search (Google),iOS,v2.5.1,Control_A,Canada
usr_006196,2026-07-02,2026-07-02 03:58:28,Meta Ads (Instagram),Android,v2.5.3,Variant_B,United Kingdom
usr_006197,2026-08-26,2026-08-26 22:31:31,Meta Ads (Instagram),iOS,v2.5.2,Control_A,United States
usr_006198,2026-07-12,2026-07-12 12:47:15,Organic Search,iOS,v2.5.3,Control_A,India
usr_006199,2026-07-25,2026-07-25 19:01:01,Meta Ads (Instagram),Android,v2.5.3,Variant_B,United States
usr_006200,2026-08-20,2026-08-20 23:44:23,Paid Search (Google),Android,v2.5.1,Variant_B,Canada
usr_006201,2026-08-07,2026-08-07 15:58:54,Organic Search,Web,v3.1.0-web,Variant_B,Canada
usr_006202,2026-08-19,2026-08-19 00:05:24,Meta Ads (Instagram),iOS,v2.5.1,Variant_B,United States
usr_006203,2026-06-07,2026-06-07 13:55:44,Meta Ads (Instagram),iOS,v2.5.2,Variant_B,Canada
usr_006204,2026-07-06,2026-07-06 09:04:59,Paid Search (Google),Android,v2.5.3,Control_A,United States
usr_006205,2026-07-04,2026-07-04 09:41:11,Meta Ads (Instagram),Android,v2.5.2,Variant_B,Germany
usr_006206,2026-07-22,2026-07-22 16:47:25,Organic Search,iOS,v2.5.2,Control_A,United Kingdom
usr_006207,2026-08-10,2026-08-10 23:39:55,Organic Search,Android,v2.5.1,Variant_B,United States
usr_006208,2026-07-28,2026-07-28 21:25:58,Paid Search (Google),Web,v3.1.0-web,Control_A,Canada
usr_006209,2026-06-26,2026-06-26 09:52:32,Paid Search (Google),Android,v2.5.2,Variant_B,Canada
usr_006210,2026-06-03,2026-06-03 19:57:42,Paid Search (Google),iOS,v2.5.2,Variant_B,India
usr_006211,2026-06-16,2026-06-16 12:27:45,Paid Search (Google),Android,v2.5.2,Control_A,Germany
usr_006212,2026-07-30,2026-07-30 09:35:15,Referral,Android,v2.5.1,Control_A,United States
usr_006213,2026-06-23,2026-06-23 00:18:43,Meta Ads (Instagram),Android,v2.5.3,Control_A,United States
usr_006214,2026-07-28,2026-07-28 11:17:21,Influencer Campaign,Android,v2.5.1,Variant_B,Germany
usr_006215,2026-06-21,2026-06-21 12:56:40,Meta Ads (Instagram),Android,v2.5.2,Variant_B,United Kingdom
usr_006216,2026-06-17,2026-06-17 18:57:54,Organic Search,Web,v3.1.0-web,Control_A,India
usr_006217,2026-07-16,2026-07-16 21:26:24,Paid Search (Google),iOS,v2.5.1,Control_A,Canada
usr_006218,2026-08-11,2026-08-11 13:17:25,Meta Ads (Instagram),Android,v2.5.1,Control_A,Canada
usr_006219,2026-08-22,2026-08-22 02:34:53,Meta Ads (Instagram),Android,v2.5.1,Variant_B,Canada
usr_006220,2026-07-08,2026-07-08 05:43:46,Paid Search (Google),iOS,v2.5.3,Variant_B,India
usr_006221,2026-06-30,2026-06-30 10:47:37,Organic Search,iOS,v2.5.2,Control_A,Germany
usr_006222,2026-07-23,2026-07-23 02:01:43,Referral,iOS,v2.5.3,Variant_B,India
usr_006223,2026-07-28,2026-07-28 14:49:07,Meta Ads (Instagram),Web,v3.1.0-web,Control_A,Germany
usr_006224,2026-08-12,2026-08-12 01:01:09,Paid Search (Google),iOS,v2.5.1,Variant_B,Canada
usr_006225,2026-08-07,2026-08-07 23:17:26,Referral,iOS,v2.5.3,Control_A,Canada
usr_006226,2026-07-08,2026-07-08 15:41:20,Meta Ads (Instagram),iOS,v2.5.2,Control_A,United States
usr_006227,2026-06-29,2026-06-29 11:12:16,Referral,Android,v2.5.3,Variant_B,India
usr_006228,2026-07-07,2026-07-07 16:09:25,Referral,Web,v3.1.0-web,Control_A,Germany
usr_006229,2026-08-23,2026-08-23 16:56:43,Meta Ads (Instagram),Android,v2.5.3,Variant_B,United Kingdom
usr_006230,2026-07-24,2026-07-24 04:28:01,Meta Ads (Instagram),iOS,v2.5.3,Variant_B,Germany
usr_006231,2026-06-24,2026-06-24 13:28:06,Referral,iOS,v2.5.1,Control_A,India
usr_006232,2026-08-08,2026-08-08 11:59:49,Organic Search,Android,v2.5.1,Variant_B,Canada
usr_006233,2026-07-20,2026-07-20 09:14:19,Paid Search (Google),iOS,v2.5.2,Variant_B,Canada
usr_006234,2026-07-05,2026-07-05 06:15:55,Meta Ads (Instagram),Web,v3.1.0-web,Variant_B,Canada
usr_006235,2026-07-20,2026-07-20 11:49:48,Meta Ads (Instagram),iOS,v2.5.3,Variant_B,Germany
usr_006236,2026-06-04,2026-06-04 12:45:28,Meta Ads (Instagram),Web,v3.1.0-web,Control_A,United States
usr_006237,2026-07-06,2026-07-06 02:40:55,Meta Ads (Instagram),iOS,v2.5.3,Control_A,United States
usr_006238,2026-07-30,2026-07-30 23:01:49,Meta Ads (Instagram),Android,v2.5.3,Variant_B,Canada
usr_006239,2026-07-21,2026-07-21 02:53:15,Organic Search,Android,v2.5.2,Variant_B,Canada
usr_006240,2026-08-18,2026-08-18 00:09:09,Meta Ads (Instagram),Android,v2.5.3,Variant_B,Canada
usr_006241,2026-06-21,2026-06-21 18:31:47,Meta Ads (Instagram),iOS,v2.5.1,Control_A,Germany
usr_006242,2026-08-17,2026-08-17 01:46:25,Referral,Android,v2.5.2,Control_A,United States
usr_006243,2026-06-16,2026-06-16 03:24:15,Paid Search (Google),Android,v2.5.3,Variant_B,United States
usr_006244,2026-08-19,2026-08-19 12:40:58,Influencer Campaign,Android,v2.5.1,Variant_B,India
usr_006245,2026-06-14,2026-06-14 18:00:10,Meta Ads (Instagram),iOS,v2.5.2,Variant_B,United Kingdom
usr_006246,2026-08-26,2026-08-26 10:12:40,Paid Search (Google),iOS,v2.5.3,Variant_B,Canada
usr_006247,2026-07-04,2026-07-04 23:18:08,Referral,Android,v2.5.2,Control_A,United Kingdom
usr_006248,2026-06-19,2026-06-19 21:06:19,Meta Ads (Instagram),Android,v2.5.1,Control_A,Canada
usr_006249,2026-06-08,2026-06-08 23:06:41,Organic Search,iOS,v2.5.3,Control_A,India
usr_006250,2026-08-16,2026-08-16 05:54:47,Meta Ads (Instagram),Android,v2.5.3,Variant_B,Canada
usr_006251,2026-08-20,2026-08-20 00:58:45,Paid Search (Google),iOS,v2.5.1,Control_A,Canada
usr_006252,2026-07-11,2026-07-11 14:20:04,Paid Search (Google),Android,v2.5.1,Variant_B,Canada
usr_006253,2026-07-24,2026-07-24 16:13:24,Meta Ads (Instagram),iOS,v2.5.3,Variant_B,United States
usr_006254,2026-07-24,2026-07-24 09:50:48,Paid Search (Google),Android,v2.5.2,Control_A,India
usr_006255,2026-07-30,2026-07-30 07:28:26,Paid Search (Google),Android,v2.5.1,Control_A,United Kingdom
usr_006256,2026-06-05,2026-06-05 18:48:42,Paid Search (Google),Android,v2.5.2,Control_A,India
usr_006257,2026-07-18,2026-07-18 11:42:12,Referral,iOS,v2.5.2,Variant_B,Germany
usr_006258,2026-08-17,2026-08-17 15:01:10,Organic Search,Android,v2.5.3,Variant_B,United Kingdom
usr_006259,2026-06-20,2026-06-20 03:10:47,Meta Ads (Instagram),iOS,v2.5.2,Variant_B,United States
usr_006260,2026-07-01,2026-07-01 21:51:38,Meta Ads (Instagram),Android,v2.5.3,Variant_B,Germany
usr_006261,2026-08-01,2026-08-01 11:24:44,Influencer Campaign,iOS,v2.5.2,Control_A,Canada
usr_006262,2026-07-04,2026-07-04 21:05:48,Referral,Web,v3.1.0-web,Variant_B,India
usr_006263,2026-08-29,2026-08-29 01:43:15,Referral,iOS,v2.5.1,Variant_B,United States
usr_006264,2026-08-05,2026-08-05 01:13:26,Paid Search (Google),Android,v2.5.3,Control_A,United States
usr_006265,2026-06-10,2026-06-10 03:28:12,Meta Ads (Instagram),Android,v2.5.3,Control_A,Germany
usr_006266,2026-08-21,2026-08-21 22:31:57,Referral,Web,v3.1.0-web,Variant_B,United Kingdom
usr_006267,2026-08-16,2026-08-16 03:38:51,Organic Search,Android,v2.5.1,Variant_B,United States
usr_006268,2026-07-13,2026-07-13 02:19:48,Organic Search,Android,v2.5.3,Variant_B,Germany
usr_006269,2026-07-18,2026-07-18 22:47:47,Paid Search (Google),Android,v2.5.3,Variant_B,India
usr_006270,2026-08-09,2026-08-09 15:45:11,Meta Ads (Instagram),iOS,v2.5.1,Control_A,Canada
usr_006271,2026-07-12,2026-07-12 06:28:51,Paid Search (Google),Android,v2.5.1,Variant_B,Germany
usr_006272,2026-08-12,2026-08-12 04:15:40,Referral,Android,v2.5.3,Control_A,Germany
usr_006273,2026-07-31,2026-07-31 01:39:17,Meta Ads (Instagram),iOS,v2.5.1,Control_A,United States
usr_006274,2026-07-07,2026-07-07 06:51:41,Organic Search,Android,v2.5.2,Control_A,United Kingdom
usr_006275,2026-07-08,2026-07-08 16:30:20,Organic Search,iOS,v2.5.2,Variant_B,Canada
usr_006276,2026-08-25,2026-08-25 02:48:36,Meta Ads (Instagram),iOS,v2.5.3,Control_A,India
usr_006277,2026-06-04,2026-06-04 03:04:41,Organic Search,Android,v2.5.1,Variant_B,United Kingdom
usr_006278,2026-08-24,2026-08-24 02:30:01,Meta Ads (Instagram),iOS,v2.5.2,Variant_B,Canada
usr_006279,2026-07-04,2026-07-04 07:22:00,Organic Search,Android,v2.5.1,Control_A,United States
usr_006280,2026-06-29,2026-06-29 19:02:05,Influencer Campaign,Android,v2.5.3,Variant_B,United States
usr_006281,2026-07-14,2026-07-14 17:52:21,Meta Ads (Instagram),Web,v3.1.0-web,Control_A,Canada
usr_006282,2026-08-08,2026-08-08 03:55:57,Meta Ads (Instagram),Android,v2.5.3,Control_A,India
usr_006283,2026-06-11,2026-06-11 23:02:24,Organic Search,iOS,v2.5.3,Variant_B,United States
usr_006284,2026-08-21,2026-08-21 11:51:11,Meta Ads (Instagram),Android,v2.5.2,Variant_B,United States
usr_006285,2026-08-14,2026-08-14 21:01:18,Paid Search (Google),iOS,v2.5.1,Variant_B,Germany
usr_006286,2026-06-17,2026-06-17 05:05:46,Meta Ads (Instagram),Android,v2.5.2,Control_A,Germany
usr_006287,2026-07-13,2026-07-13 16:41:09,Meta Ads (Instagram),Android,v2.5.1,Control_A,Canada
usr_006288,2026-08-07,2026-08-07 13:51:47,Meta Ads (Instagram),iOS,v2.5.3,Variant_B,United States
usr_006289,2026-07-03,2026-07-03 19:34:10,Meta Ads (Instagram),Android,v2.5.2,Variant_B,Canada
usr_006290,2026-08-22,2026-08-22 03:08:46,Organic Search,Android,v2.5.1,Control_A,Germany
usr_006291,2026-07-08,2026-07-08 15:42:37,Meta Ads (Instagram),Android,v2.5.1,Control_A,Germany
usr_006292,2026-06-13,2026-06-13 09:52:22,Referral,iOS,v2.5.3,Control_A,India
usr_006293,2026-07-02,2026-07-02 07:25:26,Organic Search,iOS,v2.5.2,Control_A,Germany
usr_006294,2026-07-16,2026-07-16 23:54:41,Paid Search (Google),Android,v2.5.3,Control_A,India
usr_006295,2026-07-07,2026-07-07 17:31:14,Influencer Campaign,iOS,v2.5.1,Control_A,United States
usr_006296,2026-08-18,2026-08-18 12:14:39,Referral,Android,v2.5.3,Variant_B,Germany
usr_006297,2026-07-08,2026-07-08 23:03:01,Influencer Campaign,Android,v2.5.2,Variant_B,United Kingdom
usr_006298,2026-06-06,2026-06-06 10:48:41,Paid Search (Google),Android,v2.5.1,Variant_B,United Kingdom
usr_006299,2026-08-09,2026-08-09 02:21:33,Meta Ads (Instagram),Android,v2.5.2,Variant_B,United Kingdom
usr_006300,2026-08-02,2026-08-02 20:09:27,Referral,iOS,v2.5.1,Control_A,United Kingdom
usr_006301,2026-06-14,2026-06-14 09:43:21,Referral,Android,v2.5.2,Control_A,Germany
usr_006302,2026-06-28,2026-06-28 04:02:50,Paid Search (Google),Android,v2.5.3,Control_A,Canada
usr_006303,2026-07-15,2026-07-15 20:47:52,Paid Search (Google),Android,v2.5.2,Variant_B,Germany
usr_006304,2026-06-24,2026-06-24 14:36:06,Paid Search (Google),Android,v2.5.3,Control_A,United States
usr_006305,2026-08-05,2026-08-05 10:15:08,Meta Ads (Instagram),Web,v3.1.0-web,Control_A,India
usr_006306,2026-07-22,2026-07-22 12:51:28,Referral,Android,v2.5.3,Variant_B,Germany
usr_006307,2026-07-26,2026-07-26 16:16:54,Paid Search (Google),iOS,v2.5.1,Control_A,United States
usr_006308,2026-07-25,2026-07-25 08:12:49,Meta Ads (Instagram),Web,v3.1.0-web,Control_A,United States
usr_006309,2026-06-25,2026-06-25 16:30:21,Organic Search,iOS,v2.5.2,Control_A,Canada
usr_006310,2026-06-07,2026-06-07 20:23:21,Meta Ads (Instagram),iOS,v2.5.1,Variant_B,India
usr_006311,2026-06-19,2026-06-19 20:15:13,Organic Search,Android,v2.5.3,Variant_B,India
usr_006312,2026-08-16,2026-08-16 01:45:30,Influencer Campaign,Android,v2.5.3,Control_A,United States
usr_006313,2026-07-10,2026-07-10 11:53:52,Organic Search,iOS,v2.5.3,Variant_B,India
usr_006314,2026-08-26,2026-08-26 19:27:29,Meta Ads (Instagram),Android,v2.5.2,Variant_B,India
usr_006315,2026-08-14,2026-08-14 00:00:23,Paid Search (Google),iOS,v2.5.2,Variant_B,United States
usr_006316,2026-08-21,2026-08-21 13:54:08,Paid Search (Google),Web,v3.1.0-web,Variant_B,Canada
usr_006317,2026-06-06,2026-06-06 12:20:13,Paid Search (Google),Android,v2.5.3,Variant_B,Germany
usr_006318,2026-06-12,2026-06-12 21:21:00,Paid Search (Google),iOS,v2.5.1,Variant_B,Germany
usr_006319,2026-06-14,2026-06-14 01:03:53,Meta Ads (Instagram),Android,v2.5.3,Control_A,Germany
usr_006320,2026-06-10,2026-06-10 09:48:17,Paid Search (Google),iOS,v2.5.1,Control_A,United States
usr_006321,2026-07-06,2026-07-06 03:14:38,Meta Ads (Instagram),iOS,v2.5.3,Variant_B,United Kingdom
usr_006322,2026-07-12,2026-07-12 04:26:41,Organic Search,Android,v2.5.2,Variant_B,Canada
usr_006323,2026-07-31,2026-07-31 04:23:56,Paid Search (Google),Android,v2.5.2,Variant_B,United Kingdom
usr_006324,2026-06-01,2026-06-01 20:23:39,Organic Search,Android,v2.5.3,Variant_B,Canada
usr_006325,2026-08-07,2026-08-07 12:03:27,Meta Ads (Instagram),Android,v2.5.3,Control_A,India
usr_006326,2026-07-14,2026-07-14 09:41:31,Organic Search,iOS,v2.5.3,Variant_B,United States
usr_006327,2026-08-06,2026-08-06 10:44:09,Meta Ads (Instagram),Android,v2.5.1,Variant_B,Germany
usr_006328,2026-06-17,2026-06-17 19:29:12,Influencer Campaign,iOS,v2.5.2,Variant_B,India
usr_006329,2026-08-01,2026-08-01 05:03:55,Meta Ads (Instagram),Android,v2.5.3,Variant_B,United Kingdom
usr_006330,2026-08-04,2026-08-04 11:04:41,Organic Search,Android,v2.5.1,Control_A,India
usr_006331,2026-08-26,2026-08-26 14:20:55,Meta Ads (Instagram),Android,v2.5.2,Variant_B,United Kingdom
usr_006332,2026-08-13,2026-08-13 06:27:48,Influencer Campaign,Web,v3.1.0-web,Control_A,India
usr_006333,2026-07-10,2026-07-10 23:48:18,Organic Search,Android,v2.5.1,Variant_B,United Kingdom
usr_006334,2026-06-27,2026-06-27 17:29:06,Paid Search (Google),Android,v2.5.3,Variant_B,Canada
usr_006335,2026-06-17,2026-06-17 22:45:55,Organic Search,Android,v2.5.2,Control_A,Germany
usr_006336,2026-08-03,2026-08-03 00:54:32,Meta Ads (Instagram),Android,v2.5.2,Variant_B,India
usr_006337,2026-06-19,2026-06-19 01:16:12,Meta Ads (Instagram),Android,v2.5.3,Control_A,Germany
usr_006338,2026-06-13,2026-06-13 10:21:14,Paid Search (Google),Android,v2.5.1,Variant_B,United Kingdom
usr_006339,2026-07-17,2026-07-17 12:15:31,Organic Search,Android,v2.5.2,Control_A,Canada
usr_006340,2026-07-21,2026-07-21 18:37:11,Organic Search,iOS,v2.5.3,Variant_B,United Kingdom
usr_006341,2026-07-01,2026-07-01 23:49:29,Meta Ads (Instagram),iOS,v2.5.2,Control_A,United States
usr_006342,2026-07-24,2026-07-24 11:29:37,Meta Ads (Instagram),Android,v2.5.3,Variant_B,United States
usr_006343,2026-08-25,2026-08-25 16:16:05,Organic Search,iOS,v2.5.2,Control_A,India
usr_006344,2026-06-27,2026-06-27 22:44:31,Paid Search (Google),iOS,v2.5.3,Variant_B,Germany
usr_006345,2026-07-27,2026-07-27 00:22:36,Meta Ads (Instagram),Android,v2.5.1,Variant_B,United States
usr_006346,2026-06-15,2026-06-15 22:32:19,Paid Search (Google),iOS,v2.5.3,Variant_B,United States
usr_006347,2026-06-16,2026-06-16 05:11:10,Referral,iOS,v2.5.2,Control_A,United Kingdom
usr_006348,2026-06-28,2026-06-28 01:01:41,Referral,Android,v2.5.2,Control_A,Germany
usr_006349,2026-08-05,2026-08-05 08:30:52,Influencer Campaign,Web,v3.1.0-web,Variant_B,United Kingdom
usr_006350,2026-06-29,2026-06-29 18:58:35,Influencer Campaign,iOS,v2.5.2,Variant_B,Canada
usr_006351,2026-08-07,2026-08-07 15:27:08,Paid Search (Google),Android,v2.5.1,Variant_B,Germany
usr_006352,2026-08-09,2026-08-09 00:27:07,Meta Ads (Instagram),iOS,v2.5.1,Variant_B,United States
usr_006353,2026-07-18,2026-07-18 13:17:16,Meta Ads (Instagram),iOS,v2.5.2,Variant_B,United Kingdom
usr_006354,2026-06-08,2026-06-08 20:22:16,Paid Search (Google),Web,v3.1.0-web,Control_A,United Kingdom
usr_006355,2026-08-14,2026-08-14 18:43:12,Meta Ads (Instagram),Android,v2.5.3,Control_A,United States
usr_006356,2026-07-26,2026-07-26 23:11:27,Meta Ads (Instagram),Android,v2.5.3,Variant_B,United States
usr_006357,2026-06-16,2026-06-16 08:28:24,Referral,iOS,v2.5.3,Variant_B,United States
usr_006358,2026-06-08,2026-06-08 10:30:32,Paid Search (Google),Web,v3.1.0-web,Variant_B,United States
usr_006359,2026-07-05,2026-07-05 05:47:27,Meta Ads (Instagram),Android,v2.5.1,Control_A,Germany
usr_006360,2026-07-11,2026-07-11 08:07:57,Paid Search (Google),Android,v2.5.2,Control_A,Canada
usr_006361,2026-08-11,2026-08-11 00:25:51,Meta Ads (Instagram),Android,v2.5.2,Control_A,Germany
usr_006362,2026-08-02,2026-08-02 16:04:29,Meta Ads (Instagram),iOS,v2.5.1,Control_A,Canada
usr_006363,2026-08-29,2026-08-29 14:00:59,Meta Ads (Instagram),Android,v2.5.3,Control_A,Canada
usr_006364,2026-07-22,2026-07-22 01:39:04,Meta Ads (Instagram),Android,v2.5.3,Control_A,Germany
usr_006365,2026-07-23,2026-07-23 12:11:31,Meta Ads (Instagram),iOS,v2.5.2,Control_A,India
usr_006366,2026-08-19,2026-08-19 23:07:29,Referral,Android,v2.5.2,Control_A,Germany
usr_006367,2026-08-10,2026-08-10 19:39:05,Influencer Campaign,iOS,v2.5.2,Variant_B,India
usr_006368,2026-06-16,2026-06-16 14:39:55,Organic Search,Android,v2.5.3,Variant_B,United Kingdom
usr_006369,2026-07-24,2026-07-24 11:31:13,Paid Search (Google),Web,v3.1.0-web,Variant_B,United States
usr_006370,2026-06-28,2026-06-28 11:05:12,Meta Ads (Instagram),iOS,v2.5.2,Control_A,Germany
usr_006371,2026-07-05,2026-07-05 03:29:35,Paid Search (Google),iOS,v2.5.1,Control_A,India
usr_006372,2026-08-13,2026-08-13 17:56:10,Meta Ads (Instagram),iOS,v2.5.1,Variant_B,Germany
usr_006373,2026-06-02,2026-06-02 07:33:18,Organic Search,Android,v2.5.3,Control_A,United States
usr_006374,2026-08-04,2026-08-04 02:53:07,Meta Ads (Instagram),iOS,v2.5.3,Variant_B,Canada
usr_006375,2026-06-04,2026-06-04 22:08:35,Meta Ads (Instagram),iOS,v2.5.1,Control_A,India
usr_006376,2026-06-11,2026-06-11 02:24:25,Referral,Android,v2.5.2,Variant_B,United States
usr_006377,2026-07-04,2026-07-04 01:24:20,Organic Search,Web,v3.1.0-web,Variant_B,United Kingdom
usr_006378,2026-07-04,2026-07-04 10:42:37,Meta Ads (Instagram),Android,v2.5.2,Control_A,India
usr_006379,2026-08-21,2026-08-21 20:25:02,Organic Search,Android,v2.5.2,Variant_B,Canada
usr_006380,2026-06-30,2026-06-30 18:18:11,Paid Search (Google),iOS,v2.5.2,Variant_B,United Kingdom
usr_006381,2026-07-24,2026-07-24 05:41:11,Meta Ads (Instagram),iOS,v2.5.3,Control_A,Canada
usr_006382,2026-07-06,2026-07-06 13:46:47,Meta Ads (Instagram),Android,v2.5.2,Variant_B,Canada
usr_006383,2026-06-10,2026-06-10 23:34:53,Organic Search,Android,v2.5.1,Variant_B,Germany
usr_006384,2026-06-23,2026-06-23 04:01:04,Meta Ads (Instagram),iOS,v2.5.3,Variant_B,Canada
usr_006385,2026-07-23,2026-07-23 17:41:32,Meta Ads (Instagram),Android,v2.5.2,Control_A,India
usr_006386,2026-08-26,2026-08-26 12:45:53,Paid Search (Google),iOS,v2.5.3,Control_A,United Kingdom
usr_006387,2026-08-20,2026-08-20 16:27:16,Meta Ads (Instagram),iOS,v2.5.3,Control_A,United States
usr_006388,2026-07-30,2026-07-30 07:31:00,Influencer Campaign,Android,v2.5.2,Control_A,Germany
usr_006389,2026-08-26,2026-08-26 13:39:09,Paid Search (Google),iOS,v2.5.1,Control_A,United States
usr_006390,2026-06-17,2026-06-17 08:36:07,Meta Ads (Instagram),iOS,v2.5.1,Variant_B,United States
usr_006391,2026-06-29,2026-06-29 07:31:12,Organic Search,iOS,v2.5.1,Variant_B,Germany
usr_006392,2026-08-14,2026-08-14 22:35:33,Meta Ads (Instagram),iOS,v2.5.1,Control_A,Germany
usr_006393,2026-08-22,2026-08-22 17:17:56,Meta Ads (Instagram),Android,v2.5.2,Variant_B,United States
usr_006394,2026-07-24,2026-07-24 12:12:57,Referral,Web,v3.1.0-web,Control_A,India
usr_006395,2026-08-06,2026-08-06 06:44:57,Referral,Web,v3.1.0-web,Variant_B,United Kingdom
usr_006396,2026-06-20,2026-06-20 02:33:37,Meta Ads (Instagram),Android,v2.5.1,Control_A,Canada
usr_006397,2026-06-25,2026-06-25 05:49:22,Meta Ads (Instagram),Android,v2.5.3,Variant_B,Canada
usr_006398,2026-07-27,2026-07-27 07:43:52,Meta Ads (Instagram),iOS,v2.5.2,Variant_B,Canada
usr_006399,2026-08-10,2026-08-10 06:58:06,Organic Search,iOS,v2.5.2,Control_A,United States
usr_006400,2026-08-11,2026-08-11 03:02:31,Paid Search (Google),Android,v2.5.1,Variant_B,Canada
usr_006401,2026-06-24,2026-06-24 22:40:54,Referral,Android,v2.5.1,Control_A,India
usr_006402,2026-08-18,2026-08-18 08:58:56,Meta Ads (Instagram),Android,v2.5.1,Control_A,Germany
usr_006403,2026-07-31,2026-07-31 03:25:06,Meta Ads (Instagram),Android,v2.5.2,Control_A,Canada
usr_006404,2026-08-03,2026-08-03 02:49:37,Paid Search (Google),iOS,v2.5.3,Control_A,United States
usr_006405,2026-06-11,2026-06-11 21:23:52,Meta Ads (Instagram),iOS,v2.5.2,Control_A,Canada
usr_006406,2026-06-08,2026-06-08 20:58:55,Meta Ads (Instagram),Android,v2.5.1,Variant_B,United Kingdom
usr_006407,2026-06-30,2026-06-30 03:55:37,Paid Search (Google),iOS,v2.5.2,Control_A,India
usr_006408,2026-07-11,2026-07-11 05:47:24,Meta Ads (Instagram),Web,v3.1.0-web,Control_A,United States
usr_006409,2026-07-06,2026-07-06 10:47:05,Influencer Campaign,iOS,v2.5.2,Control_A,India
usr_006410,2026-06-21,2026-06-21 17:47:52,Organic Search,Android,v2.5.3,Control_A,United Kingdom
usr_006411,2026-06-05,2026-06-05 02:29:18,Paid Search (Google),iOS,v2.5.3,Control_A,Germany
usr_006412,2026-06-21,2026-06-21 20:40:45,Meta Ads (Instagram),iOS,v2.5.1,Variant_B,Germany
usr_006413,2026-08-17,2026-08-17 07:22:30,Paid Search (Google),Android,v2.5.1,Variant_B,Canada
usr_006414,2026-07-20,2026-07-20 07:49:54,Referral,Android,v2.5.2,Variant_B,United States
usr_006415,2026-07-31,2026-07-31 02:51:18,Paid Search (Google),iOS,v2.5.3,Control_A,United Kingdom
usr_006416,2026-07-23,2026-07-23 11:41:58,Referral,iOS,v2.5.2,Control_A,Germany
usr_006417,2026-06-14,2026-06-14 13:42:16,Meta Ads (Instagram),Android,v2.5.3,Control_A,Germany
usr_006418,2026-06-15,2026-06-15 07:57:25,Meta Ads (Instagram),Android,v2.5.3,Control_A,Canada
usr_006419,2026-08-26,2026-08-26 13:56:43,Referral,Android,v2.5.3,Variant_B,United States
usr_006420,2026-08-25,2026-08-25 13:31:00,Paid Search (Google),iOS,v2.5.2,Control_A,India
usr_006421,2026-06-29,2026-06-29 09:04:51,Paid Search (Google),Android,v2.5.3,Variant_B,Germany
usr_006422,2026-07-21,2026-07-21 03:15:31,Meta Ads (Instagram),Android,v2.5.1,Variant_B,United Kingdom
usr_006423,2026-08-21,2026-08-21 10:42:37,Paid Search (Google),Android,v2.5.3,Variant_B,United Kingdom
usr_006424,2026-07-09,2026-07-09 03:56:06,Meta Ads (Instagram),iOS,v2.5.3,Control_A,Germany
usr_006425,2026-07-28,2026-07-28 02:06:42,Meta Ads (Instagram),Android,v2.5.1,Control_A,United Kingdom
usr_006426,2026-08-18,2026-08-18 10:23:05,Referral,iOS,v2.5.2,Variant_B,Germany
usr_006427,2026-07-27,2026-07-27 16:49:47,Influencer Campaign,iOS,v2.5.2,Control_A,India
usr_006428,2026-06-04,2026-06-04 11:08:26,Organic Search,iOS,v2.5.2,Control_A,United Kingdom
usr_006429,2026-07-04,2026-07-04 04:25:22,Paid Search (Google),Android,v2.5.3,Control_A,United Kingdom
usr_006430,2026-06-18,2026-06-18 07:16:06,Organic Search,iOS,v2.5.3,Control_A,Canada
usr_006431,2026-06-15,2026-06-15 20:07:34,Meta Ads (Instagram),iOS,v2.5.3,Control_A,Canada
usr_006432,2026-07-09,2026-07-09 10:44:40,Organic Search,Android,v2.5.2,Control_A,India
usr_006433,2026-07-20,2026-07-20 05:09:24,Meta Ads (Instagram),Web,v3.1.0-web,Control_A,United Kingdom
usr_006434,2026-08-26,2026-08-26 01:55:44,Organic Search,iOS,v2.5.2,Variant_B,India
usr_006435,2026-07-27,2026-07-27 07:47:07,Organic Search,Android,v2.5.2,Variant_B,India
usr_006436,2026-07-23,2026-07-23 17:31:40,Referral,iOS,v2.5.3,Control_A,India
usr_006437,2026-08-26,2026-08-26 15:45:45,Meta Ads (Instagram),iOS,v2.5.2,Variant_B,Germany
usr_006438,2026-06-13,2026-06-13 22:47:48,Meta Ads (Instagram),iOS,v2.5.2,Variant_B,United States
usr_006439,2026-06-19,2026-06-19 04:49:51,Organic Search,iOS,v2.5.3,Control_A,India
usr_006440,2026-08-21,2026-08-21 06:13:13,Meta Ads (Instagram),Android,v2.5.1,Variant_B,India
usr_006441,2026-07-17,2026-07-17 20:10:16,Paid Search (Google),Web,v3.1.0-web,Control_A,India
usr_006442,2026-08-12,2026-08-12 11:46:30,Organic Search,Android,v2.5.1,Variant_B,United Kingdom
usr_006443,2026-06-01,2026-06-01 10:06:55,Meta Ads (Instagram),Web,v3.1.0-web,Variant_B,India
usr_006444,2026-08-04,2026-08-04 11:41:54,Influencer Campaign,Android,v2.5.2,Variant_B,United Kingdom
usr_006445,2026-08-17,2026-08-17 22:53:55,Organic Search,iOS,v2.5.2,Control_A,Germany
usr_006446,2026-06-29,2026-06-29 14:48:07,Meta Ads (Instagram),Android,v2.5.2,Control_A,United Kingdom
usr_006447,2026-08-19,2026-08-19 10:22:25,Referral,Android,v2.5.1,Variant_B,United Kingdom
usr_006448,2026-08-11,2026-08-11 09:51:08,Meta Ads (Instagram),iOS,v2.5.2,Control_A,United States
usr_006449,2026-08-07,2026-08-07 14:18:34,Organic Search,iOS,v2.5.1,Variant_B,United States
usr_006450,2026-07-09,2026-07-09 14:27:32,Meta Ads (Instagram),Android,v2.5.3,Variant_B,India
usr_006451,2026-06-06,2026-06-06 10:00:29,Referral,Web,v3.1.0-web,Control_A,United Kingdom
usr_006452,2026-08-25,2026-08-25 23:10:18,Meta Ads (Instagram),iOS,v2.5.2,Control_A,Germany
usr_006453,2026-08-21,2026-08-21 03:18:40,Referral,Android,v2.5.1,Control_A,Canada
usr_006454,2026-06-16,2026-06-16 00:14:04,Paid Search (Google),Android,v2.5.3,Control_A,India
usr_006455,2026-08-27,2026-08-27 03:14:41,Paid Search (Google),Android,v2.5.1,Variant_B,India
usr_006456,2026-07-12,2026-07-12 20:24:49,Referral,iOS,v2.5.2,Variant_B,Canada
usr_006457,2026-06-27,2026-06-27 15:15:16,Organic Search,Android,v2.5.1,Variant_B,India
usr_006458,2026-06-30,2026-06-30 21:34:57,Paid Search (Google),iOS,v2.5.2,Variant_B,Germany
usr_006459,2026-07-23,2026-07-23 04:45:07,Paid Search (Google),Android,v2.5.3,Variant_B,India
usr_006460,2026-06-20,2026-06-20 08:08:42,Paid Search (Google),iOS,v2.5.2,Control_A,Germany
usr_006461,2026-06-03,2026-06-03 16:23:59,Paid Search (Google),iOS,v2.5.3,Variant_B,Canada
usr_006462,2026-08-02,2026-08-02 12:16:50,Meta Ads (Instagram),Android,v2.5.2,Variant_B,India
usr_006463,2026-06-02,2026-06-02 03:06:04,Paid Search (Google),Web,v3.1.0-web,Variant_B,United States
usr_006464,2026-07-08,2026-07-08 05:36:19,Organic Search,iOS,v2.5.1,Variant_B,United Kingdom
usr_006465,2026-08-21,2026-08-21 11:35:46,Meta Ads (Instagram),Android,v2.5.3,Control_A,India
usr_006466,2026-06-28,2026-06-28 02:22:59,Referral,Android,v2.5.2,Variant_B,United Kingdom
usr_006467,2026-06-23,2026-06-23 17:56:20,Paid Search (Google),Android,v2.5.2,Control_A,United Kingdom
usr_006468,2026-06-20,2026-06-20 10:59:00,Meta Ads (Instagram),Android,v2.5.3,Control_A,United States
usr_006469,2026-07-01,2026-07-01 13:53:50,Paid Search (Google),iOS,v2.5.1,Variant_B,Canada
usr_006470,2026-07-31,2026-07-31 10:21:34,Organic Search,Android,v2.5.1,Variant_B,Germany
usr_006471,2026-07-17,2026-07-17 13:00:30,Paid Search (Google),Web,v3.1.0-web,Variant_B,United Kingdom
usr_006472,2026-06-03,2026-06-03 05:17:00,Meta Ads (Instagram),Android,v2.5.2,Variant_B,India
usr_006473,2026-08-27,2026-08-27 13:24:17,Meta Ads (Instagram),Android,v2.5.3,Control_A,Canada
usr_006474,2026-08-09,2026-08-09 04:38:43,Referral,Web,v3.1.0-web,Control_A,United States
usr_006475,2026-07-04,2026-07-04 18:10:49,Meta Ads (Instagram),Web,v3.1.0-web,Control_A,Germany
usr_006476,2026-07-25,2026-07-25 21:19:47,Paid Search (Google),Android,v2.5.3,Variant_B,United Kingdom
usr_006477,2026-06-17,2026-06-17 12:31:40,Meta Ads (Instagram),Android,v2.5.1,Control_A,Canada
usr_006478,2026-06-15,2026-06-15 13:48:18,Paid Search (Google),Android,v2.5.3,Control_A,Canada
usr_006479,2026-08-06,2026-08-06 16:27:48,Paid Search (Google),Android,v2.5.1,Variant_B,India
usr_006480,2026-07-17,2026-07-17 11:16:27,Paid Search (Google),Web,v3.1.0-web,Control_A,Canada
usr_006481,2026-07-08,2026-07-08 15:28:10,Paid Search (Google),Android,v2.5.2,Control_A,Canada
usr_006482,2026-07-14,2026-07-14 03:18:31,Influencer Campaign,Web,v3.1.0-web,Control_A,United Kingdom
usr_006483,2026-06-10,2026-06-10 00:56:22,Influencer Campaign,Android,v2.5.2,Control_A,United States
usr_006484,2026-07-29,2026-07-29 17:24:42,Meta Ads (Instagram),iOS,v2.5.3,Variant_B,Germany
usr_006485,2026-06-22,2026-06-22 14:32:17,Organic Search,iOS,v2.5.1,Variant_B,Germany
usr_006486,2026-06-16,2026-06-16 09:47:32,Paid Search (Google),Web,v3.1.0-web,Variant_B,India
usr_006487,2026-08-22,2026-08-22 09:16:29,Paid Search (Google),Android,v2.5.3,Control_A,India
usr_006488,2026-08-19,2026-08-19 02:05:14,Meta Ads (Instagram),Android,v2.5.3,Control_A,Canada
usr_006489,2026-08-07,2026-08-07 01:49:21,Meta Ads (Instagram),Android,v2.5.1,Control_A,United States
usr_006490,2026-06-08,2026-06-08 05:06:09,Paid Search (Google),iOS,v2.5.3,Variant_B,United Kingdom
usr_006491,2026-07-10,2026-07-10 10:46:29,Referral,iOS,v2.5.1,Variant_B,India
usr_006492,2026-08-03,2026-08-03 15:53:04,Influencer Campaign,iOS,v2.5.3,Control_A,Germany
usr_006493,2026-07-09,2026-07-09 13:18:12,Meta Ads (Instagram),Android,v2.5.3,Variant_B,United States
usr_006494,2026-06-25,2026-06-25 17:35:14,Meta Ads (Instagram),Android,v2.5.3,Control_A,United Kingdom
usr_006495,2026-08-22,2026-08-22 06:11:56,Meta Ads (Instagram),Android,v2.5.3,Control_A,Canada
usr_006496,2026-06-26,2026-06-26 23:14:35,Meta Ads (Instagram),Android,v2.5.1,Variant_B,India
usr_006497,2026-06-27,2026-06-27 05:06:37,Paid Search (Google),Android,v2.5.3,Control_A,India
usr_006498,2026-07-27,2026-07-27 11:22:34,Paid Search (Google),iOS,v2.5.3,Variant_B,Germany
usr_006499,2026-07-26,2026-07-26 11:30:12,Paid Search (Google),Web,v3.1.0-web,Control_A,Canada
usr_006500,2026-07-26,2026-07-26 22:40:26,Meta Ads (Instagram),Android,v2.5.3,Variant_B,United Kingdom
usr_006501,2026-06-11,2026-06-11 11:17:42,Influencer Campaign,Android,v2.5.1,Variant_B,India
usr_006502,2026-08-27,2026-08-27 07:42:38,Paid Search (Google),iOS,v2.5.1,Control_A,United Kingdom
usr_006503,2026-06-08,2026-06-08 21:05:52,Meta Ads (Instagram),Android,v2.5.3,Variant_B,Canada
usr_006504,2026-07-03,2026-07-03 19:20:15,Organic Search,iOS,v2.5.3,Variant_B,United Kingdom
usr_006505,2026-07-31,2026-07-31 04:39:14,Paid Search (Google),Android,v2.5.1,Variant_B,United States
usr_006506,2026-08-25,2026-08-25 23:19:59,Meta Ads (Instagram),iOS,v2.5.3,Variant_B,United States
usr_006507,2026-07-02,2026-07-02 05:18:09,Referral,Android,v2.5.2,Variant_B,United States
usr_006508,2026-08-19,2026-08-19 17:37:04,Organic Search,Android,v2.5.1,Variant_B,India
usr_006509,2026-08-09,2026-08-09 20:25:42,Organic Search,Android,v2.5.3,Variant_B,Canada
usr_006510,2026-07-10,2026-07-10 08:41:28,Paid Search (Google),Android,v2.5.2,Variant_B,India
usr_006511,2026-06-12,2026-06-12 12:22:18,Organic Search,iOS,v2.5.2,Control_A,India
usr_006512,2026-07-21,2026-07-21 20:15:15,Organic Search,Android,v2.5.3,Control_A,Canada
usr_006513,2026-07-26,2026-07-26 15:28:03,Meta Ads (Instagram),iOS,v2.5.3,Control_A,India
usr_006514,2026-07-01,2026-07-01 09:14:33,Paid Search (Google),Android,v2.5.3,Control_A,United States
usr_006515,2026-08-13,2026-08-13 11:03:37,Paid Search (Google),iOS,v2.5.1,Control_A,United States
usr_006516,2026-07-05,2026-07-05 04:38:12,Referral,Android,v2.5.1,Variant_B,Germany
usr_006517,2026-08-12,2026-08-12 01:17:30,Organic Search,iOS,v2.5.2,Control_A,Germany
usr_006518,2026-08-28,2026-08-28 23:23:05,Paid Search (Google),iOS,v2.5.1,Variant_B,United Kingdom
usr_006519,2026-08-05,2026-08-05 23:16:57,Meta Ads (Instagram),iOS,v2.5.3,Control_A,Germany
usr_006520,2026-07-31,2026-07-31 03:36:46,Meta Ads (Instagram),iOS,v2.5.1,Variant_B,United States
usr_006521,2026-08-17,2026-08-17 07:50:18,Meta Ads (Instagram),Android,v2.5.3,Control_A,India
usr_006522,2026-08-02,2026-08-02 06:43:02,Referral,Web,v3.1.0-web,Variant_B,United Kingdom
usr_006523,2026-08-29,2026-08-29 15:50:01,Paid Search (Google),iOS,v2.5.1,Variant_B,Germany
usr_006524,2026-08-18,2026-08-18 05:12:42,Referral,iOS,v2.5.2,Variant_B,United Kingdom
usr_006525,2026-07-19,2026-07-19 16:25:50,Referral,Android,v2.5.1,Control_A,United States
usr_006526,2026-06-02,2026-06-02 03:37:15,Organic Search,iOS,v2.5.3,Variant_B,United Kingdom
usr_006527,2026-06-13,2026-06-13 01:24:36,Paid Search (Google),Android,v2.5.1,Control_A,United Kingdom
usr_006528,2026-08-14,2026-08-14 16:48:24,Meta Ads (Instagram),iOS,v2.5.2,Control_A,India
usr_006529,2026-06-13,2026-06-13 03:44:34,Meta Ads (Instagram),Web,v3.1.0-web,Variant_B,India
usr_006530,2026-08-10,2026-08-10 04:37:34,Paid Search (Google),Web,v3.1.0-web,Control_A,India
usr_006531,2026-07-01,2026-07-01 11:04:56,Meta Ads (Instagram),Android,v2.5.2,Control_A,Germany
usr_006532,2026-06-17,2026-06-17 18:17:36,Referral,Android,v2.5.3,Control_A,Canada
usr_006533,2026-07-25,2026-07-25 08:49:34,Meta Ads (Instagram),Android,v2.5.1,Control_A,Canada
usr_006534,2026-06-13,2026-06-13 20:53:27,Organic Search,Android,v2.5.1,Variant_B,United States
usr_006535,2026-07-01,2026-07-01 11:04:06,Organic Search,Android,v2.5.3,Variant_B,India
usr_006536,2026-06-28,2026-06-28 16:53:03,Organic Search,Android,v2.5.3,Control_A,United States
usr_006537,2026-07-14,2026-07-14 18:27:39,Influencer Campaign,iOS,v2.5.2,Control_A,United Kingdom
usr_006538,2026-08-22,2026-08-22 17:05:52,Paid Search (Google),Web,v3.1.0-web,Control_A,United Kingdom
usr_006539,2026-08-08,2026-08-08 12:29:41,Paid Search (Google),iOS,v2.5.1,Control_A,Canada
usr_006540,2026-07-23,2026-07-23 17:04:05,Paid Search (Google),iOS,v2.5.1,Control_A,Canada
usr_006541,2026-06-13,2026-06-13 13:41:32,Meta Ads (Instagram),iOS,v2.5.1,Variant_B,Germany
usr_006542,2026-06-08,2026-06-08 03:25:10,Referral,Web,v3.1.0-web,Control_A,United Kingdom
usr_006543,2026-06-22,2026-06-22 21:20:00,Influencer Campaign,Android,v2.5.2,Control_A,India
usr_006544,2026-07-30,2026-07-30 07:26:21,Meta Ads (Instagram),iOS,v2.5.2,Variant_B,Germany
usr_006545,2026-07-22,2026-07-22 19:12:20,Organic Search,Android,v2.5.3,Variant_B,United States
usr_006546,2026-06-07,2026-06-07 06:24:49,Meta Ads (Instagram),iOS,v2.5.3,Control_A,United Kingdom
usr_006547,2026-06-04,2026-06-04 14:11:18,Meta Ads (Instagram),Android,v2.5.3,Control_A,Germany
usr_006548,2026-07-01,2026-07-01 11:02:22,Influencer Campaign,Android,v2.5.1,Control_A,United Kingdom
usr_006549,2026-07-03,2026-07-03 21:07:55,Meta Ads (Instagram),Web,v3.1.0-web,Control_A,India
usr_006550,2026-08-26,2026-08-26 21:50:08,Organic Search,Android,v2.5.2,Control_A,United Kingdom
usr_006551,2026-06-24,2026-06-24 15:15:35,Referral,Android,v2.5.3,Control_A,India
usr_006552,2026-07-14,2026-07-14 01:41:19,Meta Ads (Instagram),iOS,v2.5.3,Control_A,Canada
usr_006553,2026-07-20,2026-07-20 07:06:18,Meta Ads (Instagram),Android,v2.5.3,Control_A,Germany
usr_006554,2026-06-20,2026-06-20 19:43:07,Paid Search (Google),Android,v2.5.2,Control_A,United Kingdom
usr_006555,2026-06-10,2026-06-10 20:28:26,Paid Search (Google),iOS,v2.5.3,Control_A,United States
usr_006556,2026-08-01,2026-08-01 15:46:06,Paid Search (Google),Android,v2.5.3,Control_A,United States
usr_006557,2026-07-01,2026-07-01 22:26:03,Organic Search,iOS,v2.5.2,Control_A,Canada
usr_006558,2026-07-28,2026-07-28 08:37:38,Referral,Android,v2.5.1,Variant_B,United Kingdom
usr_006559,2026-06-15,2026-06-15 02:53:37,Paid Search (Google),iOS,v2.5.1,Control_A,Canada
usr_006560,2026-06-19,2026-06-19 02:27:30,Paid Search (Google),Android,v2.5.1,Control_A,United States
usr_006561,2026-08-27,2026-08-27 01:05:56,Influencer Campaign,Web,v3.1.0-web,Variant_B,India
usr_006562,2026-06-13,2026-06-13 09:02:48,Organic Search,iOS,v2.5.3,Variant_B,United Kingdom
usr_006563,2026-08-24,2026-08-24 03:42:34,Organic Search,iOS,v2.5.2,Variant_B,India
usr_006564,2026-07-04,2026-07-04 03:08:57,Meta Ads (Instagram),iOS,v2.5.3,Control_A,India
usr_006565,2026-07-26,2026-07-26 10:13:08,Influencer Campaign,iOS,v2.5.1,Variant_B,Canada
usr_006566,2026-06-12,2026-06-12 21:31:19,Organic Search,iOS,v2.5.3,Control_A,Germany
usr_006567,2026-07-11,2026-07-11 11:14:09,Paid Search (Google),Android,v2.5.3,Variant_B,Canada
usr_006568,2026-06-15,2026-06-15 04:10:25,Meta Ads (Instagram),iOS,v2.5.2,Control_A,India
usr_006569,2026-06-30,2026-06-30 19:10:56,Paid Search (Google),Android,v2.5.1,Control_A,Germany
usr_006570,2026-08-08,2026-08-08 01:22:18,Meta Ads (Instagram),iOS,v2.5.3,Control_A,United Kingdom
usr_006571,2026-06-10,2026-06-10 11:57:06,Paid Search (Google),Android,v2.5.1,Variant_B,India
usr_006572,2026-07-24,2026-07-24 16:46:51,Referral,iOS,v2.5.2,Variant_B,Canada
usr_006573,2026-08-05,2026-08-05 12:58:04,Meta Ads (Instagram),Android,v2.5.1,Variant_B,United Kingdom
usr_006574,2026-07-02,2026-07-02 20:05:24,Organic Search,Web,v3.1.0-web,Control_A,India
usr_006575,2026-07-25,2026-07-25 06:13:20,Organic Search,Web,v3.1.0-web,Variant_B,Canada
usr_006576,2026-07-18,2026-07-18 18:07:53,Meta Ads (Instagram),iOS,v2.5.3,Variant_B,United States
usr_006577,2026-08-26,2026-08-26 16:33:01,Paid Search (Google),Web,v3.1.0-web,Variant_B,United Kingdom
usr_006578,2026-08-18,2026-08-18 16:02:17,Meta Ads (Instagram),Web,v3.1.0-web,Variant_B,Canada
usr_006579,2026-07-21,2026-07-21 02:20:17,Meta Ads (Instagram),Web,v3.1.0-web,Variant_B,India
usr_006580,2026-06-26,2026-06-26 12:15:06,Meta Ads (Instagram),Android,v2.5.3,Control_A,United Kingdom
usr_006581,2026-06-29,2026-06-29 18:13:34,Meta Ads (Instagram),Android,v2.5.1,Control_A,Germany
usr_006582,2026-08-23,2026-08-23 04:33:29,Meta Ads (Instagram),iOS,v2.5.1,Control_A,United Kingdom
usr_006583,2026-07-21,2026-07-21 08:17:45,Meta Ads (Instagram),Android,v2.5.1,Variant_B,Germany
usr_006584,2026-07-31,2026-07-31 18:29:30,Meta Ads (Instagram),iOS,v2.5.3,Variant_B,United States
usr_006585,2026-07-27,2026-07-27 04:15:54,Meta Ads (Instagram),Web,v3.1.0-web,Variant_B,United States
usr_006586,2026-07-07,2026-07-07 19:47:09,Paid Search (Google),iOS,v2.5.3,Variant_B,United States
usr_006587,2026-08-11,2026-08-11 04:33:44,Meta Ads (Instagram),Android,v2.5.2,Control_A,Canada
usr_006588,2026-07-22,2026-07-22 07:24:11,Organic Search,iOS,v2.5.2,Variant_B,Canada
usr_006589,2026-08-28,2026-08-28 07:39:20,Paid Search (Google),Android,v2.5.1,Variant_B,India
usr_006590,2026-08-25,2026-08-25 18:13:55,Organic Search,iOS,v2.5.3,Control_A,United Kingdom
usr_006591,2026-06-27,2026-06-27 10:30:47,Organic Search,iOS,v2.5.2,Control_A,United States
usr_006592,2026-07-24,2026-07-24 05:07:05,Organic Search,iOS,v2.5.1,Variant_B,United Kingdom
usr_006593,2026-07-12,2026-07-12 10:50:19,Organic Search,Android,v2.5.3,Variant_B,United Kingdom
usr_006594,2026-07-10,2026-07-10 15:42:40,Meta Ads (Instagram),iOS,v2.5.1,Control_A,United States
usr_006595,2026-06-12,2026-06-12 04:36:00,Influencer Campaign,Web,v3.1.0-web,Control_A,United Kingdom
usr_006596,2026-07-13,2026-07-13 06:51:04,Paid Search (Google),iOS,v2.5.3,Control_A,United Kingdom
usr_006597,2026-07-28,2026-07-28 17:58:43,Meta Ads (Instagram),iOS,v2.5.1,Control_A,Germany
usr_006598,2026-08-04,2026-08-04 11:55:54,Paid Search (Google),Web,v3.1.0-web,Control_A,Canada
usr_006599,2026-06-08,2026-06-08 16:50:27,Paid Search (Google),iOS,v2.5.1,Control_A,Germany
usr_006600,2026-08-03,2026-08-03 17:26:03,Influencer Campaign,Web,v3.1.0-web,Control_A,Germany
usr_006601,2026-08-24,2026-08-24 08:12:26,Meta Ads (Instagram),Android,v2.5.2,Variant_B,United States
usr_006602,2026-06-24,2026-06-24 13:30:33,Organic Search,iOS,v2.5.2,Variant_B,Canada
usr_006603,2026-06-03,2026-06-03 10:58:09,Referral,iOS,v2.5.2,Control_A,United States
usr_006604,2026-07-03,2026-07-03 16:50:46,Paid Search (Google),iOS,v2.5.1,Variant_B,Canada
usr_006605,2026-06-26,2026-06-26 05:00:19,Meta Ads (Instagram),iOS,v2.5.2,Variant_B,Canada
usr_006606,2026-08-12,2026-08-12 09:59:51,Referral,Android,v2.5.1,Variant_B,Germany
usr_006607,2026-08-20,2026-08-20 18:28:30,Meta Ads (Instagram),Web,v3.1.0-web,Control_A,United States
usr_006608,2026-06-20,2026-06-20 05:29:03,Influencer Campaign,iOS,v2.5.1,Control_A,India
usr_006609,2026-07-12,2026-07-12 14:42:07,Paid Search (Google),iOS,v2.5.1,Variant_B,Canada
usr_006610,2026-07-30,2026-07-30 02:30:49,Paid Search (Google),Android,v2.5.2,Variant_B,United States
usr_006611,2026-08-16,2026-08-16 03:46:13,Meta Ads (Instagram),Android,v2.5.1,Control_A,United States
usr_006612,2026-06-10,2026-06-10 15:50:53,Referral,iOS,v2.5.2,Variant_B,Canada
usr_006613,2026-06-23,2026-06-23 19:28:00,Meta Ads (Instagram),iOS,v2.5.2,Control_A,United States
usr_006614,2026-07-29,2026-07-29 09:44:03,Paid Search (Google),Android,v2.5.2,Control_A,United States
usr_006615,2026-07-19,2026-07-19 05:35:38,Influencer Campaign,Android,v2.5.2,Control_A,India
usr_006616,2026-08-09,2026-08-09 18:14:54,Meta Ads (Instagram),iOS,v2.5.3,Control_A,Canada
usr_006617,2026-07-31,2026-07-31 20:56:14,Referral,iOS,v2.5.3,Variant_B,Germany
usr_006618,2026-07-09,2026-07-09 01:09:26,Paid Search (Google),iOS,v2.5.2,Variant_B,Canada
usr_006619,2026-06-11,2026-06-11 14:52:23,Paid Search (Google),Android,v2.5.1,Variant_B,United Kingdom
usr_006620,2026-08-21,2026-08-21 17:05:09,Meta Ads (Instagram),Android,v2.5.2,Variant_B,United Kingdom
usr_006621,2026-06-17,2026-06-17 07:25:54,Organic Search,Android,v2.5.1,Control_A,United States
usr_006622,2026-06-15,2026-06-15 08:14:36,Paid Search (Google),Android,v2.5.3,Variant_B,Canada
usr_006623,2026-08-19,2026-08-19 06:26:54,Meta Ads (Instagram),Android,v2.5.1,Control_A,Canada
usr_006624,2026-08-18,2026-08-18 06:43:56,Referral,iOS,v2.5.1,Control_A,Canada
usr_006625,2026-06-22,2026-06-22 05:52:25,Meta Ads (Instagram),Android,v2.5.3,Control_A,India
usr_006626,2026-06-28,2026-06-28 07:18:47,Meta Ads (Instagram),iOS,v2.5.2,Variant_B,United Kingdom
usr_006627,2026-08-26,2026-08-26 06:16:15,Organic Search,iOS,v2.5.3,Control_A,Germany
usr_006628,2026-07-07,2026-07-07 05:32:25,Paid Search (Google),Android,v2.5.2,Variant_B,United Kingdom
usr_006629,2026-08-14,2026-08-14 10:00:12,Meta Ads (Instagram),Web,v3.1.0-web,Variant_B,Germany
usr_006630,2026-08-04,2026-08-04 11:04:01,Meta Ads (Instagram),Android,v2.5.1,Control_A,India
usr_006631,2026-06-02,2026-06-02 10:59:26,Meta Ads (Instagram),iOS,v2.5.1,Control_A,United Kingdom
usr_006632,2026-08-14,2026-08-14 18:53:54,Meta Ads (Instagram),Android,v2.5.2,Control_A,Canada
usr_006633,2026-06-28,2026-06-28 09:45:14,Meta Ads (Instagram),Android,v2.5.3,Variant_B,India
usr_006634,2026-06-16,2026-06-16 21:24:47,Paid Search (Google),Android,v2.5.1,Control_A,United States
usr_006635,2026-08-02,2026-08-02 23:40:41,Influencer Campaign,iOS,v2.5.2,Control_A,United States
usr_006636,2026-08-24,2026-08-24 19:19:53,Paid Search (Google),iOS,v2.5.3,Variant_B,United States
usr_006637,2026-07-16,2026-07-16 18:06:36,Paid Search (Google),Android,v2.5.2,Variant_B,United Kingdom
usr_006638,2026-06-08,2026-06-08 00:16:52,Organic Search,Android,v2.5.1,Variant_B,India
usr_006639,2026-06-02,2026-06-02 14:24:52,Organic Search,Android,v2.5.1,Control_A,United States
usr_006640,2026-08-20,2026-08-20 07:24:42,Meta Ads (Instagram),iOS,v2.5.3,Variant_B,India
usr_006641,2026-06-06,2026-06-06 02:28:30,Meta Ads (Instagram),Android,v2.5.2,Control_A,United States
usr_006642,2026-08-15,2026-08-15 01:00:18,Referral,iOS,v2.5.2,Variant_B,United States
usr_006643,2026-07-25,2026-07-25 15:02:57,Meta Ads (Instagram),Android,v2.5.3,Variant_B,United Kingdom
usr_006644,2026-06-05,2026-06-05 09:59:30,Referral,Android,v2.5.2,Variant_B,Canada
usr_006645,2026-08-17,2026-08-17 12:28:15,Paid Search (Google),Android,v2.5.1,Control_A,Germany
usr_006646,2026-06-17,2026-06-17 13:25:48,Meta Ads (Instagram),Android,v2.5.2,Control_A,Germany
usr_006647,2026-06-30,2026-06-30 02:44:00,Paid Search (Google),iOS,v2.5.2,Control_A,United States
usr_006648,2026-06-10,2026-06-10 07:09:49,Organic Search,Web,v3.1.0-web,Variant_B,United Kingdom
usr_006649,2026-06-19,2026-06-19 15:21:11,Organic Search,iOS,v2.5.3,Variant_B,Canada
usr_006650,2026-06-07,2026-06-07 03:14:01,Organic Search,iOS,v2.5.2,Control_A,India
usr_006651,2026-08-14,2026-08-14 00:50:58,Influencer Campaign,iOS,v2.5.1,Control_A,Germany
usr_006652,2026-06-10,2026-06-10 19:21:53,Paid Search (Google),Web,v3.1.0-web,Variant_B,United States
usr_006653,2026-06-02,2026-06-02 00:46:33,Meta Ads (Instagram),iOS,v2.5.2,Variant_B,United Kingdom
usr_006654,2026-07-14,2026-07-14 03:02:26,Paid Search (Google),iOS,v2.5.2,Control_A,United States
usr_006655,2026-08-12,2026-08-12 15:13:39,Organic Search,Android,v2.5.2,Variant_B,Germany
usr_006656,2026-08-03,2026-08-03 10:10:38,Meta Ads (Instagram),Android,v2.5.2,Variant_B,United Kingdom
usr_006657,2026-07-10,2026-07-10 17:36:11,Meta Ads (Instagram),Android,v2.5.2,Control_A,Germany
usr_006658,2026-06-16,2026-06-16 12:37:07,Organic Search,iOS,v2.5.2,Control_A,United States
usr_006659,2026-08-19,2026-08-19 08:19:39,Influencer Campaign,Android,v2.5.1,Variant_B,India
usr_006660,2026-06-23,2026-06-23 20:51:51,Referral,iOS,v2.5.1,Control_A,Canada
usr_006661,2026-07-15,2026-07-15 14:19:59,Meta Ads (Instagram),iOS,v2.5.1,Control_A,United Kingdom
usr_006662,2026-06-16,2026-06-16 13:41:39,Meta Ads (Instagram),Android,v2.5.3,Variant_B,United Kingdom
usr_006663,2026-06-11,2026-06-11 18:44:18,Meta Ads (Instagram),iOS,v2.5.3,Control_A,India
usr_006664,2026-06-07,2026-06-07 07:35:00,Referral,iOS,v2.5.3,Variant_B,United Kingdom
usr_006665,2026-08-18,2026-08-18 21:13:46,Paid Search (Google),iOS,v2.5.3,Variant_B,India
usr_006666,2026-07-26,2026-07-26 14:35:45,Referral,Android,v2.5.1,Control_A,India
usr_006667,2026-08-19,2026-08-19 04:27:47,Meta Ads (Instagram),iOS,v2.5.1,Control_A,United States
usr_006668,2026-08-13,2026-08-13 04:40:06,Organic Search,Android,v2.5.2,Control_A,Canada
usr_006669,2026-06-24,2026-06-24 08:18:07,Paid Search (Google),Android,v2.5.1,Control_A,Canada
usr_006670,2026-08-05,2026-08-05 07:26:20,Referral,iOS,v2.5.1,Control_A,Canada
usr_006671,2026-06-09,2026-06-09 01:51:24,Paid Search (Google),Android,v2.5.2,Control_A,Canada
usr_006672,2026-07-21,2026-07-21 12:49:14,Meta Ads (Instagram),iOS,v2.5.2,Variant_B,Canada
usr_006673,2026-06-09,2026-06-09 17:46:09,Paid Search (Google),iOS,v2.5.1,Variant_B,Germany
usr_006674,2026-07-26,2026-07-26 11:18:51,Referral,iOS,v2.5.2,Control_A,United States
usr_006675,2026-08-20,2026-08-20 20:47:56,Paid Search (Google),Android,v2.5.2,Variant_B,Germany
usr_006676,2026-08-19,2026-08-19 11:06:40,Referral,Web,v3.1.0-web,Control_A,United States
usr_006677,2026-06-24,2026-06-24 22:56:34,Meta Ads (Instagram),Android,v2.5.1,Variant_B,Germany
usr_006678,2026-07-24,2026-07-24 08:42:36,Meta Ads (Instagram),iOS,v2.5.3,Variant_B,Canada
usr_006679,2026-06-02,2026-06-02 23:08:10,Paid Search (Google),iOS,v2.5.3,Variant_B,India
usr_006680,2026-06-03,2026-06-03 16:55:38,Meta Ads (Instagram),iOS,v2.5.3,Variant_B,Canada
usr_006681,2026-07-19,2026-07-19 10:45:32,Organic Search,Android,v2.5.2,Variant_B,India
usr_006682,2026-06-03,2026-06-03 04:49:53,Paid Search (Google),Web,v3.1.0-web,Control_A,Germany
usr_006683,2026-06-08,2026-06-08 22:04:29,Paid Search (Google),iOS,v2.5.1,Control_A,United States
usr_006684,2026-08-15,2026-08-15 00:56:03,Referral,iOS,v2.5.2,Variant_B,United States
usr_006685,2026-06-26,2026-06-26 20:28:14,Organic Search,iOS,v2.5.2,Control_A,Canada
usr_006686,2026-08-03,2026-08-03 09:07:19,Influencer Campaign,Android,v2.5.2,Variant_B,Germany
usr_006687,2026-07-08,2026-07-08 05:08:38,Paid Search (Google),Android,v2.5.3,Variant_B,Canada
usr_006688,2026-08-13,2026-08-13 04:07:25,Meta Ads (Instagram),Android,v2.5.1,Variant_B,India
usr_006689,2026-07-15,2026-07-15 20:13:32,Referral,Android,v2.5.1,Variant_B,Canada
usr_006690,2026-08-20,2026-08-20 12:01:31,Organic Search,Android,v2.5.3,Control_A,Canada
usr_006691,2026-06-06,2026-06-06 15:18:01,Paid Search (Google),Android,v2.5.3,Variant_B,United States
usr_006692,2026-07-26,2026-07-26 06:09:06,Meta Ads (Instagram),Android,v2.5.1,Variant_B,Germany
usr_006693,2026-07-28,2026-07-28 21:23:00,Paid Search (Google),Android,v2.5.3,Variant_B,United States
usr_006694,2026-07-24,2026-07-24 06:28:56,Paid Search (Google),Android,v2.5.2,Control_A,United States
usr_006695,2026-06-05,2026-06-05 11:19:02,Paid Search (Google),Web,v3.1.0-web,Control_A,United Kingdom
usr_006696,2026-06-22,2026-06-22 12:47:21,Organic Search,iOS,v2.5.3,Control_A,India
usr_006697,2026-06-24,2026-06-24 05:02:04,Meta Ads (Instagram),Android,v2.5.3,Control_A,India
usr_006698,2026-07-22,2026-07-22 14:39:47,Meta Ads (Instagram),iOS,v2.5.1,Control_A,Germany
usr_006699,2026-07-04,2026-07-04 13:35:17,Paid Search (Google),Web,v3.1.0-web,Control_A,Canada
usr_006700,2026-06-22,2026-06-22 00:42:54,Referral,iOS,v2.5.2,Control_A,Germany
usr_006701,2026-06-15,2026-06-15 01:56:45,Meta Ads (Instagram),iOS,v2.5.3,Control_A,United Kingdom
usr_006702,2026-07-09,2026-07-09 19:26:28,Meta Ads (Instagram),Android,v2.5.2,Control_A,United Kingdom
usr_006703,2026-08-07,2026-08-07 17:58:49,Meta Ads (Instagram),Web,v3.1.0-web,Variant_B,United States
usr_006704,2026-07-31,2026-07-31 10:26:45,Meta Ads (Instagram),Android,v2.5.2,Control_A,United Kingdom
usr_006705,2026-08-28,2026-08-28 09:14:10,Influencer Campaign,iOS,v2.5.1,Control_A,United Kingdom
usr_006706,2026-06-29,2026-06-29 08:45:57,Paid Search (Google),iOS,v2.5.1,Control_A,Germany
usr_006707,2026-07-14,2026-07-14 20:20:59,Influencer Campaign,Android,v2.5.1,Variant_B,United Kingdom
usr_006708,2026-08-13,2026-08-13 15:24:46,Referral,Android,v2.5.2,Control_A,Germany
usr_006709,2026-06-23,2026-06-23 08:48:02,Influencer Campaign,iOS,v2.5.2,Variant_B,United States
usr_006710,2026-06-25,2026-06-25 17:01:54,Paid Search (Google),Web,v3.1.0-web,Control_A,United States
usr_006711,2026-07-01,2026-07-01 05:59:23,Meta Ads (Instagram),Android,v2.5.3,Control_A,India
usr_006712,2026-07-02,2026-07-02 03:32:30,Paid Search (Google),Android,v2.5.1,Variant_B,United States
usr_006713,2026-08-07,2026-08-07 02:26:55,Paid Search (Google),Android,v2.5.1,Control_A,Germany
usr_006714,2026-06-21,2026-06-21 11:53:11,Paid Search (Google),iOS,v2.5.3,Variant_B,India
usr_006715,2026-06-30,2026-06-30 14:14:20,Referral,iOS,v2.5.3,Control_A,India
usr_006716,2026-06-11,2026-06-11 15:47:16,Influencer Campaign,Android,v2.5.2,Control_A,United States
usr_006717,2026-08-02,2026-08-02 09:40:31,Meta Ads (Instagram),Web,v3.1.0-web,Control_A,Canada
usr_006718,2026-07-30,2026-07-30 07:09:40,Referral,iOS,v2.5.2,Control_A,Canada
usr_006719,2026-08-24,2026-08-24 19:25:16,Paid Search (Google),Android,v2.5.1,Control_A,India
usr_006720,2026-07-07,2026-07-07 02:56:33,Paid Search (Google),iOS,v2.5.1,Variant_B,United States
usr_006721,2026-07-18,2026-07-18 14:48:31,Meta Ads (Instagram),Android,v2.5.1,Control_A,United Kingdom
usr_006722,2026-06-28,2026-06-28 16:14:50,Meta Ads (Instagram),Android,v2.5.1,Control_A,United Kingdom
usr_006723,2026-08-08,2026-08-08 18:09:13,Organic Search,Android,v2.5.3,Variant_B,Germany
usr_006724,2026-08-13,2026-08-13 02:47:20,Paid Search (Google),Android,v2.5.3,Control_A,United Kingdom
usr_006725,2026-08-26,2026-08-26 09:31:11,Meta Ads (Instagram),Android,v2.5.3,Variant_B,United Kingdom
usr_006726,2026-08-27,2026-08-27 13:50:48,Paid Search (Google),Android,v2.5.1,Variant_B,Germany
usr_006727,2026-08-16,2026-08-16 07:00:23,Organic Search,iOS,v2.5.1,Control_A,United States
usr_006728,2026-07-26,2026-07-26 22:18:59,Meta Ads (Instagram),Android,v2.5.2,Control_A,United States
usr_006729,2026-06-04,2026-06-04 13:32:50,Paid Search (Google),iOS,v2.5.3,Variant_B,Germany
usr_006730,2026-06-14,2026-06-14 00:44:42,Meta Ads (Instagram),iOS,v2.5.2,Variant_B,Canada
usr_006731,2026-07-15,2026-07-15 13:43:44,Influencer Campaign,Web,v3.1.0-web,Control_A,United States
usr_006732,2026-08-13,2026-08-13 02:58:32,Paid Search (Google),Android,v2.5.1,Control_A,India
usr_006733,2026-08-25,2026-08-25 08:00:50,Meta Ads (Instagram),Android,v2.5.3,Variant_B,United States
usr_006734,2026-06-20,2026-06-20 08:54:51,Paid Search (Google),iOS,v2.5.1,Variant_B,United States
usr_006735,2026-07-30,2026-07-30 07:17:38,Paid Search (Google),iOS,v2.5.1,Control_A,Germany
usr_006736,2026-08-21,2026-08-21 10:33:51,Organic Search,iOS,v2.5.3,Variant_B,United States
usr_006737,2026-08-25,2026-08-25 20:19:10,Influencer Campaign,Web,v3.1.0-web,Variant_B,Canada
usr_006738,2026-08-14,2026-08-14 05:56:39,Meta Ads (Instagram),Android,v2.5.1,Control_A,United Kingdom
usr_006739,2026-08-06,2026-08-06 22:19:47,Paid Search (Google),iOS,v2.5.1,Variant_B,Germany
usr_006740,2026-07-05,2026-07-05 12:21:45,Meta Ads (Instagram),Web,v3.1.0-web,Variant_B,Canada
usr_006741,2026-06-11,2026-06-11 16:49:29,Paid Search (Google),Android,v2.5.3,Variant_B,Germany
usr_006742,2026-06-06,2026-06-06 02:12:33,Influencer Campaign,iOS,v2.5.3,Control_A,Germany
usr_006743,2026-08-26,2026-08-26 14:13:35,Meta Ads (Instagram),Android,v2.5.2,Control_A,United Kingdom
usr_006744,2026-06-30,2026-06-30 10:03:00,Influencer Campaign,Android,v2.5.3,Control_A,India
usr_006745,2026-06-17,2026-06-17 23:22:34,Paid Search (Google),Android,v2.5.2,Control_A,United States
usr_006746,2026-06-28,2026-06-28 08:25:59,Paid Search (Google),iOS,v2.5.1,Control_A,Germany
usr_006747,2026-07-04,2026-07-04 12:21:37,Referral,Android,v2.5.3,Control_A,India
usr_006748,2026-08-07,2026-08-07 01:07:05,Referral,iOS,v2.5.1,Variant_B,United States
usr_006749,2026-07-21,2026-07-21 09:03:11,Meta Ads (Instagram),iOS,v2.5.1,Control_A,Canada
usr_006750,2026-06-12,2026-06-12 07:55:25,Organic Search,Web,v3.1.0-web,Control_A,India
usr_006751,2026-08-14,2026-08-14 23:33:09,Meta Ads (Instagram),iOS,v2.5.1,Variant_B,Canada
usr_006752,2026-07-10,2026-07-10 22:12:32,Referral,iOS,v2.5.3,Variant_B,Canada
usr_006753,2026-07-28,2026-07-28 21:10:29,Paid Search (Google),iOS,v2.5.2,Variant_B,Canada
usr_006754,2026-06-12,2026-06-12 09:19:20,Meta Ads (Instagram),Web,v3.1.0-web,Control_A,Canada
usr_006755,2026-06-17,2026-06-17 02:58:32,Organic Search,Web,v3.1.0-web,Control_A,India
usr_006756,2026-07-08,2026-07-08 05:08:08,Meta Ads (Instagram),iOS,v2.5.1,Variant_B,Germany
usr_006757,2026-06-26,2026-06-26 05:11:19,Paid Search (Google),Android,v2.5.3,Control_A,United States
usr_006758,2026-08-24,2026-08-24 07:27:05,Organic Search,Android,v2.5.1,Control_A,Canada
usr_006759,2026-08-05,2026-08-05 12:12:01,Influencer Campaign,iOS,v2.5.1,Control_A,India
usr_006760,2026-07-02,2026-07-02 12:22:36,Meta Ads (Instagram),Android,v2.5.2,Variant_B,Canada
usr_006761,2026-06-22,2026-06-22 10:41:02,Meta Ads (Instagram),Android,v2.5.2,Control_A,United States
usr_006762,2026-08-09,2026-08-09 07:30:51,Meta Ads (Instagram),Android,v2.5.3,Control_A,India
usr_006763,2026-08-05,2026-08-05 06:18:30,Meta Ads (Instagram),Android,v2.5.3,Control_A,Germany
usr_006764,2026-08-06,2026-08-06 07:59:03,Organic Search,iOS,v2.5.2,Variant_B,Canada
usr_006765,2026-08-25,2026-08-25 16:13:01,Paid Search (Google),iOS,v2.5.2,Control_A,Canada
usr_006766,2026-08-08,2026-08-08 11:29:09,Organic Search,Web,v3.1.0-web,Control_A,Canada
usr_006767,2026-07-29,2026-07-29 09:44:21,Meta Ads (Instagram),Android,v2.5.3,Control_A,Canada
usr_006768,2026-08-03,2026-08-03 04:43:38,Organic Search,Android,v2.5.1,Variant_B,Germany
usr_006769,2026-08-01,2026-08-01 03:42:44,Paid Search (Google),Android,v2.5.2,Variant_B,United States
usr_006770,2026-08-14,2026-08-14 07:34:35,Meta Ads (Instagram),Android,v2.5.1,Control_A,United States
usr_006771,2026-06-12,2026-06-12 06:39:27,Meta Ads (Instagram),iOS,v2.5.3,Control_A,India
usr_006772,2026-08-08,2026-08-08 02:04:12,Meta Ads (Instagram),iOS,v2.5.3,Control_A,Germany
usr_006773,2026-08-25,2026-08-25 21:58:43,Organic Search,iOS,v2.5.1,Control_A,United States
usr_006774,2026-06-18,2026-06-18 02:07:40,Organic Search,iOS,v2.5.1,Control_A,India
usr_006775,2026-06-24,2026-06-24 05:54:03,Influencer Campaign,Android,v2.5.3,Variant_B,United Kingdom
usr_006776,2026-08-28,2026-08-28 15:01:01,Organic Search,iOS,v2.5.1,Control_A,India
usr_006777,2026-06-20,2026-06-20 09:30:01,Meta Ads (Instagram),Android,v2.5.2,Variant_B,United States
usr_006778,2026-06-16,2026-06-16 01:29:32,Meta Ads (Instagram),Android,v2.5.1,Variant_B,United States
usr_006779,2026-08-25,2026-08-25 21:54:44,Meta Ads (Instagram),Web,v3.1.0-web,Control_A,United States
usr_006780,2026-07-17,2026-07-17 00:10:20,Meta Ads (Instagram),iOS,v2.5.2,Control_A,Germany
usr_006781,2026-07-28,2026-07-28 19:14:55,Referral,Android,v2.5.2,Control_A,United Kingdom
usr_006782,2026-08-08,2026-08-08 00:26:31,Organic Search,iOS,v2.5.1,Variant_B,India
usr_006783,2026-06-16,2026-06-16 08:28:24,Organic Search,Web,v3.1.0-web,Control_A,United Kingdom
usr_006784,2026-07-24,2026-07-24 09:43:51,Paid Search (Google),Web,v3.1.0-web,Control_A,India
usr_006785,2026-07-26,2026-07-26 10:18:05,Meta Ads (Instagram),Android,v2.5.2,Variant_B,United Kingdom
usr_006786,2026-06-14,2026-06-14 01:44:00,Meta Ads (Instagram),Android,v2.5.1,Control_A,India
usr_006787,2026-07-06,2026-07-06 22:23:14,Meta Ads (Instagram),Android,v2.5.3,Control_A,Germany
usr_006788,2026-06-05,2026-06-05 10:41:11,Meta Ads (Instagram),Android,v2.5.1,Control_A,India
usr_006789,2026-08-23,2026-08-23 17:05:43,Referral,iOS,v2.5.3,Control_A,Germany
usr_006790,2026-07-04,2026-07-04 13:21:00,Organic Search,Android,v2.5.1,Variant_B,India
usr_006791,2026-08-16,2026-08-16 08:13:59,Meta Ads (Instagram),Web,v3.1.0-web,Variant_B,United Kingdom
usr_006792,2026-06-13,2026-06-13 18:57:57,Paid Search (Google),iOS,v2.5.1,Control_A,United States
usr_006793,2026-08-09,2026-08-09 04:39:05,Paid Search (Google),Android,v2.5.3,Control_A,United Kingdom
usr_006794,2026-07-29,2026-07-29 11:02:49,Meta Ads (Instagram),iOS,v2.5.2,Variant_B,United Kingdom
usr_006795,2026-08-10,2026-08-10 02:55:26,Meta Ads (Instagram),Android,v2.5.2,Variant_B,United States
usr_006796,2026-07-15,2026-07-15 21:49:51,Meta Ads (Instagram),Web,v3.1.0-web,Control_A,United Kingdom
usr_006797,2026-06-12,2026-06-12 20:13:21,Meta Ads (Instagram),iOS,v2.5.2,Variant_B,India
usr_006798,2026-06-09,2026-06-09 09:19:27,Meta Ads (Instagram),Android,v2.5.3,Control_A,India
usr_006799,2026-08-21,2026-08-21 05:19:59,Paid Search (Google),iOS,v2.5.3,Control_A,India
usr_006800,2026-07-22,2026-07-22 14:47:14,Meta Ads (Instagram),Android,v2.5.3,Variant_B,Canada
usr_006801,2026-07-29,2026-07-29 01:41:37,Paid Search (Google),iOS,v2.5.3,Control_A,United States
usr_006802,2026-07-10,2026-07-10 17:25:29,Meta Ads (Instagram),iOS,v2.5.3,Control_A,United States
usr_006803,2026-06-25,2026-06-25 03:20:34,Organic Search,Web,v3.1.0-web,Control_A,Germany
usr_006804,2026-06-19,2026-06-19 10:51:20,Influencer Campaign,iOS,v2.5.1,Variant_B,United States
usr_006805,2026-06-20,2026-06-20 14:16:50,Organic Search,Android,v2.5.2,Variant_B,India
usr_006806,2026-07-03,2026-07-03 19:05:28,Meta Ads (Instagram),Android,v2.5.3,Control_A,United Kingdom
usr_006807,2026-07-26,2026-07-26 08:05:27,Organic Search,Android,v2.5.2,Control_A,United Kingdom
usr_006808,2026-06-15,2026-06-15 16:30:59,Meta Ads (Instagram),iOS,v2.5.1,Control_A,India
usr_006809,2026-08-11,2026-08-11 08:33:05,Referral,Web,v3.1.0-web,Control_A,Canada
usr_006810,2026-07-09,2026-07-09 20:43:13,Paid Search (Google),Android,v2.5.3,Control_A,Canada
usr_006811,2026-07-03,2026-07-03 22:45:55,Referral,Android,v2.5.1,Variant_B,India
usr_006812,2026-08-23,2026-08-23 19:22:42,Meta Ads (Instagram),Android,v2.5.3,Variant_B,United States
usr_006813,2026-08-18,2026-08-18 21:31:31,Meta Ads (Instagram),Android,v2.5.1,Variant_B,United Kingdom
usr_006814,2026-08-01,2026-08-01 06:34:20,Organic Search,iOS,v2.5.2,Control_A,India
usr_006815,2026-07-23,2026-07-23 09:54:56,Meta Ads (Instagram),iOS,v2.5.2,Control_A,United Kingdom
usr_006816,2026-06-25,2026-06-25 17:32:24,Meta Ads (Instagram),iOS,v2.5.1,Variant_B,United Kingdom
usr_006817,2026-06-17,2026-06-17 20:46:36,Referral,Web,v3.1.0-web,Variant_B,Canada
usr_006818,2026-06-27,2026-06-27 18:34:00,Organic Search,Android,v2.5.3,Control_A,India
usr_006819,2026-07-20,2026-07-20 06:56:38,Influencer Campaign,Android,v2.5.1,Variant_B,Canada
usr_006820,2026-06-22,2026-06-22 00:16:56,Influencer Campaign,Android,v2.5.3,Control_A,India
usr_006821,2026-07-23,2026-07-23 10:57:31,Influencer Campaign,Android,v2.5.2,Control_A,Canada
usr_006822,2026-07-10,2026-07-10 12:35:24,Organic Search,Android,v2.5.1,Control_A,Germany
usr_006823,2026-08-21,2026-08-21 18:12:47,Organic Search,Web,v3.1.0-web,Control_A,Canada
usr_006824,2026-08-10,2026-08-10 08:20:48,Paid Search (Google),Android,v2.5.2,Control_A,India
usr_006825,2026-07-31,2026-07-31 08:01:18,Referral,Web,v3.1.0-web,Variant_B,India
usr_006826,2026-08-02,2026-08-02 02:11:50,Paid Search (Google),Web,v3.1.0-web,Variant_B,Germany
usr_006827,2026-06-28,2026-06-28 00:31:00,Organic Search,iOS,v2.5.3,Control_A,India
usr_006828,2026-07-01,2026-07-01 07:53:54,Meta Ads (Instagram),Android,v2.5.1,Control_A,India
usr_006829,2026-07-26,2026-07-26 15:03:33,Meta Ads (Instagram),iOS,v2.5.2,Control_A,Germany
usr_006830,2026-08-16,2026-08-16 21:51:23,Paid Search (Google),Android,v2.5.3,Control_A,United States
usr_006831,2026-08-16,2026-08-16 02:31:53,Paid Search (Google),iOS,v2.5.1,Control_A,Canada
usr_006832,2026-08-15,2026-08-15 09:39:40,Influencer Campaign,iOS,v2.5.1,Control_A,India
usr_006833,2026-08-13,2026-08-13 17:56:45,Paid Search (Google),Android,v2.5.3,Control_A,United Kingdom
usr_006834,2026-07-08,2026-07-08 22:56:29,Influencer Campaign,Web,v3.1.0-web,Control_A,India
usr_006835,2026-06-20,2026-06-20 19:43:17,Paid Search (Google),iOS,v2.5.2,Control_A,Canada
usr_006836,2026-06-08,2026-06-08 07:10:55,Meta Ads (Instagram),Android,v2.5.3,Control_A,United States
usr_006837,2026-07-01,2026-07-01 02:05:32,Meta Ads (Instagram),Android,v2.5.1,Control_A,Canada
usr_006838,2026-07-18,2026-07-18 18:20:25,Organic Search,Android,v2.5.2,Control_A,India
usr_006839,2026-07-28,2026-07-28 23:20:13,Meta Ads (Instagram),iOS,v2.5.3,Control_A,United Kingdom
usr_006840,2026-08-26,2026-08-26 14:05:35,Influencer Campaign,Android,v2.5.3,Variant_B,India
usr_006841,2026-06-27,2026-06-27 16:35:40,Meta Ads (Instagram),Android,v2.5.3,Control_A,India
usr_006842,2026-06-25,2026-06-25 15:35:53,Meta Ads (Instagram),Web,v3.1.0-web,Control_A,India
usr_006843,2026-06-13,2026-06-13 18:06:47,Paid Search (Google),iOS,v2.5.3,Variant_B,India
usr_006844,2026-07-07,2026-07-07 12:56:47,Influencer Campaign,iOS,v2.5.1,Variant_B,India
usr_006845,2026-07-29,2026-07-29 15:58:55,Referral,Android,v2.5.1,Control_A,Canada
usr_006846,2026-07-22,2026-07-22 22:03:16,Meta Ads (Instagram),Android,v2.5.2,Control_A,United States
usr_006847,2026-07-15,2026-07-15 12:54:04,Paid Search (Google),Android,v2.5.3,Control_A,India
usr_006848,2026-06-14,2026-06-14 12:17:05,Paid Search (Google),Web,v3.1.0-web,Control_A,India
usr_006849,2026-07-12,2026-07-12 09:12:54,Organic Search,iOS,v2.5.3,Variant_B,United Kingdom
usr_006850,2026-07-22,2026-07-22 05:08:25,Paid Search (Google),Android,v2.5.3,Control_A,United Kingdom
usr_006851,2026-07-12,2026-07-12 09:34:03,Referral,Android,v2.5.3,Variant_B,United States
usr_006852,2026-08-18,2026-08-18 09:29:26,Meta Ads (Instagram),Android,v2.5.3,Control_A,India
usr_006853,2026-06-03,2026-06-03 04:42:57,Referral,Android,v2.5.1,Variant_B,United Kingdom
usr_006854,2026-08-21,2026-08-21 22:41:19,Paid Search (Google),iOS,v2.5.3,Control_A,Canada
usr_006855,2026-08-09,2026-08-09 09:33:04,Meta Ads (Instagram),iOS,v2.5.2,Control_A,United Kingdom
usr_006856,2026-08-25,2026-08-25 03:03:55,Organic Search,Android,v2.5.3,Variant_B,India
usr_006857,2026-08-19,2026-08-19 11:28:24,Referral,Android,v2.5.2,Variant_B,United States
usr_006858,2026-07-05,2026-07-05 13:49:53,Paid Search (Google),iOS,v2.5.2,Variant_B,Canada
usr_006859,2026-07-30,2026-07-30 23:06:54,Paid Search (Google),iOS,v2.5.2,Control_A,United Kingdom
usr_006860,2026-07-17,2026-07-17 23:17:14,Paid Search (Google),iOS,v2.5.1,Control_A,Germany
usr_006861,2026-06-18,2026-06-18 08:30:19,Paid Search (Google),Android,v2.5.3,Control_A,United Kingdom
usr_006862,2026-08-05,2026-08-05 01:35:23,Paid Search (Google),iOS,v2.5.3,Control_A,Canada
usr_006863,2026-06-20,2026-06-20 23:01:41,Organic Search,iOS,v2.5.3,Control_A,Germany
usr_006864,2026-08-07,2026-08-07 03:11:58,Organic Search,iOS,v2.5.3,Control_A,Canada
usr_006865,2026-06-10,2026-06-10 08:26:58,Meta Ads (Instagram),Android,v2.5.1,Variant_B,United States
usr_006866,2026-08-16,2026-08-16 03:35:37,Paid Search (Google),Android,v2.5.1,Control_A,United States
usr_006867,2026-08-24,2026-08-24 12:34:48,Paid Search (Google),Android,v2.5.1,Control_A,Germany
usr_006868,2026-07-05,2026-07-05 17:24:04,Organic Search,Android,v2.5.1,Variant_B,Germany
usr_006869,2026-06-28,2026-06-28 05:50:38,Paid Search (Google),Web,v3.1.0-web,Variant_B,Germany
usr_006870,2026-08-22,2026-08-22 08:07:44,Meta Ads (Instagram),iOS,v2.5.2,Control_A,Canada
usr_006871,2026-08-15,2026-08-15 01:17:49,Influencer Campaign,iOS,v2.5.1,Control_A,Germany
usr_006872,2026-06-13,2026-06-13 18:45:27,Paid Search (Google),iOS,v2.5.3,Control_A,Canada
usr_006873,2026-08-12,2026-08-12 04:17:01,Organic Search,Android,v2.5.2,Variant_B,Germany
usr_006874,2026-08-21,2026-08-21 05:15:52,Referral,iOS,v2.5.3,Control_A,Germany
usr_006875,2026-07-11,2026-07-11 03:19:25,Organic Search,Android,v2.5.2,Variant_B,Canada
usr_006876,2026-06-17,2026-06-17 11:47:31,Meta Ads (Instagram),Android,v2.5.1,Variant_B,India
usr_006877,2026-07-14,2026-07-14 19:24:59,Meta Ads (Instagram),Android,v2.5.3,Control_A,India
usr_006878,2026-07-22,2026-07-22 06:56:09,Paid Search (Google),Android,v2.5.2,Control_A,Germany
usr_006879,2026-07-13,2026-07-13 09:27:04,Paid Search (Google),iOS,v2.5.2,Control_A,United States
usr_006880,2026-06-03,2026-06-03 09:09:14,Organic Search,Android,v2.5.2,Control_A,India
usr_006881,2026-07-22,2026-07-22 10:53:53,Paid Search (Google),iOS,v2.5.1,Control_A,United Kingdom
usr_006882,2026-08-13,2026-08-13 00:53:25,Referral,iOS,v2.5.1,Variant_B,United Kingdom
usr_006883,2026-08-13,2026-08-13 09:27:30,Paid Search (Google),iOS,v2.5.2,Variant_B,Germany
usr_006884,2026-06-04,2026-06-04 07:28:55,Referral,Android,v2.5.1,Control_A,Canada
usr_006885,2026-06-09,2026-06-09 14:56:53,Meta Ads (Instagram),Android,v2.5.2,Variant_B,India
usr_006886,2026-06-18,2026-06-18 14:28:19,Meta Ads (Instagram),Android,v2.5.2,Variant_B,Germany
usr_006887,2026-08-21,2026-08-21 01:00:01,Paid Search (Google),iOS,v2.5.3,Variant_B,Canada
usr_006888,2026-06-04,2026-06-04 21:13:44,Paid Search (Google),iOS,v2.5.1,Variant_B,United States
usr_006889,2026-07-13,2026-07-13 21:21:11,Meta Ads (Instagram),iOS,v2.5.2,Control_A,India
usr_006890,2026-06-30,2026-06-30 17:06:16,Meta Ads (Instagram),Android,v2.5.1,Control_A,Germany
usr_006891,2026-08-09,2026-08-09 01:02:27,Meta Ads (Instagram),Android,v2.5.2,Control_A,Germany
usr_006892,2026-06-11,2026-06-11 11:11:37,Meta Ads (Instagram),Android,v2.5.1,Control_A,Canada
usr_006893,2026-07-27,2026-07-27 17:55:16,Paid Search (Google),Android,v2.5.1,Control_A,India
usr_006894,2026-07-29,2026-07-29 18:35:57,Paid Search (Google),Android,v2.5.3,Control_A,Germany
usr_006895,2026-08-27,2026-08-27 00:45:17,Organic Search,iOS,v2.5.3,Control_A,Canada
usr_006896,2026-06-15,2026-06-15 16:26:50,Meta Ads (Instagram),Android,v2.5.2,Variant_B,India
usr_006897,2026-06-08,2026-06-08 12:34:37,Meta Ads (Instagram),iOS,v2.5.3,Variant_B,United Kingdom
usr_006898,2026-06-22,2026-06-22 03:53:52,Organic Search,Web,v3.1.0-web,Control_A,India
usr_006899,2026-06-13,2026-06-13 20:20:01,Meta Ads (Instagram),Android,v2.5.1,Variant_B,Germany
usr_006900,2026-08-04,2026-08-04 19:48:40,Paid Search (Google),Android,v2.5.1,Variant_B,Canada
usr_006901,2026-08-09,2026-08-09 07:21:41,Meta Ads (Instagram),Android,v2.5.3,Control_A,Canada
usr_006902,2026-06-21,2026-06-21 18:16:56,Paid Search (Google),Android,v2.5.3,Variant_B,Canada
usr_006903,2026-06-18,2026-06-18 08:56:07,Paid Search (Google),iOS,v2.5.2,Control_A,Germany
usr_006904,2026-06-04,2026-06-04 21:46:51,Referral,Web,v3.1.0-web,Variant_B,India
usr_006905,2026-06-09,2026-06-09 20:27:48,Referral,Android,v2.5.3,Variant_B,Germany
usr_006906,2026-08-26,2026-08-26 16:47:22,Paid Search (Google),iOS,v2.5.2,Variant_B,Germany
usr_006907,2026-07-21,2026-07-21 19:38:50,Paid Search (Google),Android,v2.5.1,Control_A,Canada
usr_006908,2026-06-26,2026-06-26 21:22:54,Meta Ads (Instagram),Web,v3.1.0-web,Control_A,India
usr_006909,2026-06-03,2026-06-03 12:58:19,Meta Ads (Instagram),Android,v2.5.2,Variant_B,Germany
usr_006910,2026-07-30,2026-07-30 05:37:40,Meta Ads (Instagram),Android,v2.5.2,Control_A,India
usr_006911,2026-06-15,2026-06-15 13:15:23,Meta Ads (Instagram),iOS,v2.5.2,Control_A,Canada
usr_006912,2026-08-14,2026-08-14 11:02:21,Referral,Android,v2.5.1,Variant_B,Germany
usr_006913,2026-07-19,2026-07-19 12:23:48,Meta Ads (Instagram),Android,v2.5.2,Variant_B,Germany
usr_006914,2026-08-16,2026-08-16 02:09:33,Meta Ads (Instagram),iOS,v2.5.3,Variant_B,Canada
usr_006915,2026-06-09,2026-06-09 15:24:12,Influencer Campaign,iOS,v2.5.2,Variant_B,United States
usr_006916,2026-08-20,2026-08-20 07:23:28,Organic Search,Android,v2.5.2,Variant_B,United Kingdom
usr_006917,2026-08-29,2026-08-29 08:20:00,Referral,Android,v2.5.3,Variant_B,India
usr_006918,2026-07-14,2026-07-14 06:27:09,Paid Search (Google),Android,v2.5.2,Variant_B,United States
usr_006919,2026-07-16,2026-07-16 08:33:36,Paid Search (Google),iOS,v2.5.1,Variant_B,India
usr_006920,2026-07-10,2026-07-10 09:26:47,Meta Ads (Instagram),Android,v2.5.2,Variant_B,United Kingdom
usr_006921,2026-06-28,2026-06-28 02:47:57,Meta Ads (Instagram),Android,v2.5.2,Variant_B,India
usr_006922,2026-07-28,2026-07-28 17:53:20,Influencer Campaign,iOS,v2.5.1,Variant_B,United Kingdom
usr_006923,2026-08-26,2026-08-26 09:53:42,Referral,Android,v2.5.1,Variant_B,United States
usr_006924,2026-08-14,2026-08-14 16:05:11,Organic Search,Android,v2.5.2,Control_A,Germany
usr_006925,2026-07-01,2026-07-01 13:05:09,Meta Ads (Instagram),iOS,v2.5.1,Variant_B,Germany
usr_006926,2026-07-14,2026-07-14 02:23:41,Paid Search (Google),Android,v2.5.3,Control_A,United Kingdom
usr_006927,2026-07-21,2026-07-21 14:15:34,Referral,iOS,v2.5.1,Variant_B,India
usr_006928,2026-06-23,2026-06-23 10:55:25,Organic Search,iOS,v2.5.3,Variant_B,India
usr_006929,2026-07-04,2026-07-04 19:18:20,Paid Search (Google),Android,v2.5.1,Variant_B,United Kingdom
usr_006930,2026-08-09,2026-08-09 03:07:49,Paid Search (Google),Android,v2.5.3,Control_A,United Kingdom
usr_006931,2026-07-21,2026-07-21 18:39:20,Referral,Android,v2.5.2,Control_A,United States
usr_006932,2026-08-28,2026-08-28 01:20:35,Organic Search,iOS,v2.5.3,Control_A,United Kingdom
usr_006933,2026-06-23,2026-06-23 05:10:57,Meta Ads (Instagram),Android,v2.5.1,Control_A,United Kingdom
usr_006934,2026-06-07,2026-06-07 10:02:31,Paid Search (Google),iOS,v2.5.1,Control_A,United States
usr_006935,2026-08-01,2026-08-01 00:52:54,Influencer Campaign,Android,v2.5.1,Control_A,United Kingdom
usr_006936,2026-06-07,2026-06-07 04:23:29,Referral,Web,v3.1.0-web,Variant_B,Canada
usr_006937,2026-08-13,2026-08-13 09:36:29,Paid Search (Google),Android,v2.5.2,Variant_B,India
usr_006938,2026-07-27,2026-07-27 01:27:32,Organic Search,Android,v2.5.2,Control_A,India
usr_006939,2026-07-06,2026-07-06 17:20:13,Referral,iOS,v2.5.3,Variant_B,India
usr_006940,2026-06-27,2026-06-27 03:35:31,Meta Ads (Instagram),iOS,v2.5.3,Variant_B,Canada
usr_006941,2026-08-09,2026-08-09 15:18:01,Paid Search (Google),Android,v2.5.3,Variant_B,United States
usr_006942,2026-08-18,2026-08-18 00:27:46,Meta Ads (Instagram),Web,v3.1.0-web,Variant_B,United Kingdom
usr_006943,2026-06-08,2026-06-08 07:35:36,Referral,iOS,v2.5.2,Variant_B,United States
usr_006944,2026-08-03,2026-08-03 16:06:59,Organic Search,iOS,v2.5.3,Variant_B,United Kingdom
usr_006945,2026-08-15,2026-08-15 22:22:17,Meta Ads (Instagram),iOS,v2.5.1,Variant_B,United States
usr_006946,2026-08-06,2026-08-06 19:31:07,Paid Search (Google),iOS,v2.5.2,Variant_B,United Kingdom
usr_006947,2026-06-30,2026-06-30 04:54:06,Organic Search,Android,v2.5.1,Control_A,United States
usr_006948,2026-07-28,2026-07-28 03:08:18,Organic Search,Android,v2.5.2,Control_A,Canada
usr_006949,2026-06-19,2026-06-19 19:00:04,Paid Search (Google),Android,v2.5.2,Variant_B,Germany
usr_006950,2026-07-27,2026-07-27 13:05:15,Paid Search (Google),Android,v2.5.1,Control_A,United Kingdom
usr_006951,2026-07-31,2026-07-31 17:16:05,Influencer Campaign,Web,v3.1.0-web,Control_A,United Kingdom
usr_006952,2026-07-08,2026-07-08 22:25:03,Meta Ads (Instagram),iOS,v2.5.2,Control_A,India
usr_006953,2026-08-14,2026-08-14 12:14:39,Organic Search,iOS,v2.5.3,Control_A,Canada
usr_006954,2026-08-07,2026-08-07 22:22:39,Meta Ads (Instagram),Android,v2.5.2,Variant_B,Canada
usr_006955,2026-07-08,2026-07-08 11:06:48,Meta Ads (Instagram),iOS,v2.5.1,Variant_B,United Kingdom
usr_006956,2026-07-15,2026-07-15 21:17:53,Organic Search,Android,v2.5.1,Control_A,Canada
usr_006957,2026-06-13,2026-06-13 18:02:06,Paid Search (Google),iOS,v2.5.2,Control_A,United Kingdom
usr_006958,2026-06-05,2026-06-05 18:52:15,Organic Search,iOS,v2.5.3,Control_A,Canada
usr_006959,2026-06-16,2026-06-16 00:30:39,Paid Search (Google),iOS,v2.5.1,Control_A,United Kingdom
usr_006960,2026-07-03,2026-07-03 20:16:14,Paid Search (Google),iOS,v2.5.2,Control_A,United States
usr_006961,2026-08-04,2026-08-04 07:55:20,Paid Search (Google),iOS,v2.5.1,Control_A,United States
usr_006962,2026-07-30,2026-07-30 05:11:43,Influencer Campaign,iOS,v2.5.2,Control_A,India
usr_006963,2026-06-09,2026-06-09 11:11:17,Meta Ads (Instagram),Android,v2.5.1,Variant_B,India
usr_006964,2026-06-26,2026-06-26 19:20:04,Organic Search,Android,v2.5.2,Control_A,Canada
usr_006965,2026-08-04,2026-08-04 19:33:42,Organic Search,iOS,v2.5.2,Control_A,United States
usr_006966,2026-06-23,2026-06-23 15:53:37,Organic Search,Android,v2.5.2,Control_A,Canada
usr_006967,2026-08-14,2026-08-14 10:17:37,Meta Ads (Instagram),Android,v2.5.2,Variant_B,India
usr_006968,2026-08-09,2026-08-09 14:31:44,Meta Ads (Instagram),iOS,v2.5.3,Variant_B,India
usr_006969,2026-07-30,2026-07-30 09:52:40,Organic Search,iOS,v2.5.1,Control_A,India
usr_006970,2026-07-14,2026-07-14 15:04:58,Paid Search (Google),Android,v2.5.3,Variant_B,Canada
usr_006971,2026-07-08,2026-07-08 02:48:05,Meta Ads (Instagram),iOS,v2.5.1,Variant_B,Germany
usr_006972,2026-07-14,2026-07-14 12:27:07,Organic Search,Web,v3.1.0-web,Control_A,Germany
usr_006973,2026-06-08,2026-06-08 20:09:46,Organic Search,Android,v2.5.3,Control_A,Germany
usr_006974,2026-06-11,2026-06-11 03:48:05,Meta Ads (Instagram),Android,v2.5.2,Variant_B,United Kingdom
usr_006975,2026-08-02,2026-08-02 10:34:05,Meta Ads (Instagram),Android,v2.5.3,Variant_B,Germany
usr_006976,2026-07-21,2026-07-21 21:21:57,Meta Ads (Instagram),iOS,v2.5.2,Control_A,Germany
usr_006977,2026-07-21,2026-07-21 00:41:44,Referral,Web,v3.1.0-web,Control_A,Canada
usr_006978,2026-06-13,2026-06-13 01:45:11,Paid Search (Google),Android,v2.5.1,Control_A,India
usr_006979,2026-08-04,2026-08-04 07:59:49,Organic Search,Android,v2.5.1,Variant_B,India
usr_006980,2026-06-22,2026-06-22 14:09:02,Influencer Campaign,iOS,v2.5.1,Control_A,Germany
usr_006981,2026-08-26,2026-08-26 19:56:34,Organic Search,iOS,v2.5.1,Control_A,Canada
usr_006982,2026-08-26,2026-08-26 14:04:53,Meta Ads (Instagram),iOS,v2.5.3,Control_A,India
usr_006983,2026-06-16,2026-06-16 00:47:59,Organic Search,Android,v2.5.2,Variant_B,Canada
usr_006984,2026-07-21,2026-07-21 02:05:16,Meta Ads (Instagram),Android,v2.5.1,Control_A,India
usr_006985,2026-06-29,2026-06-29 03:42:13,Paid Search (Google),iOS,v2.5.1,Control_A,Germany
usr_006986,2026-06-29,2026-06-29 08:22:23,Meta Ads (Instagram),iOS,v2.5.1,Variant_B,United States
usr_006987,2026-06-10,2026-06-10 23:08:44,Meta Ads (Instagram),Web,v3.1.0-web,Control_A,Canada
usr_006988,2026-06-12,2026-06-12 14:40:33,Organic Search,iOS,v2.5.1,Control_A,United Kingdom
usr_006989,2026-08-27,2026-08-27 13:56:31,Meta Ads (Instagram),iOS,v2.5.2,Control_A,United States
usr_006990,2026-07-03,2026-07-03 09:09:55,Meta Ads (Instagram),Android,v2.5.1,Control_A,United States
usr_006991,2026-06-20,2026-06-20 05:33:01,Referral,Android,v2.5.3,Control_A,Canada
usr_006992,2026-07-03,2026-07-03 08:31:35,Paid Search (Google),Android,v2.5.2,Variant_B,Canada
usr_006993,2026-06-02,2026-06-02 15:51:17,Paid Search (Google),Android,v2.5.3,Variant_B,Canada
usr_006994,2026-07-24,2026-07-24 04:23:38,Paid Search (Google),iOS,v2.5.3,Variant_B,United States
usr_006995,2026-08-27,2026-08-27 22:44:42,Organic Search,iOS,v2.5.3,Control_A,Germany
usr_006996,2026-07-26,2026-07-26 18:01:09,Meta Ads (Instagram),Android,v2.5.2,Control_A,United Kingdom
usr_006997,2026-06-14,2026-06-14 22:44:05,Meta Ads (Instagram),Android,v2.5.2,Control_A,India
usr_006998,2026-06-28,2026-06-28 17:54:50,Referral,iOS,v2.5.3,Variant_B,Germany
usr_006999,2026-08-24,2026-08-24 07:51:02,Meta Ads (Instagram),Android,v2.5.2,Control_A,Canada
usr_007000,2026-07-25,2026-07-25 10:55:03,Meta Ads (Instagram),Android,v2.5.1,Variant_B,Germany
usr_007001,2026-07-07,2026-07-07 21:55:29,Meta Ads (Instagram),iOS,v2.5.2,Variant_B,United Kingdom
usr_007002,2026-08-28,2026-08-28 18:57:27,Meta Ads (Instagram),iOS,v2.5.2,Control_A,Canada
usr_007003,2026-07-24,2026-07-24 02:37:31,Paid Search (Google),iOS,v2.5.2,Variant_B,Canada
usr_007004,2026-06-26,2026-06-26 05:26:31,Organic Search,Android,v2.5.3,Control_A,Canada
usr_007005,2026-06-03,2026-06-03 10:11:12,Paid Search (Google),iOS,v2.5.2,Variant_B,United Kingdom
usr_007006,2026-08-13,2026-08-13 03:08:18,Organic Search,iOS,v2.5.2,Variant_B,United Kingdom
usr_007007,2026-06-22,2026-06-22 21:21:15,Meta Ads (Instagram),Android,v2.5.3,Control_A,United Kingdom
usr_007008,2026-06-10,2026-06-10 10:10:44,Organic Search,iOS,v2.5.3,Control_A,Germany
usr_007009,2026-07-23,2026-07-23 09:41:59,Referral,Web,v3.1.0-web,Control_A,Canada
usr_007010,2026-08-16,2026-08-16 13:58:34,Paid Search (Google),Web,v3.1.0-web,Variant_B,Canada
usr_007011,2026-07-12,2026-07-12 13:25:45,Paid Search (Google),Android,v2.5.1,Control_A,India
usr_007012,2026-07-21,2026-07-21 03:25:04,Paid Search (Google),Android,v2.5.2,Control_A,Germany
usr_007013,2026-06-03,2026-06-03 06:49:14,Meta Ads (Instagram),Android,v2.5.1,Control_A,India
usr_007014,2026-07-06,2026-07-06 08:50:30,Paid Search (Google),Android,v2.5.1,Control_A,India
usr_007015,2026-07-07,2026-07-07 14:32:30,Meta Ads (Instagram),iOS,v2.5.3,Control_A,Germany
usr_007016,2026-07-28,2026-07-28 13:27:16,Paid Search (Google),Android,v2.5.3,Variant_B,Canada
usr_007017,2026-08-19,2026-08-19 04:33:00,Paid Search (Google),Android,v2.5.3,Variant_B,Canada
usr_007018,2026-07-03,2026-07-03 01:35:13,Meta Ads (Instagram),Android,v2.5.3,Control_A,Canada
usr_007019,2026-07-01,2026-07-01 12:07:12,Paid Search (Google),iOS,v2.5.2,Variant_B,Canada
usr_007020,2026-08-12,2026-08-12 02:51:34,Organic Search,iOS,v2.5.2,Control_A,United States
usr_007021,2026-08-06,2026-08-06 09:02:27,Organic Search,Android,v2.5.3,Control_A,India
usr_007022,2026-06-20,2026-06-20 10:33:22,Meta Ads (Instagram),Android,v2.5.2,Control_A,India
usr_007023,2026-07-24,2026-07-24 16:44:50,Paid Search (Google),Android,v2.5.1,Variant_B,Canada
usr_007024,2026-08-17,2026-08-17 18:15:57,Organic Search,iOS,v2.5.3,Control_A,Canada
usr_007025,2026-07-30,2026-07-30 21:48:50,Meta Ads (Instagram),Android,v2.5.2,Control_A,United States
usr_007026,2026-06-20,2026-06-20 10:49:25,Meta Ads (Instagram),Android,v2.5.1,Variant_B,United Kingdom
usr_007027,2026-07-02,2026-07-02 21:58:02,Meta Ads (Instagram),iOS,v2.5.2,Control_A,Canada
usr_007028,2026-08-28,2026-08-28 05:41:41,Paid Search (Google),Android,v2.5.3,Variant_B,United Kingdom
usr_007029,2026-07-21,2026-07-21 18:21:41,Paid Search (Google),Android,v2.5.3,Control_A,United Kingdom
usr_007030,2026-08-22,2026-08-22 10:45:51,Organic Search,iOS,v2.5.2,Variant_B,India
usr_007031,2026-08-04,2026-08-04 14:45:06,Meta Ads (Instagram),Android,v2.5.2,Control_A,United States
usr_007032,2026-07-11,2026-07-11 12:02:46,Organic Search,Android,v2.5.3,Variant_B,United States
usr_007033,2026-06-13,2026-06-13 15:32:57,Meta Ads (Instagram),Android,v2.5.1,Variant_B,Canada
usr_007034,2026-08-19,2026-08-19 03:32:50,Meta Ads (Instagram),iOS,v2.5.3,Control_A,India
usr_007035,2026-08-06,2026-08-06 10:26:04,Meta Ads (Instagram),iOS,v2.5.3,Control_A,United Kingdom
usr_007036,2026-07-19,2026-07-19 03:45:36,Influencer Campaign,Android,v2.5.3,Control_A,Germany
usr_007037,2026-08-11,2026-08-11 18:26:42,Influencer Campaign,iOS,v2.5.3,Variant_B,India
usr_007038,2026-07-25,2026-07-25 14:12:16,Meta Ads (Instagram),iOS,v2.5.3,Control_A,India
usr_007039,2026-08-01,2026-08-01 01:22:39,Meta Ads (Instagram),iOS,v2.5.2,Variant_B,United Kingdom
usr_007040,2026-08-16,2026-08-16 06:12:31,Meta Ads (Instagram),Android,v2.5.3,Variant_B,India
usr_007041,2026-08-13,2026-08-13 00:28:46,Paid Search (Google),iOS,v2.5.2,Control_A,Germany
usr_007042,2026-07-04,2026-07-04 06:05:06,Organic Search,iOS,v2.5.3,Control_A,United States
usr_007043,2026-07-24,2026-07-24 03:41:40,Meta Ads (Instagram),Android,v2.5.1,Variant_B,India
usr_007044,2026-06-15,2026-06-15 01:29:05,Paid Search (Google),Android,v2.5.2,Control_A,United States
usr_007045,2026-08-08,2026-08-08 22:38:37,Meta Ads (Instagram),iOS,v2.5.3,Control_A,India
usr_007046,2026-07-06,2026-07-06 17:31:27,Organic Search,Android,v2.5.3,Control_A,Canada
usr_007047,2026-07-23,2026-07-23 03:46:05,Paid Search (Google),iOS,v2.5.2,Control_A,United States
usr_007048,2026-06-29,2026-06-29 06:44:57,Organic Search,iOS,v2.5.2,Control_A,United States
usr_007049,2026-07-17,2026-07-17 23:59:53,Organic Search,Android,v2.5.1,Variant_B,United States
usr_007050,2026-08-05,2026-08-05 16:19:23,Meta Ads (Instagram),Android,v2.5.2,Variant_B,Germany
usr_007051,2026-07-05,2026-07-05 15:21:03,Meta Ads (Instagram),iOS,v2.5.2,Variant_B,Germany
usr_007052,2026-07-24,2026-07-24 10:59:50,Referral,iOS,v2.5.3,Control_A,India
usr_007053,2026-08-10,2026-08-10 16:24:38,Meta Ads (Instagram),iOS,v2.5.2,Variant_B,Canada
usr_007054,2026-08-18,2026-08-18 22:06:26,Organic Search,Web,v3.1.0-web,Variant_B,United States
usr_007055,2026-07-02,2026-07-02 18:27:50,Meta Ads (Instagram),Android,v2.5.1,Control_A,United Kingdom
usr_007056,2026-07-04,2026-07-04 02:53:49,Organic Search,Android,v2.5.3,Control_A,United Kingdom
usr_007057,2026-06-10,2026-06-10 12:44:35,Paid Search (Google),iOS,v2.5.2,Control_A,Canada
usr_007058,2026-08-04,2026-08-04 17:09:49,Meta Ads (Instagram),Android,v2.5.3,Control_A,India
usr_007059,2026-08-27,2026-08-27 09:34:22,Meta Ads (Instagram),Android,v2.5.2,Control_A,United Kingdom
usr_007060,2026-08-17,2026-08-17 19:15:29,Paid Search (Google),Android,v2.5.1,Variant_B,India
usr_007061,2026-07-11,2026-07-11 18:10:53,Paid Search (Google),Android,v2.5.2,Control_A,United Kingdom
usr_007062,2026-06-25,2026-06-25 12:02:50,Meta Ads (Instagram),Android,v2.5.1,Variant_B,Canada
usr_007063,2026-08-29,2026-08-29 17:10:25,Influencer Campaign,Android,v2.5.1,Variant_B,India
usr_007064,2026-07-12,2026-07-12 05:21:49,Referral,Android,v2.5.3,Control_A,Canada
usr_007065,2026-06-05,2026-06-05 01:54:30,Organic Search,Web,v3.1.0-web,Variant_B,India
usr_007066,2026-08-16,2026-08-16 09:00:41,Meta Ads (Instagram),Android,v2.5.2,Variant_B,United States
usr_007067,2026-06-10,2026-06-10 02:01:47,Influencer Campaign,iOS,v2.5.3,Variant_B,United States
usr_007068,2026-06-15,2026-06-15 05:26:44,Referral,Android,v2.5.3,Variant_B,United States
usr_007069,2026-08-03,2026-08-03 19:28:56,Meta Ads (Instagram),iOS,v2.5.2,Control_A,Canada
usr_007070,2026-07-15,2026-07-15 14:25:54,Organic Search,Android,v2.5.3,Control_A,Canada
usr_007071,2026-06-19,2026-06-19 19:04:19,Influencer Campaign,iOS,v2.5.3,Variant_B,United Kingdom
usr_007072,2026-08-22,2026-08-22 02:33:56,Organic Search,Android,v2.5.1,Variant_B,Canada
usr_007073,2026-07-21,2026-07-21 03:51:20,Meta Ads (Instagram),iOS,v2.5.1,Control_A,United States
usr_007074,2026-08-02,2026-08-02 05:26:13,Influencer Campaign,iOS,v2.5.2,Variant_B,Canada
usr_007075,2026-06-08,2026-06-08 09:52:44,Meta Ads (Instagram),Android,v2.5.1,Variant_B,India
usr_007076,2026-06-17,2026-06-17 13:49:59,Organic Search,iOS,v2.5.2,Control_A,Germany
usr_007077,2026-08-13,2026-08-13 20:38:26,Meta Ads (Instagram),Android,v2.5.2,Variant_B,United Kingdom
usr_007078,2026-06-07,2026-06-07 16:07:51,Paid Search (Google),Android,v2.5.2,Control_A,United Kingdom
usr_007079,2026-08-21,2026-08-21 19:54:24,Meta Ads (Instagram),iOS,v2.5.2,Variant_B,Germany
usr_007080,2026-06-29,2026-06-29 16:28:33,Organic Search,iOS,v2.5.3,Variant_B,Germany
usr_007081,2026-06-14,2026-06-14 15:04:23,Meta Ads (Instagram),Android,v2.5.3,Control_A,Germany
usr_007082,2026-06-10,2026-06-10 08:01:45,Paid Search (Google),iOS,v2.5.2,Variant_B,India
usr_007083,2026-06-04,2026-06-04 09:42:08,Meta Ads (Instagram),iOS,v2.5.2,Control_A,India
usr_007084,2026-06-07,2026-06-07 12:55:21,Meta Ads (Instagram),Web,v3.1.0-web,Control_A,United Kingdom
usr_007085,2026-07-10,2026-07-10 10:30:40,Organic Search,iOS,v2.5.1,Variant_B,India
usr_007086,2026-07-14,2026-07-14 21:33:20,Organic Search,Android,v2.5.1,Control_A,Canada
usr_007087,2026-06-18,2026-06-18 02:00:35,Paid Search (Google),iOS,v2.5.3,Variant_B,Germany
usr_007088,2026-07-24,2026-07-24 01:44:14,Meta Ads (Instagram),iOS,v2.5.3,Control_A,Germany
usr_007089,2026-06-02,2026-06-02 17:23:53,Organic Search,iOS,v2.5.3,Control_A,Canada
usr_007090,2026-08-03,2026-08-03 22:16:21,Organic Search,Web,v3.1.0-web,Control_A,Canada
usr_007091,2026-06-13,2026-06-13 11:50:51,Organic Search,iOS,v2.5.2,Variant_B,United Kingdom
usr_007092,2026-07-10,2026-07-10 13:14:46,Meta Ads (Instagram),Android,v2.5.2,Control_A,India
usr_007093,2026-07-30,2026-07-30 08:17:26,Paid Search (Google),iOS,v2.5.2,Control_A,United States
usr_007094,2026-06-02,2026-06-02 13:14:24,Organic Search,iOS,v2.5.2,Control_A,India
usr_007095,2026-07-08,2026-07-08 02:20:55,Organic Search,Android,v2.5.1,Control_A,India
usr_007096,2026-08-10,2026-08-10 21:38:29,Organic Search,Android,v2.5.2,Control_A,United States
usr_007097,2026-07-11,2026-07-11 16:07:59,Meta Ads (Instagram),iOS,v2.5.2,Variant_B,United States
usr_007098,2026-06-21,2026-06-21 00:46:20,Paid Search (Google),iOS,v2.5.1,Control_A,United States
usr_007099,2026-08-21,2026-08-21 17:37:04,Meta Ads (Instagram),Android,v2.5.2,Variant_B,India
usr_007100,2026-07-17,2026-07-17 12:48:05,Influencer Campaign,Android,v2.5.3,Variant_B,Canada
usr_007101,2026-06-23,2026-06-23 10:47:47,Meta Ads (Instagram),Android,v2.5.1,Variant_B,United States
usr_007102,2026-07-09,2026-07-09 10:28:55,Paid Search (Google),iOS,v2.5.1,Variant_B,United Kingdom
usr_007103,2026-07-06,2026-07-06 08:27:57,Meta Ads (Instagram),iOS,v2.5.1,Control_A,United States
usr_007104,2026-06-29,2026-06-29 03:03:19,Paid Search (Google),iOS,v2.5.1,Variant_B,Canada
usr_007105,2026-06-29,2026-06-29 02:27:32,Influencer Campaign,Android,v2.5.1,Control_A,India
usr_007106,2026-08-07,2026-08-07 14:07:10,Meta Ads (Instagram),Android,v2.5.3,Control_A,United Kingdom
usr_007107,2026-06-20,2026-06-20 06:04:15,Paid Search (Google),Android,v2.5.3,Variant_B,Germany
usr_007108,2026-06-10,2026-06-10 02:59:57,Referral,iOS,v2.5.3,Variant_B,United Kingdom
usr_007109,2026-06-12,2026-06-12 20:22:11,Influencer Campaign,Android,v2.5.1,Variant_B,United Kingdom
usr_007110,2026-08-29,2026-08-29 03:05:35,Paid Search (Google),Web,v3.1.0-web,Variant_B,Germany
usr_007111,2026-07-21,2026-07-21 14:03:38,Meta Ads (Instagram),iOS,v2.5.1,Control_A,Germany
usr_007112,2026-06-11,2026-06-11 07:47:42,Paid Search (Google),Android,v2.5.1,Control_A,Canada
usr_007113,2026-07-29,2026-07-29 03:01:19,Influencer Campaign,Android,v2.5.3,Variant_B,Germany
usr_007114,2026-07-28,2026-07-28 18:30:37,Meta Ads (Instagram),Web,v3.1.0-web,Control_A,Germany
usr_007115,2026-06-30,2026-06-30 16:45:49,Meta Ads (Instagram),Android,v2.5.3,Control_A,United States
usr_007116,2026-08-19,2026-08-19 18:49:24,Referral,iOS,v2.5.2,Variant_B,India
usr_007117,2026-08-13,2026-08-13 19:14:39,Meta Ads (Instagram),iOS,v2.5.2,Variant_B,United Kingdom
usr_007118,2026-07-30,2026-07-30 09:28:16,Referral,iOS,v2.5.2,Variant_B,Canada
usr_007119,2026-06-28,2026-06-28 21:22:59,Meta Ads (Instagram),Android,v2.5.3,Control_A,United States
usr_007120,2026-08-14,2026-08-14 13:44:58,Influencer Campaign,Web,v3.1.0-web,Variant_B,United States
usr_007121,2026-06-21,2026-06-21 18:39:39,Meta Ads (Instagram),Android,v2.5.2,Variant_B,United States
usr_007122,2026-08-02,2026-08-02 13:36:58,Meta Ads (Instagram),iOS,v2.5.3,Control_A,India
usr_007123,2026-08-12,2026-08-12 22:50:34,Influencer Campaign,iOS,v2.5.3,Variant_B,Germany
usr_007124,2026-06-07,2026-06-07 19:41:23,Paid Search (Google),iOS,v2.5.2,Control_A,Germany
usr_007125,2026-06-23,2026-06-23 23:17:43,Organic Search,Android,v2.5.1,Variant_B,India
usr_007126,2026-07-21,2026-07-21 03:39:43,Organic Search,iOS,v2.5.3,Control_A,Germany
usr_007127,2026-06-29,2026-06-29 15:45:55,Referral,Android,v2.5.2,Variant_B,Canada
usr_007128,2026-07-10,2026-07-10 07:58:03,Meta Ads (Instagram),iOS,v2.5.3,Variant_B,United States
usr_007129,2026-08-24,2026-08-24 01:11:27,Paid Search (Google),Android,v2.5.2,Control_A,United Kingdom
usr_007130,2026-06-15,2026-06-15 08:02:50,Organic Search,Android,v2.5.3,Control_A,Canada
usr_007131,2026-06-07,2026-06-07 07:10:55,Paid Search (Google),Android,v2.5.2,Variant_B,India
usr_007132,2026-07-06,2026-07-06 12:47:56,Organic Search,Android,v2.5.3,Variant_B,United States
usr_007133,2026-07-27,2026-07-27 20:12:20,Paid Search (Google),iOS,v2.5.3,Control_A,India
usr_007134,2026-08-07,2026-08-07 14:38:31,Meta Ads (Instagram),Android,v2.5.3,Variant_B,India
usr_007135,2026-08-26,2026-08-26 00:41:01,Referral,iOS,v2.5.1,Variant_B,Canada
usr_007136,2026-08-05,2026-08-05 05:35:59,Meta Ads (Instagram),iOS,v2.5.2,Control_A,United Kingdom
usr_007137,2026-07-22,2026-07-22 17:47:39,Meta Ads (Instagram),Android,v2.5.3,Variant_B,United States
usr_007138,2026-07-26,2026-07-26 20:09:47,Influencer Campaign,iOS,v2.5.2,Variant_B,Canada
usr_007139,2026-07-01,2026-07-01 14:58:26,Meta Ads (Instagram),iOS,v2.5.3,Control_A,Germany
usr_007140,2026-07-27,2026-07-27 18:28:47,Meta Ads (Instagram),Android,v2.5.2,Control_A,United States
usr_007141,2026-07-25,2026-07-25 07:55:30,Meta Ads (Instagram),Android,v2.5.3,Variant_B,United States
usr_007142,2026-07-27,2026-07-27 22:14:45,Paid Search (Google),Android,v2.5.1,Control_A,United Kingdom
usr_007143,2026-07-15,2026-07-15 03:34:14,Referral,Web,v3.1.0-web,Control_A,India
usr_007144,2026-06-08,2026-06-08 14:49:46,Referral,Android,v2.5.2,Variant_B,United States
usr_007145,2026-07-11,2026-07-11 20:50:30,Influencer Campaign,iOS,v2.5.2,Control_A,United States
usr_007146,2026-06-17,2026-06-17 17:51:23,Meta Ads (Instagram),iOS,v2.5.1,Variant_B,United States
usr_007147,2026-06-23,2026-06-23 14:21:22,Influencer Campaign,Android,v2.5.3,Variant_B,United States
usr_007148,2026-08-05,2026-08-05 08:42:40,Organic Search,Android,v2.5.1,Variant_B,United States
usr_007149,2026-06-22,2026-06-22 23:34:22,Influencer Campaign,iOS,v2.5.3,Variant_B,United Kingdom
usr_007150,2026-07-10,2026-07-10 16:31:05,Organic Search,Android,v2.5.1,Control_A,United States
usr_007151,2026-08-01,2026-08-01 01:54:34,Organic Search,Web,v3.1.0-web,Variant_B,Germany
usr_007152,2026-06-08,2026-06-08 09:30:05,Organic Search,Android,v2.5.1,Variant_B,Canada
usr_007153,2026-08-08,2026-08-08 11:52:37,Paid Search (Google),iOS,v2.5.1,Variant_B,India
usr_007154,2026-06-27,2026-06-27 12:38:36,Paid Search (Google),Android,v2.5.1,Control_A,Canada
usr_007155,2026-08-16,2026-08-16 07:39:15,Organic Search,iOS,v2.5.1,Variant_B,India
usr_007156,2026-06-26,2026-06-26 09:40:35,Paid Search (Google),iOS,v2.5.3,Control_A,Canada
usr_007157,2026-07-14,2026-07-14 10:08:30,Organic Search,iOS,v2.5.2,Variant_B,United States
usr_007158,2026-06-23,2026-06-23 11:52:02,Referral,iOS,v2.5.2,Control_A,India
usr_007159,2026-06-12,2026-06-12 12:50:11,Paid Search (Google),iOS,v2.5.1,Variant_B,India
usr_007160,2026-07-31,2026-07-31 16:09:04,Organic Search,Android,v2.5.3,Variant_B,United Kingdom
usr_007161,2026-07-13,2026-07-13 08:34:51,Referral,Web,v3.1.0-web,Variant_B,Germany
usr_007162,2026-06-23,2026-06-23 12:14:36,Referral,Android,v2.5.1,Control_A,Germany
usr_007163,2026-08-22,2026-08-22 21:16:53,Meta Ads (Instagram),Android,v2.5.3,Control_A,Canada
usr_007164,2026-08-25,2026-08-25 00:10:50,Organic Search,Android,v2.5.3,Control_A,Germany
usr_007165,2026-08-27,2026-08-27 16:15:38,Referral,iOS,v2.5.3,Variant_B,Canada
usr_007166,2026-07-29,2026-07-29 17:46:35,Meta Ads (Instagram),iOS,v2.5.3,Control_A,Germany
usr_007167,2026-07-18,2026-07-18 15:09:00,Organic Search,Android,v2.5.1,Control_A,United Kingdom
usr_007168,2026-07-29,2026-07-29 09:45:55,Organic Search,iOS,v2.5.1,Control_A,Canada
usr_007169,2026-07-23,2026-07-23 06:02:34,Meta Ads (Instagram),iOS,v2.5.3,Control_A,Canada
usr_007170,2026-08-26,2026-08-26 08:54:24,Meta Ads (Instagram),iOS,v2.5.2,Control_A,United Kingdom
usr_007171,2026-08-15,2026-08-15 23:56:49,Paid Search (Google),iOS,v2.5.1,Control_A,United States
usr_007172,2026-08-20,2026-08-20 17:07:05,Paid Search (Google),Android,v2.5.1,Control_A,Germany
usr_007173,2026-08-07,2026-08-07 22:29:24,Meta Ads (Instagram),iOS,v2.5.3,Control_A,Canada
usr_007174,2026-07-22,2026-07-22 05:22:13,Paid Search (Google),Android,v2.5.1,Control_A,United States
usr_007175,2026-08-03,2026-08-03 18:45:13,Paid Search (Google),Android,v2.5.2,Variant_B,United Kingdom
usr_007176,2026-07-21,2026-07-21 20:52:52,Meta Ads (Instagram),iOS,v2.5.2,Variant_B,United Kingdom
usr_007177,2026-06-08,2026-06-08 10:37:22,Meta Ads (Instagram),Android,v2.5.1,Variant_B,Germany
usr_007178,2026-08-09,2026-08-09 16:18:58,Influencer Campaign,Android,v2.5.3,Control_A,United Kingdom
usr_007179,2026-06-17,2026-06-17 12:34:23,Referral,iOS,v2.5.1,Control_A,India
usr_007180,2026-08-12,2026-08-12 16:56:34,Organic Search,iOS,v2.5.2,Control_A,Germany
usr_007181,2026-07-15,2026-07-15 08:39:24,Meta Ads (Instagram),iOS,v2.5.1,Variant_B,United States
usr_007182,2026-06-15,2026-06-15 14:52:39,Influencer Campaign,iOS,v2.5.2,Control_A,India
usr_007183,2026-08-24,2026-08-24 16:38:03,Meta Ads (Instagram),Web,v3.1.0-web,Control_A,India
usr_007184,2026-08-24,2026-08-24 21:12:03,Organic Search,Android,v2.5.3,Control_A,United Kingdom
usr_007185,2026-06-07,2026-06-07 19:47:28,Referral,Android,v2.5.3,Control_A,Germany
usr_007186,2026-07-23,2026-07-23 10:09:44,Meta Ads (Instagram),Android,v2.5.1,Control_A,Canada
usr_007187,2026-07-01,2026-07-01 04:25:03,Organic Search,Android,v2.5.3,Variant_B,India
usr_007188,2026-07-26,2026-07-26 01:31:13,Referral,Android,v2.5.2,Variant_B,United Kingdom
usr_007189,2026-07-28,2026-07-28 17:05:32,Organic Search,iOS,v2.5.2,Control_A,Canada
usr_007190,2026-06-18,2026-06-18 04:49:58,Referral,Android,v2.5.3,Variant_B,United States
usr_007191,2026-06-01,2026-06-01 00:04:25,Organic Search,Android,v2.5.3,Control_A,United Kingdom
usr_007192,2026-07-09,2026-07-09 08:32:52,Meta Ads (Instagram),Android,v2.5.3,Variant_B,Canada
usr_007193,2026-07-24,2026-07-24 19:31:49,Organic Search,Android,v2.5.3,Variant_B,United Kingdom
usr_007194,2026-07-19,2026-07-19 15:09:19,Paid Search (Google),Android,v2.5.1,Variant_B,Canada
usr_007195,2026-07-10,2026-07-10 05:59:01,Organic Search,Android,v2.5.1,Variant_B,Germany
usr_007196,2026-06-06,2026-06-06 07:59:33,Meta Ads (Instagram),Android,v2.5.2,Control_A,Germany
usr_007197,2026-07-30,2026-07-30 04:17:40,Organic Search,Android,v2.5.2,Control_A,Canada
usr_007198,2026-06-23,2026-06-23 02:47:16,Organic Search,iOS,v2.5.2,Control_A,India
usr_007199,2026-08-03,2026-08-03 13:02:14,Organic Search,iOS,v2.5.2,Variant_B,India
usr_007200,2026-07-24,2026-07-24 23:22:50,Referral,iOS,v2.5.2,Control_A,India
usr_007201,2026-07-15,2026-07-15 18:32:45,Paid Search (Google),iOS,v2.5.2,Variant_B,Germany
usr_007202,2026-06-18,2026-06-18 18:32:17,Meta Ads (Instagram),Web,v3.1.0-web,Variant_B,Canada
usr_007203,2026-07-16,2026-07-16 19:25:33,Paid Search (Google),Android,v2.5.3,Control_A,Germany
usr_007204,2026-06-25,2026-06-25 08:24:16,Meta Ads (Instagram),iOS,v2.5.2,Control_A,Germany
usr_007205,2026-07-16,2026-07-16 19:56:02,Paid Search (Google),iOS,v2.5.3,Variant_B,India
usr_007206,2026-08-22,2026-08-22 15:17:53,Paid Search (Google),iOS,v2.5.1,Variant_B,Canada
usr_007207,2026-06-01,2026-06-01 19:00:30,Paid Search (Google),iOS,v2.5.2,Control_A,India
usr_007208,2026-07-20,2026-07-20 12:53:56,Meta Ads (Instagram),Web,v3.1.0-web,Control_A,United Kingdom
usr_007209,2026-06-18,2026-06-18 20:27:16,Organic Search,iOS,v2.5.2,Control_A,United States
usr_007210,2026-07-03,2026-07-03 14:22:59,Paid Search (Google),Android,v2.5.1,Control_A,India
usr_007211,2026-07-20,2026-07-20 23:00:13,Meta Ads (Instagram),Android,v2.5.1,Control_A,United States
usr_007212,2026-07-13,2026-07-13 08:57:28,Meta Ads (Instagram),iOS,v2.5.3,Variant_B,United States
usr_007213,2026-07-17,2026-07-17 08:15:54,Paid Search (Google),Android,v2.5.2,Control_A,United States
usr_007214,2026-08-17,2026-08-17 05:59:16,Paid Search (Google),iOS,v2.5.3,Control_A,United States
usr_007215,2026-07-15,2026-07-15 23:39:02,Influencer Campaign,Android,v2.5.3,Control_A,Canada
usr_007216,2026-06-09,2026-06-09 21:16:35,Meta Ads (Instagram),iOS,v2.5.1,Variant_B,Germany
usr_007217,2026-06-07,2026-06-07 15:27:32,Organic Search,iOS,v2.5.2,Control_A,India
usr_007218,2026-06-13,2026-06-13 04:46:14,Organic Search,Web,v3.1.0-web,Variant_B,India
usr_007219,2026-08-01,2026-08-01 12:28:21,Influencer Campaign,Android,v2.5.2,Variant_B,United Kingdom
usr_007220,2026-07-15,2026-07-15 17:16:06,Meta Ads (Instagram),Android,v2.5.3,Variant_B,Canada
usr_007221,2026-08-08,2026-08-08 16:57:16,Referral,iOS,v2.5.2,Control_A,Canada
usr_007222,2026-08-13,2026-08-13 22:51:15,Meta Ads (Instagram),Web,v3.1.0-web,Variant_B,India
usr_007223,2026-07-22,2026-07-22 07:30:05,Paid Search (Google),Web,v3.1.0-web,Variant_B,India
usr_007224,2026-06-29,2026-06-29 15:08:08,Meta Ads (Instagram),Android,v2.5.1,Control_A,Germany
usr_007225,2026-06-17,2026-06-17 23:25:24,Organic Search,iOS,v2.5.3,Variant_B,United Kingdom
usr_007226,2026-08-01,2026-08-01 20:34:13,Paid Search (Google),Android,v2.5.2,Variant_B,Canada
usr_007227,2026-07-10,2026-07-10 08:41:17,Organic Search,Android,v2.5.1,Variant_B,Germany
usr_007228,2026-07-10,2026-07-10 21:33:47,Referral,iOS,v2.5.2,Control_A,Germany
usr_007229,2026-06-26,2026-06-26 19:53:29,Organic Search,Android,v2.5.3,Control_A,Germany
usr_007230,2026-08-01,2026-08-01 02:13:49,Organic Search,Android,v2.5.2,Variant_B,United States
usr_007231,2026-06-15,2026-06-15 21:16:15,Paid Search (Google),Android,v2.5.3,Control_A,United States
usr_007232,2026-06-01,2026-06-01 21:56:05,Referral,Android,v2.5.2,Control_A,United States
usr_007233,2026-08-04,2026-08-04 22:36:33,Paid Search (Google),Android,v2.5.1,Control_A,United Kingdom
usr_007234,2026-08-09,2026-08-09 14:09:23,Paid Search (Google),Android,v2.5.2,Control_A,India
usr_007235,2026-07-31,2026-07-31 00:25:44,Organic Search,Android,v2.5.1,Variant_B,India
usr_007236,2026-08-29,2026-08-29 13:16:56,Paid Search (Google),iOS,v2.5.1,Variant_B,Canada
usr_007237,2026-07-08,2026-07-08 14:30:51,Meta Ads (Instagram),Android,v2.5.3,Control_A,Canada
usr_007238,2026-08-22,2026-08-22 14:31:36,Organic Search,iOS,v2.5.1,Variant_B,United States
usr_007239,2026-07-30,2026-07-30 23:18:10,Paid Search (Google),Android,v2.5.1,Control_A,Canada
usr_007240,2026-06-15,2026-06-15 19:09:31,Meta Ads (Instagram),iOS,v2.5.3,Control_A,Canada
usr_007241,2026-08-05,2026-08-05 19:01:22,Meta Ads (Instagram),iOS,v2.5.3,Control_A,India
usr_007242,2026-08-17,2026-08-17 09:56:42,Referral,iOS,v2.5.2,Control_A,Canada
usr_007243,2026-06-30,2026-06-30 05:05:02,Organic Search,iOS,v2.5.1,Variant_B,India
usr_007244,2026-07-20,2026-07-20 09:18:50,Referral,iOS,v2.5.3,Control_A,Germany
usr_007245,2026-06-05,2026-06-05 06:57:43,Paid Search (Google),Android,v2.5.1,Control_A,Germany
usr_007246,2026-08-13,2026-08-13 10:54:24,Influencer Campaign,iOS,v2.5.3,Control_A,Canada
usr_007247,2026-07-21,2026-07-21 16:01:15,Meta Ads (Instagram),Android,v2.5.1,Control_A,Canada
usr_007248,2026-08-28,2026-08-28 00:28:20,Referral,iOS,v2.5.3,Variant_B,United States
usr_007249,2026-08-07,2026-08-07 14:46:42,Referral,iOS,v2.5.3,Control_A,United States
usr_007250,2026-07-01,2026-07-01 03:26:25,Referral,iOS,v2.5.3,Control_A,Canada
usr_007251,2026-08-15,2026-08-15 18:11:30,Paid Search (Google),Android,v2.5.2,Control_A,United States
usr_007252,2026-07-04,2026-07-04 11:37:17,Paid Search (Google),Android,v2.5.3,Control_A,Canada
usr_007253,2026-06-02,2026-06-02 20:51:25,Paid Search (Google),iOS,v2.5.2,Variant_B,United States
usr_007254,2026-06-26,2026-06-26 13:08:57,Paid Search (Google),iOS,v2.5.1,Control_A,Canada
usr_007255,2026-08-26,2026-08-26 05:11:29,Meta Ads (Instagram),iOS,v2.5.2,Variant_B,United States
usr_007256,2026-07-14,2026-07-14 00:38:00,Organic Search,iOS,v2.5.3,Variant_B,United Kingdom
usr_007257,2026-08-07,2026-08-07 09:25:34,Meta Ads (Instagram),Android,v2.5.1,Control_A,Canada
usr_007258,2026-06-03,2026-06-03 10:55:08,Meta Ads (Instagram),Android,v2.5.3,Variant_B,Germany
usr_007259,2026-07-23,2026-07-23 12:46:12,Influencer Campaign,iOS,v2.5.2,Variant_B,Germany
usr_007260,2026-07-06,2026-07-06 06:51:28,Meta Ads (Instagram),iOS,v2.5.3,Control_A,Canada
usr_007261,2026-06-27,2026-06-27 09:04:47,Meta Ads (Instagram),iOS,v2.5.3,Control_A,United States
usr_007262,2026-06-08,2026-06-08 08:44:10,Meta Ads (Instagram),Web,v3.1.0-web,Variant_B,United States
usr_007263,2026-06-23,2026-06-23 16:32:25,Organic Search,Web,v3.1.0-web,Control_A,United Kingdom
usr_007264,2026-08-19,2026-08-19 02:47:33,Meta Ads (Instagram),Android,v2.5.1,Control_A,Germany
usr_007265,2026-07-09,2026-07-09 09:53:47,Meta Ads (Instagram),Android,v2.5.1,Variant_B,Canada
usr_007266,2026-07-18,2026-07-18 12:12:12,Influencer Campaign,Web,v3.1.0-web,Variant_B,United States
usr_007267,2026-07-16,2026-07-16 06:42:13,Organic Search,Android,v2.5.3,Control_A,India
usr_007268,2026-07-26,2026-07-26 04:50:53,Influencer Campaign,Android,v2.5.3,Control_A,Germany
usr_007269,2026-07-20,2026-07-20 19:22:56,Organic Search,Android,v2.5.3,Variant_B,United Kingdom
usr_007270,2026-08-11,2026-08-11 05:40:05,Referral,iOS,v2.5.1,Variant_B,Germany
usr_007271,2026-06-30,2026-06-30 14:44:56,Meta Ads (Instagram),Android,v2.5.3,Control_A,United States
usr_007272,2026-08-07,2026-08-07 19:36:20,Paid Search (Google),iOS,v2.5.1,Control_A,Germany
usr_007273,2026-07-29,2026-07-29 13:39:24,Paid Search (Google),iOS,v2.5.1,Variant_B,United States
usr_007274,2026-07-30,2026-07-30 12:19:03,Organic Search,Android,v2.5.1,Control_A,Canada
usr_007275,2026-06-10,2026-06-10 14:40:56,Influencer Campaign,Android,v2.5.1,Control_A,United States
usr_007276,2026-08-12,2026-08-12 10:45:50,Influencer Campaign,Android,v2.5.3,Variant_B,United States
usr_007277,2026-06-19,2026-06-19 21:11:56,Referral,Android,v2.5.2,Control_A,Germany
usr_007278,2026-08-04,2026-08-04 16:07:20,Meta Ads (Instagram),Android,v2.5.1,Control_A,Canada
usr_007279,2026-06-25,2026-06-25 17:37:28,Meta Ads (Instagram),Android,v2.5.3,Control_A,United Kingdom
usr_007280,2026-07-01,2026-07-01 19:35:51,Meta Ads (Instagram),Android,v2.5.1,Control_A,United Kingdom
usr_007281,2026-07-24,2026-07-24 03:41:31,Paid Search (Google),iOS,v2.5.1,Variant_B,India
usr_007282,2026-08-23,2026-08-23 11:25:38,Organic Search,iOS,v2.5.3,Variant_B,Germany
usr_007283,2026-07-12,2026-07-12 17:45:51,Meta Ads (Instagram),iOS,v2.5.2,Control_A,United Kingdom
usr_007284,2026-06-30,2026-06-30 20:26:57,Meta Ads (Instagram),Web,v3.1.0-web,Variant_B,United Kingdom
usr_007285,2026-08-18,2026-08-18 02:45:07,Influencer Campaign,Android,v2.5.2,Variant_B,Germany
usr_007286,2026-08-06,2026-08-06 02:41:03,Organic Search,Android,v2.5.3,Control_A,Canada
usr_007287,2026-07-04,2026-07-04 17:44:58,Meta Ads (Instagram),iOS,v2.5.2,Control_A,Germany
usr_007288,2026-07-31,2026-07-31 22:57:20,Paid Search (Google),Android,v2.5.1,Control_A,United Kingdom
usr_007289,2026-08-10,2026-08-10 16:27:29,Meta Ads (Instagram),iOS,v2.5.2,Variant_B,United Kingdom
usr_007290,2026-06-30,2026-06-30 10:38:40,Organic Search,iOS,v2.5.2,Variant_B,Germany
usr_007291,2026-08-06,2026-08-06 21:04:52,Paid Search (Google),iOS,v2.5.1,Variant_B,United States
usr_007292,2026-08-18,2026-08-18 09:34:41,Organic Search,iOS,v2.5.2,Variant_B,Canada
usr_007293,2026-06-26,2026-06-26 21:34:50,Organic Search,Android,v2.5.1,Control_A,Canada
usr_007294,2026-06-26,2026-06-26 23:10:20,Influencer Campaign,Web,v3.1.0-web,Control_A,United Kingdom
usr_007295,2026-06-11,2026-06-11 12:54:07,Paid Search (Google),Android,v2.5.1,Variant_B,United Kingdom
usr_007296,2026-07-20,2026-07-20 23:38:41,Influencer Campaign,Android,v2.5.3,Variant_B,United States
usr_007297,2026-07-30,2026-07-30 08:53:17,Meta Ads (Instagram),iOS,v2.5.2,Control_A,United States
usr_007298,2026-08-25,2026-08-25 20:31:28,Organic Search,iOS,v2.5.1,Variant_B,United States
usr_007299,2026-06-01,2026-06-01 12:42:41,Paid Search (Google),Web,v3.1.0-web,Control_A,United Kingdom
usr_007300,2026-06-30,2026-06-30 14:59:18,Referral,Android,v2.5.2,Variant_B,India
usr_007301,2026-08-05,2026-08-05 16:49:28,Meta Ads (Instagram),iOS,v2.5.2,Control_A,India
usr_007302,2026-06-02,2026-06-02 23:04:22,Meta Ads (Instagram),iOS,v2.5.2,Control_A,Germany
usr_007303,2026-07-09,2026-07-09 09:58:56,Referral,Android,v2.5.2,Control_A,Canada
usr_007304,2026-06-20,2026-06-20 17:02:29,Meta Ads (Instagram),iOS,v2.5.1,Variant_B,United Kingdom
usr_007305,2026-08-05,2026-08-05 14:39:45,Meta Ads (Instagram),iOS,v2.5.1,Variant_B,United States
usr_007306,2026-07-08,2026-07-08 22:34:30,Referral,iOS,v2.5.2,Variant_B,United Kingdom
usr_007307,2026-07-01,2026-07-01 18:45:37,Influencer Campaign,Android,v2.5.1,Control_A,United Kingdom
usr_007308,2026-06-17,2026-06-17 12:49:26,Meta Ads (Instagram),Android,v2.5.3,Variant_B,United Kingdom
usr_007309,2026-06-16,2026-06-16 16:04:26,Organic Search,Web,v3.1.0-web,Control_A,United States
usr_007310,2026-06-26,2026-06-26 03:42:49,Meta Ads (Instagram),Web,v3.1.0-web,Control_A,India
usr_007311,2026-08-26,2026-08-26 02:46:06,Organic Search,iOS,v2.5.3,Control_A,United States
usr_007312,2026-08-29,2026-08-29 10:18:58,Referral,Android,v2.5.2,Control_A,United Kingdom
usr_007313,2026-07-01,2026-07-01 06:20:53,Meta Ads (Instagram),iOS,v2.5.2,Variant_B,Germany
usr_007314,2026-08-20,2026-08-20 10:37:01,Paid Search (Google),iOS,v2.5.1,Control_A,United States
usr_007315,2026-06-16,2026-06-16 13:47:36,Influencer Campaign,iOS,v2.5.2,Variant_B,United Kingdom
usr_007316,2026-08-06,2026-08-06 03:24:43,Meta Ads (Instagram),iOS,v2.5.3,Variant_B,Germany
usr_007317,2026-08-20,2026-08-20 01:05:57,Paid Search (Google),iOS,v2.5.3,Variant_B,Canada
usr_007318,2026-07-12,2026-07-12 23:54:40,Organic Search,iOS,v2.5.2,Control_A,Canada
usr_007319,2026-07-30,2026-07-30 17:19:26,Paid Search (Google),Android,v2.5.1,Variant_B,Canada
usr_007320,2026-07-08,2026-07-08 04:16:00,Meta Ads (Instagram),iOS,v2.5.3,Control_A,United States
usr_007321,2026-08-24,2026-08-24 04:03:59,Referral,Android,v2.5.1,Variant_B,Germany
usr_007322,2026-07-25,2026-07-25 01:21:38,Meta Ads (Instagram),iOS,v2.5.3,Control_A,Germany
usr_007323,2026-07-23,2026-07-23 10:32:52,Organic Search,iOS,v2.5.1,Control_A,Canada
usr_007324,2026-07-12,2026-07-12 11:40:00,Influencer Campaign,Android,v2.5.3,Control_A,United States
usr_007325,2026-07-22,2026-07-22 15:52:09,Meta Ads (Instagram),iOS,v2.5.2,Variant_B,Canada
usr_007326,2026-06-30,2026-06-30 18:50:31,Meta Ads (Instagram),Android,v2.5.3,Control_A,Germany
usr_007327,2026-07-16,2026-07-16 01:32:21,Referral,iOS,v2.5.2,Variant_B,United Kingdom
usr_007328,2026-06-13,2026-06-13 14:07:54,Influencer Campaign,iOS,v2.5.2,Control_A,India
usr_007329,2026-06-04,2026-06-04 09:09:53,Paid Search (Google),Web,v3.1.0-web,Variant_B,Canada
usr_007330,2026-07-20,2026-07-20 19:56:27,Paid Search (Google),Android,v2.5.3,Variant_B,India
usr_007331,2026-07-06,2026-07-06 15:12:47,Meta Ads (Instagram),iOS,v2.5.2,Control_A,India
usr_007332,2026-06-10,2026-06-10 15:25:50,Influencer Campaign,Web,v3.1.0-web,Variant_B,Germany
usr_007333,2026-08-25,2026-08-25 17:41:36,Paid Search (Google),iOS,v2.5.2,Control_A,Germany
usr_007334,2026-08-05,2026-08-05 17:58:43,Paid Search (Google),Android,v2.5.1,Variant_B,United Kingdom
usr_007335,2026-08-23,2026-08-23 05:36:42,Organic Search,iOS,v2.5.3,Control_A,Germany
usr_007336,2026-06-27,2026-06-27 08:42:49,Meta Ads (Instagram),iOS,v2.5.2,Control_A,United States
usr_007337,2026-08-22,2026-08-22 14:47:03,Organic Search,iOS,v2.5.2,Variant_B,Germany
usr_007338,2026-06-23,2026-06-23 13:32:17,Meta Ads (Instagram),Android,v2.5.2,Control_A,India
usr_007339,2026-06-24,2026-06-24 05:58:09,Influencer Campaign,Android,v2.5.3,Control_A,Canada
usr_007340,2026-06-25,2026-06-25 21:43:05,Meta Ads (Instagram),iOS,v2.5.1,Control_A,United States
usr_007341,2026-08-02,2026-08-02 20:25:54,Meta Ads (Instagram),iOS,v2.5.2,Control_A,Canada
usr_007342,2026-06-30,2026-06-30 23:13:33,Meta Ads (Instagram),Web,v3.1.0-web,Variant_B,India
usr_007343,2026-08-15,2026-08-15 01:45:39,Paid Search (Google),Android,v2.5.2,Variant_B,United States
usr_007344,2026-06-03,2026-06-03 03:09:22,Meta Ads (Instagram),Web,v3.1.0-web,Variant_B,United States
usr_007345,2026-08-11,2026-08-11 03:56:21,Referral,Android,v2.5.2,Control_A,Canada
usr_007346,2026-07-06,2026-07-06 03:30:42,Paid Search (Google),iOS,v2.5.2,Variant_B,Canada
usr_007347,2026-06-21,2026-06-21 15:26:18,Paid Search (Google),iOS,v2.5.3,Control_A,Germany
usr_007348,2026-07-16,2026-07-16 06:16:16,Influencer Campaign,Android,v2.5.2,Variant_B,Germany
usr_007349,2026-07-23,2026-07-23 22:56:56,Meta Ads (Instagram),Android,v2.5.2,Variant_B,United Kingdom
usr_007350,2026-07-12,2026-07-12 08:27:24,Paid Search (Google),iOS,v2.5.2,Variant_B,United States
usr_007351,2026-07-23,2026-07-23 11:36:08,Paid Search (Google),iOS,v2.5.1,Control_A,India
usr_007352,2026-07-15,2026-07-15 02:09:01,Meta Ads (Instagram),Android,v2.5.3,Variant_B,Germany
usr_007353,2026-08-03,2026-08-03 07:22:16,Organic Search,iOS,v2.5.1,Control_A,Germany
usr_007354,2026-07-02,2026-07-02 02:40:46,Referral,Android,v2.5.2,Variant_B,United States
usr_007355,2026-06-21,2026-06-21 10:30:18,Organic Search,Android,v2.5.3,Control_A,Germany
usr_007356,2026-07-01,2026-07-01 10:11:26,Paid Search (Google),iOS,v2.5.2,Variant_B,United Kingdom
usr_007357,2026-08-07,2026-08-07 07:48:01,Referral,Web,v3.1.0-web,Variant_B,Germany
usr_007358,2026-08-22,2026-08-22 13:43:15,Influencer Campaign,iOS,v2.5.1,Variant_B,Canada
usr_007359,2026-07-19,2026-07-19 10:23:40,Meta Ads (Instagram),Android,v2.5.2,Variant_B,Germany
usr_007360,2026-06-04,2026-06-04 17:54:34,Meta Ads (Instagram),Android,v2.5.1,Variant_B,Canada
usr_007361,2026-07-29,2026-07-29 06:11:35,Paid Search (Google),iOS,v2.5.2,Control_A,United Kingdom
usr_007362,2026-07-08,2026-07-08 13:24:46,Influencer Campaign,Android,v2.5.3,Control_A,United States
usr_007363,2026-06-28,2026-06-28 19:37:58,Meta Ads (Instagram),Android,v2.5.3,Variant_B,United States
usr_007364,2026-06-06,2026-06-06 07:28:30,Meta Ads (Instagram),Android,v2.5.1,Variant_B,Canada
usr_007365,2026-07-13,2026-07-13 22:51:47,Meta Ads (Instagram),iOS,v2.5.3,Control_A,United States
usr_007366,2026-07-19,2026-07-19 06:44:25,Organic Search,Web,v3.1.0-web,Control_A,Germany
usr_007367,2026-08-26,2026-08-26 23:40:00,Influencer Campaign,iOS,v2.5.2,Variant_B,United Kingdom
usr_007368,2026-06-01,2026-06-01 22:54:29,Meta Ads (Instagram),iOS,v2.5.2,Variant_B,India
usr_007369,2026-06-11,2026-06-11 06:30:45,Referral,Android,v2.5.1,Control_A,India
usr_007370,2026-07-28,2026-07-28 06:37:35,Paid Search (Google),Android,v2.5.1,Control_A,United States
usr_007371,2026-08-20,2026-08-20 16:32:16,Meta Ads (Instagram),Android,v2.5.2,Variant_B,United States
usr_007372,2026-06-21,2026-06-21 16:17:33,Meta Ads (Instagram),iOS,v2.5.2,Variant_B,Germany
usr_007373,2026-07-03,2026-07-03 04:09:38,Referral,iOS,v2.5.1,Control_A,India
usr_007374,2026-08-25,2026-08-25 10:26:30,Meta Ads (Instagram),Android,v2.5.2,Variant_B,United States
usr_007375,2026-08-13,2026-08-13 20:04:19,Meta Ads (Instagram),Android,v2.5.1,Variant_B,India
usr_007376,2026-06-07,2026-06-07 01:54:58,Meta Ads (Instagram),iOS,v2.5.2,Variant_B,United States
usr_007377,2026-08-23,2026-08-23 06:47:39,Influencer Campaign,Android,v2.5.3,Control_A,India
usr_007378,2026-07-21,2026-07-21 17:24:17,Influencer Campaign,iOS,v2.5.2,Variant_B,United States
usr_007379,2026-08-06,2026-08-06 01:53:06,Organic Search,Android,v2.5.2,Control_A,Germany
usr_007380,2026-07-09,2026-07-09 23:13:51,Referral,Android,v2.5.3,Variant_B,India
usr_007381,2026-06-25,2026-06-25 03:52:54,Paid Search (Google),iOS,v2.5.3,Control_A,United States
usr_007382,2026-08-24,2026-08-24 18:07:05,Paid Search (Google),iOS,v2.5.2,Variant_B,Canada
usr_007383,2026-06-13,2026-06-13 19:38:45,Meta Ads (Instagram),iOS,v2.5.1,Control_A,United Kingdom
usr_007384,2026-06-13,2026-06-13 16:48:57,Meta Ads (Instagram),Android,v2.5.2,Control_A,United Kingdom
usr_007385,2026-06-16,2026-06-16 19:34:04,Paid Search (Google),Android,v2.5.3,Variant_B,United Kingdom
usr_007386,2026-08-13,2026-08-13 08:36:35,Meta Ads (Instagram),Android,v2.5.2,Variant_B,Germany
usr_007387,2026-07-26,2026-07-26 12:00:08,Organic Search,Android,v2.5.1,Variant_B,Canada
usr_007388,2026-06-30,2026-06-30 23:29:52,Paid Search (Google),Android,v2.5.1,Control_A,United States
usr_007389,2026-06-20,2026-06-20 01:23:31,Referral,iOS,v2.5.1,Control_A,United States
usr_007390,2026-08-22,2026-08-22 13:24:44,Meta Ads (Instagram),Android,v2.5.2,Variant_B,Germany
usr_007391,2026-07-06,2026-07-06 00:07:32,Organic Search,iOS,v2.5.2,Variant_B,United Kingdom
usr_007392,2026-08-26,2026-08-26 22:48:33,Paid Search (Google),Web,v3.1.0-web,Control_A,United Kingdom
usr_007393,2026-08-11,2026-08-11 11:05:39,Paid Search (Google),iOS,v2.5.1,Variant_B,India
usr_007394,2026-08-28,2026-08-28 08:35:39,Meta Ads (Instagram),iOS,v2.5.2,Control_A,Germany
usr_007395,2026-07-01,2026-07-01 21:40:16,Paid Search (Google),Android,v2.5.1,Variant_B,India
usr_007396,2026-07-13,2026-07-13 06:21:11,Paid Search (Google),iOS,v2.5.3,Variant_B,Germany
usr_007397,2026-08-17,2026-08-17 03:57:09,Referral,iOS,v2.5.2,Variant_B,Germany
usr_007398,2026-08-28,2026-08-28 22:54:27,Meta Ads (Instagram),Android,v2.5.2,Variant_B,United States
usr_007399,2026-08-07,2026-08-07 12:57:55,Paid Search (Google),Android,v2.5.2,Variant_B,Canada
usr_007400,2026-06-02,2026-06-02 19:52:53,Organic Search,Android,v2.5.2,Variant_B,United States
usr_007401,2026-08-18,2026-08-18 04:02:05,Referral,iOS,v2.5.1,Control_A,United States
usr_007402,2026-07-07,2026-07-07 00:02:04,Organic Search,Web,v3.1.0-web,Variant_B,United States
usr_007403,2026-06-13,2026-06-13 23:56:46,Paid Search (Google),iOS,v2.5.1,Variant_B,India
usr_007404,2026-06-11,2026-06-11 02:05:09,Paid Search (Google),iOS,v2.5.2,Control_A,Canada
usr_007405,2026-07-06,2026-07-06 02:39:38,Paid Search (Google),iOS,v2.5.1,Control_A,United States
usr_007406,2026-08-10,2026-08-10 15:56:08,Influencer Campaign,Android,v2.5.2,Control_A,United Kingdom
usr_007407,2026-08-10,2026-08-10 07:24:34,Influencer Campaign,Android,v2.5.2,Control_A,United States
usr_007408,2026-06-20,2026-06-20 20:53:07,Paid Search (Google),iOS,v2.5.3,Variant_B,United Kingdom
usr_007409,2026-07-13,2026-07-13 12:36:12,Organic Search,Android,v2.5.2,Control_A,India
usr_007410,2026-07-10,2026-07-10 23:09:44,Paid Search (Google),Android,v2.5.1,Variant_B,Germany
usr_007411,2026-06-24,2026-06-24 19:07:28,Meta Ads (Instagram),iOS,v2.5.2,Variant_B,United Kingdom
usr_007412,2026-06-24,2026-06-24 15:05:04,Meta Ads (Instagram),Android,v2.5.3,Control_A,Canada
usr_007413,2026-08-28,2026-08-28 13:36:22,Meta Ads (Instagram),iOS,v2.5.3,Control_A,United Kingdom
usr_007414,2026-08-22,2026-08-22 11:21:38,Referral,iOS,v2.5.1,Variant_B,Canada
usr_007415,2026-06-25,2026-06-25 23:21:43,Paid Search (Google),iOS,v2.5.2,Control_A,Canada
usr_007416,2026-06-18,2026-06-18 08:47:43,Organic Search,Android,v2.5.2,Control_A,United States
usr_007417,2026-06-23,2026-06-23 21:42:24,Paid Search (Google),Android,v2.5.2,Variant_B,India
usr_007418,2026-06-19,2026-06-19 14:50:16,Meta Ads (Instagram),Android,v2.5.3,Variant_B,United States
usr_007419,2026-07-07,2026-07-07 06:01:43,Influencer Campaign,Web,v3.1.0-web,Control_A,Canada
usr_007420,2026-07-31,2026-07-31 17:12:41,Meta Ads (Instagram),Android,v2.5.2,Variant_B,Canada
usr_007421,2026-08-14,2026-08-14 23:52:24,Meta Ads (Instagram),Android,v2.5.3,Variant_B,India
usr_007422,2026-07-21,2026-07-21 18:55:19,Meta Ads (Instagram),Web,v3.1.0-web,Control_A,United States
usr_007423,2026-06-09,2026-06-09 01:08:31,Influencer Campaign,iOS,v2.5.1,Variant_B,United Kingdom
usr_007424,2026-07-28,2026-07-28 12:40:10,Paid Search (Google),Android,v2.5.2,Control_A,Canada
usr_007425,2026-08-09,2026-08-09 19:46:09,Referral,Android,v2.5.1,Variant_B,India
usr_007426,2026-07-04,2026-07-04 18:20:23,Meta Ads (Instagram),iOS,v2.5.3,Control_A,United Kingdom
usr_007427,2026-07-17,2026-07-17 05:52:10,Paid Search (Google),iOS,v2.5.3,Variant_B,India
usr_007428,2026-08-16,2026-08-16 01:05:24,Meta Ads (Instagram),Android,v2.5.3,Control_A,India
usr_007429,2026-07-03,2026-07-03 22:08:56,Meta Ads (Instagram),Android,v2.5.2,Variant_B,United States
usr_007430,2026-06-08,2026-06-08 06:17:06,Meta Ads (Instagram),Android,v2.5.3,Control_A,United States
usr_007431,2026-08-08,2026-08-08 14:12:15,Paid Search (Google),Android,v2.5.3,Control_A,Canada
usr_007432,2026-06-25,2026-06-25 23:28:17,Organic Search,Android,v2.5.1,Variant_B,United States
usr_007433,2026-06-27,2026-06-27 13:54:36,Organic Search,iOS,v2.5.2,Variant_B,United Kingdom
usr_007434,2026-08-29,2026-08-29 17:47:39,Paid Search (Google),Android,v2.5.1,Variant_B,Canada
usr_007435,2026-06-11,2026-06-11 02:34:56,Meta Ads (Instagram),Web,v3.1.0-web,Variant_B,United States
usr_007436,2026-08-25,2026-08-25 15:47:34,Meta Ads (Instagram),iOS,v2.5.3,Control_A,Canada
usr_007437,2026-07-17,2026-07-17 02:08:50,Paid Search (Google),iOS,v2.5.2,Variant_B,Germany
usr_007438,2026-07-25,2026-07-25 19:36:27,Meta Ads (Instagram),Android,v2.5.3,Control_A,United States
usr_007439,2026-07-08,2026-07-08 13:21:32,Influencer Campaign,Web,v3.1.0-web,Variant_B,Canada
usr_007440,2026-08-08,2026-08-08 22:53:44,Referral,Android,v2.5.2,Variant_B,Canada
usr_007441,2026-08-21,2026-08-21 19:45:36,Meta Ads (Instagram),Web,v3.1.0-web,Control_A,United States
usr_007442,2026-07-03,2026-07-03 19:33:29,Paid Search (Google),iOS,v2.5.3,Variant_B,Canada
usr_007443,2026-06-29,2026-06-29 18:15:58,Meta Ads (Instagram),Android,v2.5.1,Variant_B,United States
usr_007444,2026-08-02,2026-08-02 20:09:42,Organic Search,Android,v2.5.2,Variant_B,India
usr_007445,2026-08-24,2026-08-24 15:32:09,Paid Search (Google),Android,v2.5.2,Variant_B,United States
usr_007446,2026-06-03,2026-06-03 06:23:24,Meta Ads (Instagram),Web,v3.1.0-web,Control_A,Canada
usr_007447,2026-07-25,2026-07-25 15:41:43,Organic Search,iOS,v2.5.3,Control_A,India
usr_007448,2026-07-04,2026-07-04 23:39:01,Meta Ads (Instagram),Web,v3.1.0-web,Variant_B,United States
usr_007449,2026-08-19,2026-08-19 04:09:09,Meta Ads (Instagram),Android,v2.5.2,Variant_B,Germany
usr_007450,2026-06-22,2026-06-22 12:41:17,Organic Search,Android,v2.5.2,Control_A,Canada
usr_007451,2026-08-24,2026-08-24 21:37:18,Meta Ads (Instagram),iOS,v2.5.3,Control_A,Canada
usr_007452,2026-07-09,2026-07-09 22:09:42,Meta Ads (Instagram),iOS,v2.5.1,Control_A,Canada
usr_007453,2026-06-03,2026-06-03 14:26:30,Meta Ads (Instagram),Android,v2.5.2,Control_A,India
usr_007454,2026-07-14,2026-07-14 23:36:43,Meta Ads (Instagram),Android,v2.5.3,Variant_B,Germany
usr_007455,2026-07-20,2026-07-20 13:00:27,Meta Ads (Instagram),iOS,v2.5.2,Control_A,Canada
usr_007456,2026-08-14,2026-08-14 12:10:04,Meta Ads (Instagram),iOS,v2.5.2,Control_A,United Kingdom
usr_007457,2026-06-18,2026-06-18 10:46:29,Organic Search,iOS,v2.5.2,Control_A,India
usr_007458,2026-06-14,2026-06-14 16:46:08,Meta Ads (Instagram),Android,v2.5.3,Variant_B,Canada
usr_007459,2026-08-04,2026-08-04 13:23:37,Meta Ads (Instagram),Web,v3.1.0-web,Control_A,Germany
usr_007460,2026-08-07,2026-08-07 03:24:54,Meta Ads (Instagram),Android,v2.5.2,Variant_B,United Kingdom
usr_007461,2026-07-21,2026-07-21 02:03:55,Meta Ads (Instagram),Android,v2.5.3,Control_A,India
usr_007462,2026-07-11,2026-07-11 21:41:28,Referral,Android,v2.5.2,Variant_B,Germany
usr_007463,2026-08-21,2026-08-21 00:33:15,Referral,Android,v2.5.3,Control_A,India
usr_007464,2026-06-07,2026-06-07 11:07:30,Meta Ads (Instagram),iOS,v2.5.2,Variant_B,Canada
usr_007465,2026-07-28,2026-07-28 16:35:30,Organic Search,Android,v2.5.3,Variant_B,United Kingdom
usr_007466,2026-06-13,2026-06-13 06:19:05,Paid Search (Google),Android,v2.5.2,Variant_B,United Kingdom
usr_007467,2026-08-21,2026-08-21 07:16:59,Meta Ads (Instagram),Web,v3.1.0-web,Variant_B,Canada
usr_007468,2026-08-25,2026-08-25 01:56:48,Meta Ads (Instagram),Web,v3.1.0-web,Control_A,Canada
usr_007469,2026-08-06,2026-08-06 06:12:24,Meta Ads (Instagram),Android,v2.5.1,Control_A,United Kingdom
usr_007470,2026-07-31,2026-07-31 20:55:59,Influencer Campaign,Android,v2.5.1,Control_A,United States
usr_007471,2026-07-30,2026-07-30 11:22:38,Paid Search (Google),iOS,v2.5.3,Control_A,India
usr_007472,2026-08-19,2026-08-19 13:43:00,Paid Search (Google),Android,v2.5.2,Variant_B,Canada
usr_007473,2026-06-16,2026-06-16 08:12:32,Influencer Campaign,Web,v3.1.0-web,Control_A,United Kingdom
usr_007474,2026-06-10,2026-06-10 21:38:00,Meta Ads (Instagram),iOS,v2.5.2,Control_A,India
usr_007475,2026-07-18,2026-07-18 07:05:41,Organic Search,iOS,v2.5.1,Control_A,United Kingdom
usr_007476,2026-08-04,2026-08-04 19:39:30,Organic Search,iOS,v2.5.1,Control_A,Germany
usr_007477,2026-08-29,2026-08-29 19:07:29,Paid Search (Google),Android,v2.5.1,Variant_B,Canada
usr_007478,2026-07-11,2026-07-11 06:51:45,Meta Ads (Instagram),iOS,v2.5.1,Variant_B,United States
usr_007479,2026-08-03,2026-08-03 02:34:38,Influencer Campaign,Android,v2.5.2,Control_A,Canada
usr_007480,2026-08-09,2026-08-09 14:15:04,Referral,iOS,v2.5.3,Control_A,India
usr_007481,2026-06-11,2026-06-11 00:54:55,Paid Search (Google),Android,v2.5.3,Variant_B,Germany
usr_007482,2026-07-21,2026-07-21 23:32:45,Paid Search (Google),iOS,v2.5.2,Control_A,United States
usr_007483,2026-07-05,2026-07-05 08:50:40,Influencer Campaign,Android,v2.5.2,Control_A,Germany
usr_007484,2026-07-18,2026-07-18 09:23:07,Referral,iOS,v2.5.2,Control_A,Canada
usr_007485,2026-06-21,2026-06-21 18:32:27,Organic Search,Android,v2.5.2,Control_A,India
usr_007486,2026-06-11,2026-06-11 00:13:24,Organic Search,Android,v2.5.2,Control_A,United States
usr_007487,2026-07-13,2026-07-13 10:05:46,Paid Search (Google),Android,v2.5.1,Control_A,United Kingdom
usr_007488,2026-07-12,2026-07-12 10:03:44,Meta Ads (Instagram),Android,v2.5.1,Control_A,Canada
usr_007489,2026-07-30,2026-07-30 22:38:40,Meta Ads (Instagram),Web,v3.1.0-web,Variant_B,India
usr_007490,2026-07-02,2026-07-02 16:07:45,Influencer Campaign,iOS,v2.5.2,Variant_B,United States
usr_007491,2026-07-22,2026-07-22 15:27:20,Paid Search (Google),Android,v2.5.1,Variant_B,United States
usr_007492,2026-07-22,2026-07-22 05:22:50,Referral,Android,v2.5.2,Variant_B,Germany
usr_007493,2026-07-21,2026-07-21 11:47:20,Meta Ads (Instagram),Web,v3.1.0-web,Control_A,Germany
usr_007494,2026-07-17,2026-07-17 06:39:28,Referral,iOS,v2.5.1,Control_A,Canada
usr_007495,2026-07-12,2026-07-12 18:19:18,Organic Search,Android,v2.5.3,Variant_B,India
usr_007496,2026-07-24,2026-07-24 00:30:49,Referral,Android,v2.5.1,Variant_B,Germany
usr_007497,2026-06-21,2026-06-21 07:13:28,Paid Search (Google),Android,v2.5.2,Variant_B,United States
usr_007498,2026-06-07,2026-06-07 15:43:35,Meta Ads (Instagram),iOS,v2.5.1,Variant_B,Canada
usr_007499,2026-07-08,2026-07-08 13:54:08,Referral,Android,v2.5.3,Control_A,United States
usr_007500,2026-06-29,2026-06-29 16:27:19,Meta Ads (Instagram),Android,v2.5.3,Variant_B,Canada
usr_007501,2026-07-22,2026-07-22 23:14:01,Organic Search,Web,v3.1.0-web,Control_A,Germany
usr_007502,2026-06-29,2026-06-29 14:59:41,Organic Search,iOS,v2.5.3,Variant_B,Germany
usr_007503,2026-06-11,2026-06-11 22:05:28,Referral,iOS,v2.5.1,Control_A,United States
usr_007504,2026-06-06,2026-06-06 13:45:24,Paid Search (Google),iOS,v2.5.2,Control_A,United Kingdom
usr_007505,2026-08-17,2026-08-17 09:23:47,Meta Ads (Instagram),iOS,v2.5.3,Control_A,India
usr_007506,2026-07-02,2026-07-02 08:35:54,Paid Search (Google),iOS,v2.5.2,Control_A,Germany
usr_007507,2026-08-05,2026-08-05 06:43:19,Meta Ads (Instagram),iOS,v2.5.2,Variant_B,Canada
usr_007508,2026-06-11,2026-06-11 21:02:10,Meta Ads (Instagram),iOS,v2.5.1,Control_A,India
usr_007509,2026-07-09,2026-07-09 07:57:14,Paid Search (Google),iOS,v2.5.2,Variant_B,Germany
usr_007510,2026-07-25,2026-07-25 03:05:08,Influencer Campaign,iOS,v2.5.1,Variant_B,Canada
usr_007511,2026-08-08,2026-08-08 12:19:38,Meta Ads (Instagram),Android,v2.5.1,Variant_B,United States
usr_007512,2026-06-14,2026-06-14 04:09:54,Organic Search,Android,v2.5.1,Control_A,Canada
usr_007513,2026-08-18,2026-08-18 11:45:56,Referral,Android,v2.5.3,Variant_B,Canada
usr_007514,2026-07-27,2026-07-27 23:56:30,Meta Ads (Instagram),Android,v2.5.3,Variant_B,United Kingdom
usr_007515,2026-08-28,2026-08-28 18:07:47,Meta Ads (Instagram),iOS,v2.5.2,Control_A,Canada
usr_007516,2026-08-08,2026-08-08 16:32:43,Referral,Web,v3.1.0-web,Variant_B,United States
usr_007517,2026-06-27,2026-06-27 00:48:38,Meta Ads (Instagram),iOS,v2.5.1,Control_A,United Kingdom
usr_007518,2026-08-19,2026-08-19 05:39:00,Organic Search,Android,v2.5.1,Variant_B,India
usr_007519,2026-06-20,2026-06-20 13:05:21,Meta Ads (Instagram),Android,v2.5.2,Variant_B,United States
usr_007520,2026-06-27,2026-06-27 03:53:08,Influencer Campaign,iOS,v2.5.1,Control_A,Germany
usr_007521,2026-08-04,2026-08-04 22:55:58,Referral,Android,v2.5.2,Variant_B,United Kingdom
usr_007522,2026-07-28,2026-07-28 15:59:40,Paid Search (Google),Web,v3.1.0-web,Variant_B,Canada
usr_007523,2026-06-25,2026-06-25 01:56:53,Paid Search (Google),Android,v2.5.2,Variant_B,Germany
usr_007524,2026-07-02,2026-07-02 14:44:15,Influencer Campaign,Web,v3.1.0-web,Variant_B,United States
usr_007525,2026-07-02,2026-07-02 19:23:14,Organic Search,iOS,v2.5.3,Control_A,Germany
usr_007526,2026-08-24,2026-08-24 23:04:37,Organic Search,Web,v3.1.0-web,Variant_B,India
usr_007527,2026-07-05,2026-07-05 23:10:58,Meta Ads (Instagram),iOS,v2.5.2,Control_A,United States
usr_007528,2026-08-25,2026-08-25 00:59:09,Organic Search,iOS,v2.5.2,Variant_B,United States
usr_007529,2026-06-11,2026-06-11 02:30:37,Meta Ads (Instagram),Android,v2.5.2,Variant_B,United States
usr_007530,2026-07-13,2026-07-13 16:17:41,Organic Search,Android,v2.5.1,Variant_B,Germany
usr_007531,2026-07-14,2026-07-14 03:07:57,Influencer Campaign,Android,v2.5.2,Variant_B,Canada
usr_007532,2026-07-06,2026-07-06 18:18:19,Organic Search,Android,v2.5.2,Variant_B,United Kingdom
usr_007533,2026-08-04,2026-08-04 18:43:58,Paid Search (Google),iOS,v2.5.3,Variant_B,United Kingdom
usr_007534,2026-08-04,2026-08-04 06:20:52,Meta Ads (Instagram),Android,v2.5.3,Variant_B,India
usr_007535,2026-08-29,2026-08-29 04:10:29,Influencer Campaign,Android,v2.5.2,Control_A,Germany
usr_007536,2026-08-13,2026-08-13 03:56:11,Meta Ads (Instagram),iOS,v2.5.2,Control_A,Germany
usr_007537,2026-06-24,2026-06-24 12:41:28,Meta Ads (Instagram),Web,v3.1.0-web,Control_A,Germany
usr_007538,2026-07-22,2026-07-22 09:30:38,Meta Ads (Instagram),iOS,v2.5.3,Variant_B,United Kingdom
usr_007539,2026-07-30,2026-07-30 07:13:47,Meta Ads (Instagram),iOS,v2.5.2,Variant_B,Germany
usr_007540,2026-08-15,2026-08-15 14:32:07,Paid Search (Google),Android,v2.5.3,Control_A,United Kingdom
usr_007541,2026-07-01,2026-07-01 16:31:59,Meta Ads (Instagram),Android,v2.5.1,Variant_B,United States
usr_007542,2026-07-24,2026-07-24 03:32:30,Meta Ads (Instagram),Android,v2.5.2,Control_A,India
usr_007543,2026-06-08,2026-06-08 01:57:00,Meta Ads (Instagram),iOS,v2.5.1,Control_A,Germany
usr_007544,2026-07-05,2026-07-05 10:52:14,Referral,Android,v2.5.1,Variant_B,United States
usr_007545,2026-06-03,2026-06-03 16:05:11,Organic Search,Android,v2.5.2,Variant_B,Canada
usr_007546,2026-07-07,2026-07-07 07:33:05,Paid Search (Google),Android,v2.5.3,Variant_B,United States
usr_007547,2026-07-12,2026-07-12 08:21:54,Organic Search,Android,v2.5.1,Variant_B,United Kingdom
usr_007548,2026-06-19,2026-06-19 08:19:25,Meta Ads (Instagram),iOS,v2.5.2,Variant_B,United Kingdom
usr_007549,2026-06-17,2026-06-17 21:19:30,Paid Search (Google),iOS,v2.5.3,Variant_B,Canada
usr_007550,2026-06-24,2026-06-24 06:53:33,Meta Ads (Instagram),Android,v2.5.1,Variant_B,United States
usr_007551,2026-08-03,2026-08-03 02:55:57,Influencer Campaign,Android,v2.5.1,Control_A,United Kingdom
usr_007552,2026-07-02,2026-07-02 23:02:01,Organic Search,Web,v3.1.0-web,Variant_B,Germany
usr_007553,2026-08-13,2026-08-13 18:56:45,Referral,Web,v3.1.0-web,Variant_B,India
usr_007554,2026-08-25,2026-08-25 08:31:38,Meta Ads (Instagram),Android,v2.5.2,Variant_B,India
usr_007555,2026-07-31,2026-07-31 10:35:14,Influencer Campaign,Android,v2.5.2,Control_A,United States
usr_007556,2026-07-23,2026-07-23 20:44:14,Paid Search (Google),Web,v3.1.0-web,Variant_B,United Kingdom
usr_007557,2026-06-27,2026-06-27 06:48:26,Referral,Android,v2.5.3,Variant_B,United States
usr_007558,2026-08-03,2026-08-03 11:34:18,Meta Ads (Instagram),iOS,v2.5.2,Variant_B,United States
usr_007559,2026-07-20,2026-07-20 05:34:53,Paid Search (Google),Android,v2.5.2,Variant_B,India
usr_007560,2026-06-08,2026-06-08 15:42:47,Organic Search,Web,v3.1.0-web,Variant_B,Germany
usr_007561,2026-06-14,2026-06-14 17:53:46,Meta Ads (Instagram),iOS,v2.5.2,Variant_B,United Kingdom
usr_007562,2026-06-02,2026-06-02 19:49:26,Meta Ads (Instagram),Android,v2.5.2,Variant_B,India
usr_007563,2026-07-17,2026-07-17 20:24:44,Paid Search (Google),Android,v2.5.1,Variant_B,Germany
usr_007564,2026-08-26,2026-08-26 07:54:51,Organic Search,iOS,v2.5.1,Control_A,Canada
usr_007565,2026-08-11,2026-08-11 06:16:37,Influencer Campaign,Web,v3.1.0-web,Variant_B,United Kingdom
usr_007566,2026-07-24,2026-07-24 20:56:49,Paid Search (Google),Android,v2.5.1,Control_A,India
usr_007567,2026-08-11,2026-08-11 12:24:21,Referral,iOS,v2.5.2,Variant_B,Canada
usr_007568,2026-07-25,2026-07-25 15:09:07,Meta Ads (Instagram),Android,v2.5.3,Control_A,Canada
usr_007569,2026-06-23,2026-06-23 01:53:56,Paid Search (Google),iOS,v2.5.3,Control_A,India
usr_007570,2026-08-13,2026-08-13 01:33:08,Organic Search,iOS,v2.5.1,Variant_B,Canada
usr_007571,2026-06-02,2026-06-02 10:56:43,Organic Search,Web,v3.1.0-web,Control_A,India
usr_007572,2026-07-01,2026-07-01 06:28:40,Organic Search,Web,v3.1.0-web,Variant_B,United Kingdom
usr_007573,2026-06-01,2026-06-01 04:29:51,Meta Ads (Instagram),iOS,v2.5.2,Control_A,United States
usr_007574,2026-08-03,2026-08-03 14:08:27,Influencer Campaign,iOS,v2.5.3,Control_A,United Kingdom
usr_007575,2026-08-14,2026-08-14 23:47:31,Meta Ads (Instagram),Web,v3.1.0-web,Variant_B,United States
usr_007576,2026-07-10,2026-07-10 15:58:41,Meta Ads (Instagram),Android,v2.5.2,Variant_B,Canada
usr_007577,2026-07-04,2026-07-04 18:00:36,Paid Search (Google),Android,v2.5.2,Variant_B,United States
usr_007578,2026-07-01,2026-07-01 02:54:21,Organic Search,iOS,v2.5.2,Control_A,United States
usr_007579,2026-06-01,2026-06-01 15:29:52,Paid Search (Google),Android,v2.5.1,Control_A,Canada
usr_007580,2026-07-08,2026-07-08 11:36:30,Paid Search (Google),iOS,v2.5.2,Control_A,United States
usr_007581,2026-06-29,2026-06-29 22:26:57,Meta Ads (Instagram),Web,v3.1.0-web,Control_A,Canada
usr_007582,2026-07-25,2026-07-25 03:05:56,Paid Search (Google),Android,v2.5.3,Variant_B,United Kingdom
usr_007583,2026-06-08,2026-06-08 03:29:13,Referral,iOS,v2.5.1,Control_A,United States
usr_007584,2026-06-08,2026-06-08 10:50:32,Meta Ads (Instagram),Android,v2.5.2,Variant_B,United States
usr_007585,2026-06-25,2026-06-25 17:02:23,Paid Search (Google),iOS,v2.5.3,Variant_B,Germany
usr_007586,2026-06-09,2026-06-09 19:03:07,Organic Search,iOS,v2.5.3,Variant_B,United States
usr_007587,2026-08-03,2026-08-03 20:27:19,Meta Ads (Instagram),iOS,v2.5.1,Variant_B,Germany
usr_007588,2026-08-09,2026-08-09 01:00:04,Paid Search (Google),iOS,v2.5.1,Variant_B,India
usr_007589,2026-07-18,2026-07-18 16:38:53,Meta Ads (Instagram),Android,v2.5.3,Control_A,United Kingdom
usr_007590,2026-06-08,2026-06-08 22:43:16,Paid Search (Google),iOS,v2.5.3,Variant_B,Canada
usr_007591,2026-07-24,2026-07-24 22:28:21,Meta Ads (Instagram),iOS,v2.5.3,Control_A,United Kingdom
usr_007592,2026-08-15,2026-08-15 00:22:14,Referral,Android,v2.5.1,Control_A,Germany
usr_007593,2026-07-20,2026-07-20 19:34:09,Paid Search (Google),Android,v2.5.1,Control_A,Germany
usr_007594,2026-06-11,2026-06-11 11:31:31,Meta Ads (Instagram),iOS,v2.5.1,Variant_B,Canada
usr_007595,2026-08-07,2026-08-07 04:24:00,Meta Ads (Instagram),Android,v2.5.3,Variant_B,United States
usr_007596,2026-06-07,2026-06-07 20:06:39,Influencer Campaign,Android,v2.5.2,Control_A,Germany
usr_007597,2026-06-12,2026-06-12 10:22:21,Meta Ads (Instagram),Android,v2.5.3,Variant_B,Canada
usr_007598,2026-08-25,2026-08-25 07:45:43,Meta Ads (Instagram),Android,v2.5.2,Variant_B,India
usr_007599,2026-07-20,2026-07-20 13:40:28,Meta Ads (Instagram),iOS,v2.5.1,Control_A,United States
usr_007600,2026-08-13,2026-08-13 10:31:27,Meta Ads (Instagram),Web,v3.1.0-web,Variant_B,Germany
usr_007601,2026-06-24,2026-06-24 07:23:03,Meta Ads (Instagram),Android,v2.5.2,Control_A,Germany
usr_007602,2026-07-25,2026-07-25 08:20:41,Influencer Campaign,Android,v2.5.2,Variant_B,Germany
usr_007603,2026-08-05,2026-08-05 07:39:06,Organic Search,Android,v2.5.3,Control_A,Germany
usr_007604,2026-06-19,2026-06-19 03:29:18,Organic Search,Android,v2.5.1,Variant_B,United States
usr_007605,2026-06-16,2026-06-16 05:24:14,Meta Ads (Instagram),Android,v2.5.2,Control_A,Canada
usr_007606,2026-08-15,2026-08-15 11:50:08,Meta Ads (Instagram),iOS,v2.5.1,Control_A,India
usr_007607,2026-06-28,2026-06-28 03:35:03,Meta Ads (Instagram),Android,v2.5.2,Control_A,India
usr_007608,2026-07-04,2026-07-04 07:33:17,Paid Search (Google),Android,v2.5.1,Control_A,United Kingdom
usr_007609,2026-07-21,2026-07-21 11:06:36,Organic Search,iOS,v2.5.2,Control_A,United Kingdom
usr_007610,2026-06-04,2026-06-04 01:02:48,Meta Ads (Instagram),iOS,v2.5.3,Variant_B,Canada
usr_007611,2026-07-13,2026-07-13 02:05:20,Referral,Web,v3.1.0-web,Variant_B,United States
usr_007612,2026-08-06,2026-08-06 03:32:58,Organic Search,Web,v3.1.0-web,Variant_B,United States
usr_007613,2026-07-14,2026-07-14 18:14:42,Paid Search (Google),Web,v3.1.0-web,Control_A,United States
usr_007614,2026-07-14,2026-07-14 08:12:12,Paid Search (Google),Android,v2.5.1,Variant_B,Canada
usr_007615,2026-07-04,2026-07-04 18:07:26,Meta Ads (Instagram),iOS,v2.5.1,Variant_B,United Kingdom
usr_007616,2026-08-24,2026-08-24 12:32:36,Meta Ads (Instagram),Android,v2.5.1,Variant_B,Canada
usr_007617,2026-08-08,2026-08-08 11:09:13,Paid Search (Google),iOS,v2.5.1,Variant_B,United Kingdom
usr_007618,2026-08-04,2026-08-04 14:31:41,Meta Ads (Instagram),Web,v3.1.0-web,Control_A,India
usr_007619,2026-06-14,2026-06-14 18:42:15,Meta Ads (Instagram),Android,v2.5.3,Variant_B,Germany
usr_007620,2026-08-21,2026-08-21 12:53:04,Meta Ads (Instagram),Android,v2.5.3,Control_A,India
usr_007621,2026-06-11,2026-06-11 11:08:11,Paid Search (Google),Android,v2.5.2,Control_A,United Kingdom
usr_007622,2026-06-18,2026-06-18 01:14:23,Paid Search (Google),Android,v2.5.3,Variant_B,India
usr_007623,2026-08-25,2026-08-25 12:37:24,Meta Ads (Instagram),Android,v2.5.2,Variant_B,United Kingdom
usr_007624,2026-08-26,2026-08-26 09:38:32,Organic Search,Android,v2.5.3,Variant_B,Germany
usr_007625,2026-06-22,2026-06-22 22:20:17,Referral,Web,v3.1.0-web,Variant_B,Canada
usr_007626,2026-08-17,2026-08-17 17:30:57,Organic Search,Android,v2.5.1,Variant_B,Germany
usr_007627,2026-08-08,2026-08-08 15:42:15,Referral,iOS,v2.5.2,Variant_B,United Kingdom
usr_007628,2026-08-09,2026-08-09 19:39:26,Referral,iOS,v2.5.3,Control_A,Canada
usr_007629,2026-06-04,2026-06-04 01:39:36,Organic Search,iOS,v2.5.2,Control_A,Germany
usr_007630,2026-06-27,2026-06-27 12:20:13,Paid Search (Google),iOS,v2.5.2,Variant_B,India
usr_007631,2026-06-13,2026-06-13 14:23:22,Organic Search,Android,v2.5.2,Control_A,Canada
usr_007632,2026-06-07,2026-06-07 09:54:57,Meta Ads (Instagram),Android,v2.5.2,Control_A,Canada
usr_007633,2026-06-28,2026-06-28 03:57:54,Organic Search,Android,v2.5.3,Control_A,United Kingdom
usr_007634,2026-06-06,2026-06-06 13:14:46,Organic Search,Android,v2.5.2,Variant_B,Germany
usr_007635,2026-06-25,2026-06-25 16:19:17,Meta Ads (Instagram),iOS,v2.5.1,Control_A,United States
usr_007636,2026-08-27,2026-08-27 08:16:09,Organic Search,iOS,v2.5.1,Control_A,United Kingdom
usr_007637,2026-06-23,2026-06-23 05:51:58,Organic Search,Android,v2.5.3,Control_A,Canada
usr_007638,2026-07-20,2026-07-20 07:37:46,Organic Search,iOS,v2.5.2,Control_A,India
usr_007639,2026-06-27,2026-06-27 00:00:28,Referral,Android,v2.5.2,Variant_B,Germany
usr_007640,2026-06-12,2026-06-12 21:50:40,Paid Search (Google),Android,v2.5.2,Control_A,India
usr_007641,2026-08-29,2026-08-29 06:59:54,Meta Ads (Instagram),iOS,v2.5.3,Control_A,United States
usr_007642,2026-07-06,2026-07-06 05:43:34,Referral,Android,v2.5.1,Variant_B,India
usr_007643,2026-07-16,2026-07-16 18:20:35,Paid Search (Google),Web,v3.1.0-web,Control_A,Germany
usr_007644,2026-07-19,2026-07-19 19:52:47,Meta Ads (Instagram),Android,v2.5.2,Control_A,India
usr_007645,2026-08-26,2026-08-26 08:22:42,Meta Ads (Instagram),iOS,v2.5.2,Control_A,Germany
usr_007646,2026-07-16,2026-07-16 06:33:03,Paid Search (Google),Android,v2.5.2,Control_A,United States
usr_007647,2026-06-30,2026-06-30 23:24:41,Meta Ads (Instagram),Android,v2.5.2,Control_A,United States
usr_007648,2026-07-24,2026-07-24 08:13:03,Meta Ads (Instagram),Android,v2.5.2,Variant_B,Germany
usr_007649,2026-07-24,2026-07-24 14:11:07,Referral,Android,v2.5.2,Control_A,United States
usr_007650,2026-06-26,2026-06-26 11:25:23,Meta Ads (Instagram),Android,v2.5.1,Control_A,India
usr_007651,2026-08-24,2026-08-24 06:20:54,Meta Ads (Instagram),Android,v2.5.2,Variant_B,Canada
usr_007652,2026-08-09,2026-08-09 10:03:19,Paid Search (Google),iOS,v2.5.2,Variant_B,United Kingdom
usr_007653,2026-08-22,2026-08-22 04:05:55,Meta Ads (Instagram),iOS,v2.5.1,Control_A,Canada
usr_007654,2026-07-25,2026-07-25 04:05:09,Meta Ads (Instagram),Web,v3.1.0-web,Variant_B,United Kingdom
usr_007655,2026-06-22,2026-06-22 11:41:24,Meta Ads (Instagram),iOS,v2.5.1,Variant_B,Germany
usr_007656,2026-06-01,2026-06-01 03:57:54,Paid Search (Google),iOS,v2.5.2,Variant_B,United States
usr_007657,2026-06-01,2026-06-01 06:00:09,Organic Search,iOS,v2.5.1,Control_A,Germany
usr_007658,2026-07-28,2026-07-28 15:36:26,Meta Ads (Instagram),Android,v2.5.1,Variant_B,United States
usr_007659,2026-06-22,2026-06-22 02:52:39,Meta Ads (Instagram),Android,v2.5.1,Variant_B,United States
usr_007660,2026-06-24,2026-06-24 18:03:26,Organic Search,iOS,v2.5.3,Variant_B,United Kingdom
usr_007661,2026-07-18,2026-07-18 01:43:04,Paid Search (Google),iOS,v2.5.2,Control_A,United States
usr_007662,2026-06-19,2026-06-19 13:03:28,Referral,Web,v3.1.0-web,Variant_B,United States
usr_007663,2026-07-13,2026-07-13 06:20:15,Referral,iOS,v2.5.1,Control_A,Canada
usr_007664,2026-08-03,2026-08-03 22:11:54,Meta Ads (Instagram),iOS,v2.5.1,Variant_B,United Kingdom
usr_007665,2026-07-21,2026-07-21 10:09:40,Meta Ads (Instagram),Android,v2.5.2,Control_A,United States
usr_007666,2026-08-29,2026-08-29 02:46:53,Meta Ads (Instagram),iOS,v2.5.2,Control_A,Canada
usr_007667,2026-07-27,2026-07-27 08:42:11,Paid Search (Google),iOS,v2.5.2,Variant_B,Canada
usr_007668,2026-06-23,2026-06-23 03:11:00,Influencer Campaign,iOS,v2.5.2,Control_A,United States
usr_007669,2026-08-25,2026-08-25 19:57:13,Organic Search,iOS,v2.5.3,Control_A,India
usr_007670,2026-08-27,2026-08-27 19:47:22,Meta Ads (Instagram),iOS,v2.5.3,Control_A,United Kingdom
usr_007671,2026-08-10,2026-08-10 08:55:30,Meta Ads (Instagram),Android,v2.5.2,Control_A,Germany
usr_007672,2026-08-18,2026-08-18 23:07:10,Paid Search (Google),iOS,v2.5.2,Variant_B,India
usr_007673,2026-07-31,2026-07-31 09:39:01,Paid Search (Google),Android,v2.5.1,Variant_B,United States
usr_007674,2026-08-13,2026-08-13 21:52:17,Meta Ads (Instagram),iOS,v2.5.1,Variant_B,Germany
usr_007675,2026-06-25,2026-06-25 10:46:30,Organic Search,Android,v2.5.3,Variant_B,India
usr_007676,2026-06-19,2026-06-19 19:18:00,Organic Search,iOS,v2.5.2,Control_A,United States
usr_007677,2026-08-18,2026-08-18 18:00:38,Meta Ads (Instagram),Android,v2.5.2,Variant_B,United Kingdom
usr_007678,2026-06-09,2026-06-09 13:54:35,Meta Ads (Instagram),iOS,v2.5.3,Control_A,India
usr_007679,2026-07-20,2026-07-20 04:40:19,Meta Ads (Instagram),Android,v2.5.1,Control_A,Germany
usr_007680,2026-08-06,2026-08-06 19:08:18,Organic Search,iOS,v2.5.2,Control_A,Germany
usr_007681,2026-08-27,2026-08-27 15:13:26,Meta Ads (Instagram),Android,v2.5.3,Variant_B,India
usr_007682,2026-06-30,2026-06-30 14:42:24,Meta Ads (Instagram),Android,v2.5.1,Control_A,United States
usr_007683,2026-07-04,2026-07-04 13:27:35,Organic Search,Android,v2.5.2,Variant_B,Germany
usr_007684,2026-06-29,2026-06-29 18:50:07,Meta Ads (Instagram),iOS,v2.5.1,Variant_B,Canada
usr_007685,2026-06-04,2026-06-04 02:04:38,Paid Search (Google),iOS,v2.5.1,Variant_B,United Kingdom
usr_007686,2026-06-16,2026-06-16 07:36:45,Influencer Campaign,iOS,v2.5.3,Control_A,Canada
usr_007687,2026-07-06,2026-07-06 09:01:06,Influencer Campaign,Android,v2.5.1,Variant_B,Germany
usr_007688,2026-07-19,2026-07-19 04:30:48,Paid Search (Google),Android,v2.5.2,Control_A,Germany
usr_007689,2026-06-04,2026-06-04 17:06:45,Paid Search (Google),Web,v3.1.0-web,Variant_B,India
usr_007690,2026-07-01,2026-07-01 06:33:48,Meta Ads (Instagram),Android,v2.5.1,Control_A,Canada
usr_007691,2026-07-11,2026-07-11 16:55:08,Organic Search,iOS,v2.5.3,Variant_B,United Kingdom
usr_007692,2026-07-15,2026-07-15 23:21:58,Meta Ads (Instagram),Android,v2.5.3,Variant_B,Canada
usr_007693,2026-07-05,2026-07-05 12:37:49,Meta Ads (Instagram),iOS,v2.5.3,Control_A,Germany
usr_007694,2026-06-02,2026-06-02 00:24:45,Paid Search (Google),iOS,v2.5.3,Variant_B,Germany
usr_007695,2026-07-01,2026-07-01 18:23:14,Meta Ads (Instagram),Web,v3.1.0-web,Control_A,United Kingdom
usr_007696,2026-07-28,2026-07-28 22:22:03,Paid Search (Google),Android,v2.5.1,Variant_B,Canada
usr_007697,2026-08-04,2026-08-04 00:37:34,Paid Search (Google),Android,v2.5.2,Variant_B,Germany
usr_007698,2026-08-14,2026-08-14 02:44:29,Organic Search,Android,v2.5.1,Control_A,India
usr_007699,2026-06-05,2026-06-05 06:08:17,Organic Search,iOS,v2.5.3,Variant_B,Canada
usr_007700,2026-08-03,2026-08-03 19:33:56,Meta Ads (Instagram),Web,v3.1.0-web,Variant_B,Germany
usr_007701,2026-07-31,2026-07-31 07:23:54,Meta Ads (Instagram),iOS,v2.5.2,Control_A,United States
usr_007702,2026-08-25,2026-08-25 16:08:08,Meta Ads (Instagram),iOS,v2.5.1,Variant_B,India
usr_007703,2026-07-19,2026-07-19 11:24:18,Referral,iOS,v2.5.2,Variant_B,Germany
usr_007704,2026-08-09,2026-08-09 07:52:00,Organic Search,iOS,v2.5.3,Variant_B,Germany
usr_007705,2026-08-06,2026-08-06 11:44:25,Paid Search (Google),Web,v3.1.0-web,Variant_B,Germany
usr_007706,2026-06-06,2026-06-06 17:36:36,Meta Ads (Instagram),Android,v2.5.1,Variant_B,United Kingdom
usr_007707,2026-07-05,2026-07-05 10:21:26,Paid Search (Google),Android,v2.5.2,Variant_B,Germany
usr_007708,2026-06-08,2026-06-08 05:56:54,Paid Search (Google),Android,v2.5.2,Variant_B,United Kingdom
usr_007709,2026-06-21,2026-06-21 12:06:59,Paid Search (Google),iOS,v2.5.1,Variant_B,Germany
usr_007710,2026-06-09,2026-06-09 06:42:03,Organic Search,Android,v2.5.1,Control_A,United Kingdom
usr_007711,2026-06-23,2026-06-23 13:11:09,Meta Ads (Instagram),Android,v2.5.2,Variant_B,United Kingdom
usr_007712,2026-08-18,2026-08-18 03:10:25,Meta Ads (Instagram),Android,v2.5.3,Control_A,India
usr_007713,2026-07-01,2026-07-01 09:56:41,Paid Search (Google),iOS,v2.5.2,Variant_B,Canada
usr_007714,2026-06-15,2026-06-15 00:34:44,Paid Search (Google),Android,v2.5.3,Control_A,India
usr_007715,2026-07-05,2026-07-05 01:22:38,Meta Ads (Instagram),iOS,v2.5.1,Control_A,Canada
usr_007716,2026-08-01,2026-08-01 16:08:23,Paid Search (Google),iOS,v2.5.3,Variant_B,Germany
usr_007717,2026-07-22,2026-07-22 13:09:24,Organic Search,iOS,v2.5.3,Control_A,Germany
usr_007718,2026-08-16,2026-08-16 03:33:53,Organic Search,iOS,v2.5.1,Control_A,Germany
usr_007719,2026-08-21,2026-08-21 16:02:16,Paid Search (Google),Android,v2.5.1,Variant_B,Germany
usr_007720,2026-07-22,2026-07-22 18:38:57,Referral,iOS,v2.5.2,Control_A,Canada
usr_007721,2026-06-05,2026-06-05 23:22:43,Referral,iOS,v2.5.3,Control_A,United States
usr_007722,2026-06-07,2026-06-07 19:55:17,Meta Ads (Instagram),Android,v2.5.3,Control_A,India
usr_007723,2026-08-12,2026-08-12 06:07:55,Meta Ads (Instagram),Web,v3.1.0-web,Variant_B,United States
usr_007724,2026-08-04,2026-08-04 03:53:19,Influencer Campaign,Android,v2.5.2,Control_A,United States
usr_007725,2026-06-29,2026-06-29 13:11:46,Meta Ads (Instagram),Android,v2.5.1,Control_A,United States
usr_007726,2026-08-27,2026-08-27 21:16:29,Paid Search (Google),Android,v2.5.3,Control_A,Canada
usr_007727,2026-08-13,2026-08-13 13:07:42,Paid Search (Google),Web,v3.1.0-web,Variant_B,United States
usr_007728,2026-08-02,2026-08-02 12:42:06,Meta Ads (Instagram),Android,v2.5.1,Control_A,Canada
usr_007729,2026-06-11,2026-06-11 19:31:37,Referral,Android,v2.5.3,Control_A,Germany
usr_007730,2026-08-21,2026-08-21 21:13:36,Organic Search,iOS,v2.5.2,Variant_B,Germany
usr_007731,2026-07-24,2026-07-24 22:36:08,Meta Ads (Instagram),Android,v2.5.1,Variant_B,United Kingdom
usr_007732,2026-07-14,2026-07-14 23:37:38,Meta Ads (Instagram),Android,v2.5.3,Control_A,Germany
usr_007733,2026-08-10,2026-08-10 00:57:29,Paid Search (Google),iOS,v2.5.2,Control_A,Germany
usr_007734,2026-08-23,2026-08-23 02:53:11,Paid Search (Google),iOS,v2.5.2,Variant_B,India
usr_007735,2026-06-16,2026-06-16 23:33:28,Paid Search (Google),Android,v2.5.2,Control_A,India
usr_007736,2026-07-01,2026-07-01 06:45:55,Referral,Android,v2.5.2,Variant_B,Germany
usr_007737,2026-08-18,2026-08-18 02:32:06,Organic Search,Android,v2.5.1,Control_A,Canada
usr_007738,2026-07-29,2026-07-29 06:30:06,Meta Ads (Instagram),iOS,v2.5.1,Variant_B,United States
usr_007739,2026-07-09,2026-07-09 07:26:50,Influencer Campaign,Android,v2.5.1,Control_A,Canada
usr_007740,2026-06-07,2026-06-07 23:15:25,Organic Search,iOS,v2.5.3,Variant_B,United Kingdom
usr_007741,2026-08-05,2026-08-05 01:18:17,Meta Ads (Instagram),Android,v2.5.2,Variant_B,Germany
usr_007742,2026-08-06,2026-08-06 05:04:10,Influencer Campaign,Android,v2.5.1,Control_A,United Kingdom
usr_007743,2026-07-04,2026-07-04 01:10:25,Referral,iOS,v2.5.2,Control_A,United States
usr_007744,2026-07-06,2026-07-06 05:36:54,Paid Search (Google),iOS,v2.5.1,Control_A,United Kingdom
usr_007745,2026-08-18,2026-08-18 03:02:58,Paid Search (Google),Android,v2.5.1,Variant_B,Germany
usr_007746,2026-07-31,2026-07-31 21:04:02,Meta Ads (Instagram),iOS,v2.5.1,Control_A,United Kingdom
usr_007747,2026-06-24,2026-06-24 07:13:44,Organic Search,Android,v2.5.2,Control_A,Canada
usr_007748,2026-07-03,2026-07-03 19:49:26,Meta Ads (Instagram),iOS,v2.5.3,Control_A,Germany
usr_007749,2026-07-17,2026-07-17 09:40:08,Meta Ads (Instagram),Android,v2.5.3,Variant_B,India
usr_007750,2026-06-05,2026-06-05 08:04:02,Referral,Android,v2.5.1,Variant_B,Germany
usr_007751,2026-06-29,2026-06-29 03:22:54,Organic Search,Android,v2.5.2,Variant_B,Canada
usr_007752,2026-06-06,2026-06-06 05:52:25,Paid Search (Google),iOS,v2.5.2,Variant_B,Germany
usr_007753,2026-08-17,2026-08-17 02:02:55,Meta Ads (Instagram),Web,v3.1.0-web,Variant_B,India
usr_007754,2026-08-03,2026-08-03 14:18:56,Organic Search,Android,v2.5.1,Variant_B,India
usr_007755,2026-06-27,2026-06-27 14:37:46,Paid Search (Google),iOS,v2.5.2,Variant_B,Canada
usr_007756,2026-07-26,2026-07-26 08:37:59,Paid Search (Google),Android,v2.5.2,Control_A,India
usr_007757,2026-08-08,2026-08-08 22:24:03,Paid Search (Google),Web,v3.1.0-web,Control_A,Canada
usr_007758,2026-08-07,2026-08-07 11:45:18,Referral,iOS,v2.5.3,Control_A,United Kingdom
usr_007759,2026-06-02,2026-06-02 21:09:29,Meta Ads (Instagram),iOS,v2.5.1,Control_A,India
usr_007760,2026-07-22,2026-07-22 16:43:14,Referral,iOS,v2.5.2,Control_A,India
usr_007761,2026-08-07,2026-08-07 22:13:08,Organic Search,Android,v2.5.3,Control_A,Germany
usr_007762,2026-08-15,2026-08-15 07:43:35,Referral,Web,v3.1.0-web,Variant_B,United Kingdom
usr_007763,2026-07-14,2026-07-14 22:45:25,Meta Ads (Instagram),Android,v2.5.2,Control_A,United Kingdom
usr_007764,2026-07-27,2026-07-27 21:30:37,Meta Ads (Instagram),iOS,v2.5.3,Control_A,Germany
usr_007765,2026-06-08,2026-06-08 04:52:15,Organic Search,iOS,v2.5.1,Variant_B,United Kingdom
usr_007766,2026-06-13,2026-06-13 13:58:48,Organic Search,Android,v2.5.2,Control_A,Canada
usr_007767,2026-07-02,2026-07-02 22:24:51,Organic Search,Web,v3.1.0-web,Control_A,Germany
usr_007768,2026-08-19,2026-08-19 12:21:38,Organic Search,Web,v3.1.0-web,Control_A,Germany
usr_007769,2026-08-18,2026-08-18 17:33:13,Meta Ads (Instagram),Android,v2.5.1,Variant_B,United Kingdom
usr_007770,2026-07-14,2026-07-14 13:26:49,Meta Ads (Instagram),Android,v2.5.1,Control_A,Germany
usr_007771,2026-07-10,2026-07-10 10:34:12,Paid Search (Google),iOS,v2.5.1,Variant_B,Germany
usr_007772,2026-08-06,2026-08-06 05:50:29,Organic Search,iOS,v2.5.3,Variant_B,United Kingdom
usr_007773,2026-08-19,2026-08-19 20:25:19,Referral,iOS,v2.5.1,Control_A,United Kingdom
usr_007774,2026-08-09,2026-08-09 00:46:20,Meta Ads (Instagram),iOS,v2.5.3,Control_A,Germany
usr_007775,2026-06-27,2026-06-27 15:08:39,Meta Ads (Instagram),Android,v2.5.1,Control_A,United Kingdom
usr_007776,2026-08-08,2026-08-08 23:56:41,Referral,Android,v2.5.2,Control_A,India
usr_007777,2026-07-20,2026-07-20 02:36:54,Influencer Campaign,Android,v2.5.2,Control_A,Germany
usr_007778,2026-06-08,2026-06-08 09:04:17,Referral,Android,v2.5.3,Variant_B,India
usr_007779,2026-07-09,2026-07-09 05:41:01,Meta Ads (Instagram),Android,v2.5.1,Variant_B,United States
usr_007780,2026-07-12,2026-07-12 02:08:32,Organic Search,iOS,v2.5.1,Control_A,India
usr_007781,2026-06-18,2026-06-18 09:42:41,Meta Ads (Instagram),Web,v3.1.0-web,Variant_B,United States
usr_007782,2026-06-01,2026-06-01 09:28:10,Referral,iOS,v2.5.1,Variant_B,India
usr_007783,2026-06-09,2026-06-09 12:31:56,Meta Ads (Instagram),iOS,v2.5.2,Control_A,United States
usr_007784,2026-06-17,2026-06-17 17:32:41,Meta Ads (Instagram),Web,v3.1.0-web,Variant_B,Canada
usr_007785,2026-08-07,2026-08-07 06:31:43,Meta Ads (Instagram),iOS,v2.5.2,Control_A,India
usr_007786,2026-08-10,2026-08-10 00:57:38,Meta Ads (Instagram),iOS,v2.5.2,Control_A,Canada
usr_007787,2026-08-11,2026-08-11 14:26:58,Organic Search,Android,v2.5.2,Control_A,Canada
usr_007788,2026-08-15,2026-08-15 12:18:10,Paid Search (Google),iOS,v2.5.1,Control_A,Germany
usr_007789,2026-07-13,2026-07-13 11:03:45,Meta Ads (Instagram),iOS,v2.5.3,Variant_B,India
usr_007790,2026-07-02,2026-07-02 08:50:48,Influencer Campaign,Android,v2.5.2,Control_A,United States
usr_007791,2026-06-27,2026-06-27 18:34:13,Paid Search (Google),iOS,v2.5.1,Variant_B,United Kingdom
usr_007792,2026-06-08,2026-06-08 14:31:28,Paid Search (Google),Android,v2.5.3,Control_A,United States
usr_007793,2026-08-02,2026-08-02 00:32:36,Meta Ads (Instagram),iOS,v2.5.3,Control_A,Canada
usr_007794,2026-08-19,2026-08-19 00:32:06,Organic Search,Android,v2.5.2,Variant_B,India
usr_007795,2026-07-08,2026-07-08 05:07:11,Organic Search,Android,v2.5.1,Variant_B,India
usr_007796,2026-08-17,2026-08-17 20:47:31,Referral,iOS,v2.5.1,Variant_B,United States
usr_007797,2026-07-21,2026-07-21 16:37:48,Meta Ads (Instagram),Android,v2.5.1,Control_A,Canada
usr_007798,2026-06-03,2026-06-03 23:54:10,Meta Ads (Instagram),iOS,v2.5.1,Variant_B,Germany
usr_007799,2026-08-21,2026-08-21 12:20:07,Meta Ads (Instagram),Android,v2.5.2,Control_A,United States
usr_007800,2026-06-01,2026-06-01 08:07:39,Influencer Campaign,Web,v3.1.0-web,Control_A,Germany
usr_007801,2026-06-09,2026-06-09 14:36:54,Organic Search,Android,v2.5.2,Variant_B,India
usr_007802,2026-08-08,2026-08-08 09:41:46,Meta Ads (Instagram),Android,v2.5.2,Control_A,India
usr_007803,2026-06-25,2026-06-25 18:25:20,Meta Ads (Instagram),Android,v2.5.1,Control_A,United States
usr_007804,2026-08-12,2026-08-12 11:22:02,Influencer Campaign,Web,v3.1.0-web,Control_A,Canada
usr_007805,2026-07-13,2026-07-13 21:57:06,Paid Search (Google),iOS,v2.5.1,Control_A,Canada
usr_007806,2026-06-03,2026-06-03 08:23:59,Influencer Campaign,iOS,v2.5.2,Variant_B,Canada
usr_007807,2026-07-11,2026-07-11 09:45:24,Meta Ads (Instagram),iOS,v2.5.2,Control_A,Canada
usr_007808,2026-06-28,2026-06-28 21:43:26,Organic Search,iOS,v2.5.1,Variant_B,United Kingdom
usr_007809,2026-06-08,2026-06-08 03:53:59,Meta Ads (Instagram),Android,v2.5.2,Control_A,Germany
usr_007810,2026-08-10,2026-08-10 01:52:45,Organic Search,Android,v2.5.1,Control_A,Germany
usr_007811,2026-08-24,2026-08-24 01:40:21,Paid Search (Google),Android,v2.5.1,Control_A,India
usr_007812,2026-08-22,2026-08-22 14:34:53,Organic Search,Web,v3.1.0-web,Control_A,United Kingdom
usr_007813,2026-07-15,2026-07-15 18:26:18,Paid Search (Google),iOS,v2.5.3,Variant_B,Germany
usr_007814,2026-08-27,2026-08-27 20:32:08,Paid Search (Google),Android,v2.5.1,Variant_B,India
usr_007815,2026-08-19,2026-08-19 19:43:40,Paid Search (Google),Web,v3.1.0-web,Control_A,United States
usr_007816,2026-07-28,2026-07-28 17:23:53,Paid Search (Google),Web,v3.1.0-web,Variant_B,India
usr_007817,2026-08-18,2026-08-18 13:02:33,Paid Search (Google),Android,v2.5.3,Variant_B,Canada
usr_007818,2026-07-03,2026-07-03 04:28:04,Paid Search (Google),iOS,v2.5.1,Control_A,India
usr_007819,2026-06-08,2026-06-08 09:49:49,Meta Ads (Instagram),iOS,v2.5.1,Control_A,India
usr_007820,2026-06-13,2026-06-13 05:57:34,Influencer Campaign,Android,v2.5.3,Control_A,United Kingdom
usr_007821,2026-06-22,2026-06-22 01:57:39,Meta Ads (Instagram),Android,v2.5.1,Control_A,Canada
usr_007822,2026-07-24,2026-07-24 22:05:15,Meta Ads (Instagram),iOS,v2.5.1,Variant_B,United States
usr_007823,2026-07-05,2026-07-05 01:20:32,Meta Ads (Instagram),Web,v3.1.0-web,Control_A,Canada
usr_007824,2026-07-13,2026-07-13 16:46:14,Paid Search (Google),Android,v2.5.1,Variant_B,United States
usr_007825,2026-06-18,2026-06-18 08:25:21,Referral,iOS,v2.5.1,Variant_B,Canada
usr_007826,2026-07-18,2026-07-18 02:52:08,Meta Ads (Instagram),iOS,v2.5.1,Variant_B,United Kingdom
usr_007827,2026-07-10,2026-07-10 05:42:44,Meta Ads (Instagram),iOS,v2.5.2,Variant_B,India
usr_007828,2026-07-08,2026-07-08 12:08:48,Meta Ads (Instagram),Android,v2.5.1,Control_A,Canada
usr_007829,2026-07-06,2026-07-06 18:33:16,Meta Ads (Instagram),iOS,v2.5.3,Control_A,Germany
usr_007830,2026-08-08,2026-08-08 07:20:16,Meta Ads (Instagram),iOS,v2.5.2,Variant_B,Canada
usr_007831,2026-07-02,2026-07-02 10:20:46,Influencer Campaign,Android,v2.5.2,Variant_B,India
usr_007832,2026-07-16,2026-07-16 17:05:32,Meta Ads (Instagram),Web,v3.1.0-web,Variant_B,Canada
usr_007833,2026-06-11,2026-06-11 23:09:53,Referral,Android,v2.5.2,Variant_B,Canada
usr_007834,2026-06-19,2026-06-19 00:07:25,Paid Search (Google),Android,v2.5.2,Variant_B,Canada
usr_007835,2026-08-28,2026-08-28 09:37:48,Meta Ads (Instagram),iOS,v2.5.3,Variant_B,United States
usr_007836,2026-08-02,2026-08-02 19:12:13,Paid Search (Google),iOS,v2.5.2,Control_A,United Kingdom
usr_007837,2026-07-13,2026-07-13 19:25:23,Organic Search,Android,v2.5.1,Control_A,India
usr_007838,2026-07-13,2026-07-13 19:56:30,Organic Search,Web,v3.1.0-web,Control_A,Germany
usr_007839,2026-07-05,2026-07-05 02:18:43,Meta Ads (Instagram),Android,v2.5.2,Variant_B,Germany
usr_007840,2026-08-24,2026-08-24 10:58:34,Organic Search,Android,v2.5.1,Variant_B,Germany
usr_007841,2026-08-13,2026-08-13 06:35:37,Paid Search (Google),iOS,v2.5.1,Control_A,India
usr_007842,2026-08-06,2026-08-06 05:10:05,Meta Ads (Instagram),iOS,v2.5.2,Control_A,India
usr_007843,2026-06-15,2026-06-15 21:10:37,Meta Ads (Instagram),iOS,v2.5.3,Control_A,Germany
usr_007844,2026-06-10,2026-06-10 19:51:45,Referral,Web,v3.1.0-web,Variant_B,United States
usr_007845,2026-06-14,2026-06-14 08:46:32,Referral,iOS,v2.5.3,Variant_B,Canada
usr_007846,2026-07-28,2026-07-28 17:50:08,Meta Ads (Instagram),Android,v2.5.2,Variant_B,Germany
usr_007847,2026-08-06,2026-08-06 17:11:11,Meta Ads (Instagram),iOS,v2.5.2,Variant_B,United States
usr_007848,2026-07-28,2026-07-28 09:59:23,Meta Ads (Instagram),Android,v2.5.1,Variant_B,United States
usr_007849,2026-07-03,2026-07-03 16:20:20,Meta Ads (Instagram),iOS,v2.5.2,Variant_B,United States
usr_007850,2026-06-23,2026-06-23 18:55:45,Paid Search (Google),Web,v3.1.0-web,Variant_B,United States
usr_007851,2026-06-05,2026-06-05 22:57:16,Meta Ads (Instagram),Android,v2.5.1,Control_A,United States
usr_007852,2026-07-22,2026-07-22 15:15:26,Paid Search (Google),Web,v3.1.0-web,Variant_B,Germany
usr_007853,2026-06-13,2026-06-13 03:34:23,Paid Search (Google),iOS,v2.5.3,Control_A,Canada
usr_007854,2026-06-23,2026-06-23 19:09:52,Meta Ads (Instagram),Android,v2.5.2,Control_A,India
usr_007855,2026-06-23,2026-06-23 16:54:20,Organic Search,Android,v2.5.3,Control_A,United States
usr_007856,2026-08-12,2026-08-12 15:42:42,Referral,Android,v2.5.3,Control_A,Canada
usr_007857,2026-07-01,2026-07-01 18:39:24,Meta Ads (Instagram),Android,v2.5.2,Variant_B,United Kingdom
usr_007858,2026-06-26,2026-06-26 07:33:34,Organic Search,Android,v2.5.1,Variant_B,Germany
usr_007859,2026-08-28,2026-08-28 19:29:27,Paid Search (Google),Android,v2.5.2,Variant_B,United Kingdom
usr_007860,2026-08-21,2026-08-21 13:00:44,Influencer Campaign,iOS,v2.5.1,Control_A,India
usr_007861,2026-07-24,2026-07-24 20:28:49,Influencer Campaign,iOS,v2.5.3,Variant_B,Germany
usr_007862,2026-07-18,2026-07-18 05:50:21,Paid Search (Google),Android,v2.5.2,Variant_B,United Kingdom
usr_007863,2026-06-28,2026-06-28 20:18:24,Meta Ads (Instagram),Android,v2.5.2,Variant_B,India
usr_007864,2026-07-06,2026-07-06 13:19:47,Meta Ads (Instagram),iOS,v2.5.1,Variant_B,Germany
usr_007865,2026-07-02,2026-07-02 03:51:38,Organic Search,iOS,v2.5.2,Variant_B,Canada
usr_007866,2026-08-05,2026-08-05 13:07:54,Meta Ads (Instagram),Android,v2.5.2,Variant_B,India
usr_007867,2026-06-03,2026-06-03 04:50:12,Meta Ads (Instagram),Android,v2.5.2,Control_A,United States
usr_007868,2026-07-17,2026-07-17 17:56:11,Meta Ads (Instagram),iOS,v2.5.1,Control_A,Canada
usr_007869,2026-07-22,2026-07-22 15:07:26,Meta Ads (Instagram),Android,v2.5.2,Variant_B,Germany
usr_007870,2026-06-12,2026-06-12 11:24:12,Paid Search (Google),Android,v2.5.2,Variant_B,United Kingdom
usr_007871,2026-06-03,2026-06-03 03:49:26,Meta Ads (Instagram),Android,v2.5.3,Variant_B,United States
usr_007872,2026-08-09,2026-08-09 12:11:25,Organic Search,Web,v3.1.0-web,Control_A,Canada
usr_007873,2026-06-28,2026-06-28 03:35:10,Organic Search,iOS,v2.5.2,Control_A,United Kingdom
usr_007874,2026-08-15,2026-08-15 15:17:18,Organic Search,iOS,v2.5.2,Control_A,India
usr_007875,2026-06-09,2026-06-09 22:08:36,Organic Search,iOS,v2.5.1,Variant_B,Canada
usr_007876,2026-06-22,2026-06-22 18:42:48,Paid Search (Google),iOS,v2.5.3,Control_A,India
usr_007877,2026-07-07,2026-07-07 08:18:30,Meta Ads (Instagram),Web,v3.1.0-web,Variant_B,United Kingdom
usr_007878,2026-06-13,2026-06-13 14:50:09,Organic Search,iOS,v2.5.1,Control_A,Germany
usr_007879,2026-07-10,2026-07-10 15:41:26,Influencer Campaign,Android,v2.5.3,Variant_B,India
usr_007880,2026-08-03,2026-08-03 18:01:09,Paid Search (Google),iOS,v2.5.2,Variant_B,Germany
usr_007881,2026-08-14,2026-08-14 21:34:38,Meta Ads (Instagram),Android,v2.5.1,Control_A,United Kingdom
usr_007882,2026-06-13,2026-06-13 15:29:55,Paid Search (Google),Android,v2.5.3,Control_A,United States
usr_007883,2026-06-30,2026-06-30 19:26:17,Paid Search (Google),iOS,v2.5.3,Control_A,Germany
usr_007884,2026-07-21,2026-07-21 23:09:12,Paid Search (Google),Android,v2.5.3,Control_A,United Kingdom
usr_007885,2026-06-22,2026-06-22 19:28:39,Meta Ads (Instagram),Android,v2.5.2,Variant_B,United States
usr_007886,2026-08-13,2026-08-13 18:17:41,Paid Search (Google),Android,v2.5.2,Control_A,Canada
usr_007887,2026-07-16,2026-07-16 13:18:53,Organic Search,iOS,v2.5.1,Variant_B,United Kingdom
usr_007888,2026-07-02,2026-07-02 22:05:15,Meta Ads (Instagram),Android,v2.5.3,Control_A,Canada
usr_007889,2026-07-21,2026-07-21 16:28:59,Organic Search,Web,v3.1.0-web,Control_A,United States
usr_007890,2026-07-14,2026-07-14 12:51:31,Meta Ads (Instagram),iOS,v2.5.1,Variant_B,India
usr_007891,2026-08-17,2026-08-17 06:20:08,Paid Search (Google),Android,v2.5.3,Variant_B,India
usr_007892,2026-07-30,2026-07-30 02:33:44,Meta Ads (Instagram),Web,v3.1.0-web,Control_A,United Kingdom
usr_007893,2026-06-05,2026-06-05 14:13:31,Referral,Android,v2.5.2,Control_A,United Kingdom
usr_007894,2026-07-31,2026-07-31 16:58:12,Meta Ads (Instagram),iOS,v2.5.3,Variant_B,India
usr_007895,2026-07-14,2026-07-14 02:28:58,Meta Ads (Instagram),iOS,v2.5.1,Variant_B,India
usr_007896,2026-07-04,2026-07-04 14:44:17,Referral,iOS,v2.5.3,Variant_B,Canada
usr_007897,2026-06-27,2026-06-27 20:02:55,Influencer Campaign,iOS,v2.5.1,Variant_B,United States
usr_007898,2026-08-27,2026-08-27 00:20:19,Referral,Android,v2.5.1,Control_A,Germany
usr_007899,2026-08-24,2026-08-24 01:23:32,Paid Search (Google),Android,v2.5.1,Control_A,Germany
usr_007900,2026-07-31,2026-07-31 09:46:28,Paid Search (Google),iOS,v2.5.1,Control_A,Germany
usr_007901,2026-06-15,2026-06-15 13:11:49,Referral,Android,v2.5.2,Control_A,United Kingdom
usr_007902,2026-08-27,2026-08-27 01:45:39,Meta Ads (Instagram),Android,v2.5.2,Variant_B,United Kingdom
usr_007903,2026-06-29,2026-06-29 17:22:43,Referral,iOS,v2.5.3,Control_A,United Kingdom
usr_007904,2026-06-30,2026-06-30 12:31:33,Meta Ads (Instagram),Android,v2.5.1,Variant_B,Germany
usr_007905,2026-08-03,2026-08-03 02:15:57,Influencer Campaign,Android,v2.5.3,Control_A,Germany
usr_007906,2026-06-13,2026-06-13 00:06:20,Referral,iOS,v2.5.1,Variant_B,Canada
usr_007907,2026-07-10,2026-07-10 10:38:18,Meta Ads (Instagram),Android,v2.5.1,Control_A,United Kingdom
usr_007908,2026-08-28,2026-08-28 09:49:22,Paid Search (Google),Android,v2.5.2,Variant_B,Canada
usr_007909,2026-06-22,2026-06-22 08:45:56,Influencer Campaign,iOS,v2.5.3,Variant_B,United Kingdom
usr_007910,2026-06-28,2026-06-28 23:39:50,Meta Ads (Instagram),Android,v2.5.3,Variant_B,United Kingdom
usr_007911,2026-06-26,2026-06-26 09:03:56,Influencer Campaign,iOS,v2.5.3,Variant_B,Canada
usr_007912,2026-06-15,2026-06-15 18:37:43,Referral,Web,v3.1.0-web,Control_A,United States
usr_007913,2026-07-09,2026-07-09 22:29:29,Organic Search,Android,v2.5.2,Variant_B,Canada
usr_007914,2026-06-23,2026-06-23 21:08:07,Paid Search (Google),iOS,v2.5.2,Variant_B,India
usr_007915,2026-07-17,2026-07-17 14:18:23,Meta Ads (Instagram),Android,v2.5.1,Control_A,Canada
usr_007916,2026-08-15,2026-08-15 20:35:08,Organic Search,iOS,v2.5.1,Control_A,Canada
usr_007917,2026-07-02,2026-07-02 22:28:59,Paid Search (Google),Android,v2.5.1,Control_A,Germany
usr_007918,2026-08-01,2026-08-01 12:47:05,Meta Ads (Instagram),iOS,v2.5.2,Control_A,India
usr_007919,2026-08-05,2026-08-05 00:54:26,Paid Search (Google),iOS,v2.5.3,Variant_B,Germany
usr_007920,2026-06-11,2026-06-11 02:10:18,Referral,Android,v2.5.3,Control_A,United States
usr_007921,2026-08-07,2026-08-07 12:02:11,Meta Ads (Instagram),iOS,v2.5.1,Control_A,Canada
usr_007922,2026-08-25,2026-08-25 17:45:49,Paid Search (Google),Android,v2.5.2,Variant_B,Germany
usr_007923,2026-08-17,2026-08-17 21:33:53,Meta Ads (Instagram),Web,v3.1.0-web,Control_A,United States
usr_007924,2026-07-05,2026-07-05 19:22:38,Paid Search (Google),Android,v2.5.3,Variant_B,Germany
usr_007925,2026-08-19,2026-08-19 08:31:54,Paid Search (Google),Android,v2.5.3,Variant_B,Canada
usr_007926,2026-08-20,2026-08-20 05:17:33,Referral,iOS,v2.5.2,Control_A,United States
usr_007927,2026-06-26,2026-06-26 11:51:12,Meta Ads (Instagram),Android,v2.5.3,Control_A,India
usr_007928,2026-06-07,2026-06-07 01:29:32,Referral,Android,v2.5.3,Control_A,United States
usr_007929,2026-08-28,2026-08-28 01:29:33,Organic Search,Web,v3.1.0-web,Variant_B,United States
usr_007930,2026-08-21,2026-08-21 20:49:57,Paid Search (Google),Android,v2.5.1,Control_A,Canada
usr_007931,2026-06-26,2026-06-26 23:40:17,Paid Search (Google),Web,v3.1.0-web,Control_A,United States
usr_007932,2026-08-18,2026-08-18 20:13:20,Paid Search (Google),Android,v2.5.3,Control_A,Germany
usr_007933,2026-07-04,2026-07-04 06:32:43,Referral,iOS,v2.5.2,Control_A,United States
usr_007934,2026-06-11,2026-06-11 07:18:34,Organic Search,Android,v2.5.2,Control_A,Germany
usr_007935,2026-08-02,2026-08-02 18:47:31,Meta Ads (Instagram),Android,v2.5.2,Variant_B,United States
usr_007936,2026-07-04,2026-07-04 17:32:39,Influencer Campaign,iOS,v2.5.3,Variant_B,Germany
usr_007937,2026-07-26,2026-07-26 21:26:07,Meta Ads (Instagram),Android,v2.5.1,Variant_B,Germany
usr_007938,2026-08-08,2026-08-08 07:03:49,Influencer Campaign,Android,v2.5.2,Control_A,Canada
usr_007939,2026-06-02,2026-06-02 20:08:16,Meta Ads (Instagram),Android,v2.5.3,Control_A,India
usr_007940,2026-07-27,2026-07-27 10:22:45,Referral,iOS,v2.5.2,Variant_B,India
usr_007941,2026-07-04,2026-07-04 13:42:30,Meta Ads (Instagram),Android,v2.5.2,Variant_B,United Kingdom
usr_007942,2026-06-09,2026-06-09 13:44:24,Meta Ads (Instagram),iOS,v2.5.3,Variant_B,United States
usr_007943,2026-08-01,2026-08-01 07:39:22,Paid Search (Google),iOS,v2.5.3,Variant_B,India
usr_007944,2026-07-18,2026-07-18 00:25:11,Meta Ads (Instagram),Android,v2.5.3,Control_A,Canada
usr_007945,2026-08-23,2026-08-23 12:36:49,Influencer Campaign,iOS,v2.5.2,Variant_B,Canada
usr_007946,2026-07-20,2026-07-20 05:10:36,Referral,Android,v2.5.3,Variant_B,United Kingdom
usr_007947,2026-07-31,2026-07-31 23:10:53,Paid Search (Google),iOS,v2.5.3,Variant_B,Canada
usr_007948,2026-06-04,2026-06-04 21:17:32,Paid Search (Google),Android,v2.5.1,Variant_B,United States
usr_007949,2026-07-12,2026-07-12 20:24:07,Organic Search,iOS,v2.5.1,Control_A,United Kingdom
usr_007950,2026-06-19,2026-06-19 22:09:13,Paid Search (Google),Android,v2.5.3,Control_A,United States
usr_007951,2026-07-10,2026-07-10 00:57:01,Referral,Android,v2.5.3,Variant_B,Canada
usr_007952,2026-07-07,2026-07-07 23:37:54,Paid Search (Google),iOS,v2.5.1,Control_A,United States
usr_007953,2026-06-04,2026-06-04 13:14:23,Organic Search,Android,v2.5.1,Variant_B,Germany
usr_007954,2026-07-21,2026-07-21 19:30:54,Organic Search,Android,v2.5.1,Variant_B,Germany
usr_007955,2026-06-19,2026-06-19 10:58:18,Meta Ads (Instagram),Android,v2.5.1,Variant_B,United Kingdom
usr_007956,2026-08-12,2026-08-12 07:28:17,Meta Ads (Instagram),Android,v2.5.2,Variant_B,United Kingdom
usr_007957,2026-08-09,2026-08-09 01:15:51,Referral,Android,v2.5.1,Control_A,Canada
usr_007958,2026-06-22,2026-06-22 11:12:09,Organic Search,iOS,v2.5.3,Variant_B,Germany
usr_007959,2026-06-05,2026-06-05 17:13:04,Paid Search (Google),Android,v2.5.3,Control_A,United Kingdom
usr_007960,2026-07-08,2026-07-08 06:37:26,Paid Search (Google),Android,v2.5.3,Control_A,Canada
usr_007961,2026-08-04,2026-08-04 08:32:48,Meta Ads (Instagram),Android,v2.5.2,Variant_B,India
usr_007962,2026-06-21,2026-06-21 15:38:45,Paid Search (Google),Android,v2.5.1,Control_A,Germany
usr_007963,2026-07-02,2026-07-02 16:41:11,Meta Ads (Instagram),iOS,v2.5.3,Variant_B,Germany
usr_007964,2026-06-13,2026-06-13 18:56:07,Meta Ads (Instagram),Android,v2.5.1,Control_A,United Kingdom
usr_007965,2026-07-04,2026-07-04 05:36:10,Organic Search,iOS,v2.5.3,Control_A,Canada
usr_007966,2026-08-11,2026-08-11 15:51:14,Meta Ads (Instagram),Android,v2.5.1,Variant_B,Canada
usr_007967,2026-08-28,2026-08-28 12:09:58,Meta Ads (Instagram),Android,v2.5.1,Control_A,United States
usr_007968,2026-06-26,2026-06-26 02:21:28,Organic Search,Android,v2.5.3,Variant_B,United States
usr_007969,2026-07-05,2026-07-05 04:00:08,Paid Search (Google),iOS,v2.5.3,Variant_B,United States
usr_007970,2026-06-12,2026-06-12 21:28:41,Meta Ads (Instagram),iOS,v2.5.2,Control_A,Canada
usr_007971,2026-06-27,2026-06-27 09:08:15,Meta Ads (Instagram),Android,v2.5.2,Variant_B,India
usr_007972,2026-07-01,2026-07-01 07:58:37,Meta Ads (Instagram),iOS,v2.5.1,Variant_B,India
usr_007973,2026-08-10,2026-08-10 20:10:25,Meta Ads (Instagram),Android,v2.5.1,Variant_B,India
usr_007974,2026-07-20,2026-07-20 14:02:36,Meta Ads (Instagram),iOS,v2.5.2,Variant_B,India
usr_007975,2026-08-23,2026-08-23 02:05:35,Organic Search,iOS,v2.5.2,Variant_B,Canada
usr_007976,2026-06-14,2026-06-14 11:34:55,Paid Search (Google),Android,v2.5.2,Variant_B,India
usr_007977,2026-07-15,2026-07-15 20:16:58,Meta Ads (Instagram),Android,v2.5.1,Variant_B,Germany
usr_007978,2026-06-27,2026-06-27 17:12:21,Meta Ads (Instagram),iOS,v2.5.1,Control_A,United Kingdom
usr_007979,2026-06-25,2026-06-25 04:13:22,Meta Ads (Instagram),iOS,v2.5.2,Control_A,United Kingdom
usr_007980,2026-08-10,2026-08-10 15:05:41,Meta Ads (Instagram),iOS,v2.5.2,Control_A,Canada
usr_007981,2026-06-08,2026-06-08 23:05:56,Paid Search (Google),iOS,v2.5.3,Control_A,Canada
usr_007982,2026-07-07,2026-07-07 19:25:52,Organic Search,Android,v2.5.3,Control_A,India
usr_007983,2026-06-02,2026-06-02 02:50:40,Paid Search (Google),Web,v3.1.0-web,Variant_B,India
usr_007984,2026-07-02,2026-07-02 20:36:30,Organic Search,Web,v3.1.0-web,Variant_B,Germany
usr_007985,2026-06-10,2026-06-10 06:29:19,Organic Search,iOS,v2.5.2,Variant_B,Germany
usr_007986,2026-06-14,2026-06-14 06:01:54,Referral,iOS,v2.5.3,Control_A,United States
usr_007987,2026-07-02,2026-07-02 22:54:24,Paid Search (Google),Android,v2.5.1,Control_A,India
usr_007988,2026-08-27,2026-08-27 11:16:42,Referral,Android,v2.5.3,Variant_B,Germany
usr_007989,2026-06-28,2026-06-28 19:44:25,Paid Search (Google),Web,v3.1.0-web,Variant_B,India
usr_007990,2026-07-30,2026-07-30 16:22:26,Meta Ads (Instagram),iOS,v2.5.2,Variant_B,Canada
usr_007991,2026-06-04,2026-06-04 01:42:44,Paid Search (Google),Android,v2.5.2,Control_A,United Kingdom
usr_007992,2026-07-11,2026-07-11 12:26:28,Paid Search (Google),Web,v3.1.0-web,Control_A,Germany
usr_007993,2026-07-23,2026-07-23 07:23:55,Paid Search (Google),Android,v2.5.2,Control_A,United Kingdom
usr_007994,2026-07-21,2026-07-21 21:50:56,Organic Search,iOS,v2.5.1,Control_A,United Kingdom
usr_007995,2026-08-17,2026-08-17 21:14:57,Organic Search,Android,v2.5.1,Control_A,United Kingdom
usr_007996,2026-07-02,2026-07-02 19:10:06,Paid Search (Google),Android,v2.5.1,Control_A,United States
usr_007997,2026-06-16,2026-06-16 17:40:03,Meta Ads (Instagram),Android,v2.5.3,Variant_B,United Kingdom
usr_007998,2026-07-11,2026-07-11 14:40:40,Meta Ads (Instagram),Android,v2.5.1,Control_A,India
usr_007999,2026-07-27,2026-07-27 15:35:03,Organic Search,Android,v2.5.2,Control_A,United Kingdom
usr_008000,2026-06-26,2026-06-26 10:31:40,Organic Search,iOS,v2.5.3,Variant_B,United Kingdom
usr_008001,2026-08-05,2026-08-05 19:43:47,Meta Ads (Instagram),Android,v2.5.3,Variant_B,United Kingdom
usr_008002,2026-08-10,2026-08-10 16:32:53,Influencer Campaign,Android,v2.5.3,Variant_B,United Kingdom
usr_008003,2026-07-17,2026-07-17 02:55:22,Paid Search (Google),Android,v2.5.3,Variant_B,United States
usr_008004,2026-08-29,2026-08-29 18:50:01,Referral,Android,v2.5.3,Control_A,India
usr_008005,2026-07-28,2026-07-28 20:33:25,Meta Ads (Instagram),Android,v2.5.3,Variant_B,United Kingdom
usr_008006,2026-08-23,2026-08-23 09:31:17,Referral,Android,v2.5.1,Control_A,Germany
usr_008007,2026-07-20,2026-07-20 08:17:43,Referral,iOS,v2.5.1,Variant_B,Germany
usr_008008,2026-07-25,2026-07-25 18:45:14,Meta Ads (Instagram),iOS,v2.5.3,Control_A,Canada
usr_008009,2026-08-24,2026-08-24 02:53:49,Paid Search (Google),iOS,v2.5.2,Control_A,United States
usr_008010,2026-07-20,2026-07-20 16:53:35,Referral,iOS,v2.5.2,Control_A,United States
usr_008011,2026-06-03,2026-06-03 21:01:04,Meta Ads (Instagram),Android,v2.5.1,Control_A,United States
usr_008012,2026-08-06,2026-08-06 16:20:01,Paid Search (Google),iOS,v2.5.2,Control_A,United States
usr_008013,2026-08-27,2026-08-27 17:50:32,Meta Ads (Instagram),iOS,v2.5.1,Variant_B,United States
usr_008014,2026-06-03,2026-06-03 00:52:04,Organic Search,iOS,v2.5.2,Variant_B,India
usr_008015,2026-07-31,2026-07-31 20:46:30,Organic Search,Android,v2.5.3,Variant_B,India
usr_008016,2026-08-17,2026-08-17 12:19:09,Meta Ads (Instagram),iOS,v2.5.2,Control_A,United Kingdom
usr_008017,2026-06-24,2026-06-24 11:41:15,Organic Search,iOS,v2.5.1,Control_A,India
usr_008018,2026-06-13,2026-06-13 15:54:32,Organic Search,iOS,v2.5.2,Variant_B,India
usr_008019,2026-07-04,2026-07-04 11:05:35,Organic Search,Android,v2.5.2,Control_A,United States
usr_008020,2026-08-12,2026-08-12 20:56:11,Paid Search (Google),Android,v2.5.1,Control_A,India
usr_008021,2026-07-22,2026-07-22 09:06:00,Meta Ads (Instagram),Android,v2.5.3,Variant_B,United States
usr_008022,2026-07-11,2026-07-11 07:54:49,Organic Search,Android,v2.5.2,Control_A,Germany
usr_008023,2026-07-11,2026-07-11 16:41:14,Referral,Android,v2.5.3,Control_A,India
usr_008024,2026-06-28,2026-06-28 22:07:34,Meta Ads (Instagram),iOS,v2.5.1,Variant_B,United Kingdom
usr_008025,2026-06-21,2026-06-21 08:13:38,Paid Search (Google),Android,v2.5.2,Variant_B,United States
usr_008026,2026-06-11,2026-06-11 23:10:45,Referral,Android,v2.5.1,Variant_B,United Kingdom
usr_008027,2026-08-03,2026-08-03 08:34:45,Meta Ads (Instagram),iOS,v2.5.1,Variant_B,Canada
usr_008028,2026-08-28,2026-08-28 21:01:25,Organic Search,iOS,v2.5.3,Control_A,Germany
usr_008029,2026-08-10,2026-08-10 19:05:30,Referral,iOS,v2.5.1,Variant_B,United Kingdom
usr_008030,2026-06-12,2026-06-12 13:07:46,Meta Ads (Instagram),iOS,v2.5.1,Control_A,United Kingdom
usr_008031,2026-08-19,2026-08-19 11:06:25,Paid Search (Google),iOS,v2.5.2,Control_A,United States
usr_008032,2026-06-09,2026-06-09 16:15:23,Meta Ads (Instagram),iOS,v2.5.2,Variant_B,Germany
usr_008033,2026-07-04,2026-07-04 04:26:41,Paid Search (Google),iOS,v2.5.1,Control_A,United States
usr_008034,2026-07-19,2026-07-19 04:38:32,Paid Search (Google),Android,v2.5.1,Variant_B,Canada
usr_008035,2026-08-03,2026-08-03 08:20:11,Influencer Campaign,iOS,v2.5.3,Control_A,Germany
usr_008036,2026-06-20,2026-06-20 17:32:24,Meta Ads (Instagram),iOS,v2.5.2,Variant_B,India
usr_008037,2026-06-12,2026-06-12 04:54:28,Meta Ads (Instagram),Android,v2.5.3,Variant_B,United States
usr_008038,2026-07-10,2026-07-10 13:18:57,Meta Ads (Instagram),Android,v2.5.1,Variant_B,United States
usr_008039,2026-07-29,2026-07-29 04:13:54,Referral,Android,v2.5.3,Control_A,India
usr_008040,2026-07-24,2026-07-24 03:57:57,Meta Ads (Instagram),iOS,v2.5.1,Control_A,Canada
usr_008041,2026-08-06,2026-08-06 05:16:53,Paid Search (Google),Web,v3.1.0-web,Control_A,India
usr_008042,2026-07-22,2026-07-22 15:15:32,Paid Search (Google),Android,v2.5.2,Control_A,Germany
usr_008043,2026-07-13,2026-07-13 23:13:18,Paid Search (Google),iOS,v2.5.3,Control_A,United States
usr_008044,2026-08-16,2026-08-16 05:29:30,Paid Search (Google),iOS,v2.5.1,Control_A,India
usr_008045,2026-07-24,2026-07-24 22:45:44,Meta Ads (Instagram),iOS,v2.5.2,Variant_B,United States
usr_008046,2026-08-16,2026-08-16 18:11:47,Paid Search (Google),Android,v2.5.1,Control_A,United States
usr_008047,2026-08-17,2026-08-17 08:15:25,Meta Ads (Instagram),iOS,v2.5.1,Control_A,United States
usr_008048,2026-08-18,2026-08-18 01:03:23,Paid Search (Google),Web,v3.1.0-web,Control_A,Germany
usr_008049,2026-07-22,2026-07-22 02:44:44,Organic Search,iOS,v2.5.2,Variant_B,United States
usr_008050,2026-07-04,2026-07-04 23:03:40,Meta Ads (Instagram),Android,v2.5.1,Variant_B,India
usr_008051,2026-06-12,2026-06-12 01:10:38,Influencer Campaign,Android,v2.5.1,Control_A,Canada
usr_008052,2026-08-12,2026-08-12 23:27:18,Meta Ads (Instagram),iOS,v2.5.3,Variant_B,United States
usr_008053,2026-07-18,2026-07-18 08:09:33,Organic Search,iOS,v2.5.1,Control_A,India
usr_008054,2026-06-07,2026-06-07 11:50:44,Organic Search,iOS,v2.5.1,Variant_B,Germany
usr_008055,2026-07-29,2026-07-29 22:05:17,Organic Search,Android,v2.5.1,Variant_B,Canada
usr_008056,2026-08-01,2026-08-01 01:43:16,Influencer Campaign,Android,v2.5.1,Variant_B,India
usr_008057,2026-06-07,2026-06-07 13:26:29,Paid Search (Google),iOS,v2.5.1,Control_A,Germany
usr_008058,2026-08-12,2026-08-12 01:13:48,Meta Ads (Instagram),Android,v2.5.3,Control_A,Germany
usr_008059,2026-06-02,2026-06-02 05:45:50,Paid Search (Google),iOS,v2.5.3,Control_A,India
usr_008060,2026-07-23,2026-07-23 19:31:41,Paid Search (Google),Web,v3.1.0-web,Control_A,United States
usr_008061,2026-06-21,2026-06-21 12:09:25,Paid Search (Google),Android,v2.5.2,Control_A,India
usr_008062,2026-08-08,2026-08-08 12:52:57,Meta Ads (Instagram),Android,v2.5.3,Control_A,United States
usr_008063,2026-07-19,2026-07-19 15:14:09,Organic Search,iOS,v2.5.1,Control_A,United Kingdom
usr_008064,2026-06-23,2026-06-23 08:06:32,Meta Ads (Instagram),iOS,v2.5.3,Control_A,India
usr_008065,2026-08-20,2026-08-20 12:32:05,Meta Ads (Instagram),Android,v2.5.1,Control_A,India
usr_008066,2026-07-22,2026-07-22 09:19:20,Organic Search,iOS,v2.5.2,Control_A,Canada
usr_008067,2026-08-20,2026-08-20 01:52:35,Paid Search (Google),Android,v2.5.2,Control_A,United States
usr_008068,2026-06-21,2026-06-21 05:17:19,Influencer Campaign,Android,v2.5.1,Control_A,Canada
usr_008069,2026-07-30,2026-07-30 10:27:49,Meta Ads (Instagram),iOS,v2.5.1,Control_A,Germany
usr_008070,2026-06-22,2026-06-22 21:43:37,Meta Ads (Instagram),iOS,v2.5.3,Control_A,United States
usr_008071,2026-07-10,2026-07-10 07:08:18,Paid Search (Google),iOS,v2.5.1,Variant_B,Germany
usr_008072,2026-06-09,2026-06-09 06:24:16,Meta Ads (Instagram),iOS,v2.5.3,Variant_B,Germany
usr_008073,2026-06-16,2026-06-16 01:58:15,Paid Search (Google),iOS,v2.5.2,Control_A,United Kingdom
usr_008074,2026-07-02,2026-07-02 14:01:28,Paid Search (Google),Web,v3.1.0-web,Variant_B,Canada
usr_008075,2026-08-03,2026-08-03 13:20:56,Organic Search,iOS,v2.5.1,Variant_B,United States
usr_008076,2026-06-20,2026-06-20 11:57:42,Meta Ads (Instagram),iOS,v2.5.2,Variant_B,Canada
usr_008077,2026-06-02,2026-06-02 04:10:53,Meta Ads (Instagram),Web,v3.1.0-web,Control_A,United Kingdom
usr_008078,2026-08-27,2026-08-27 05:46:37,Referral,iOS,v2.5.2,Control_A,Germany
usr_008079,2026-06-20,2026-06-20 08:03:33,Paid Search (Google),iOS,v2.5.2,Control_A,Canada
usr_008080,2026-08-17,2026-08-17 09:43:14,Organic Search,iOS,v2.5.2,Variant_B,Germany
usr_008081,2026-08-05,2026-08-05 12:49:19,Paid Search (Google),iOS,v2.5.1,Variant_B,United States
usr_008082,2026-06-02,2026-06-02 11:20:58,Paid Search (Google),Android,v2.5.1,Variant_B,United States
usr_008083,2026-08-09,2026-08-09 04:27:26,Organic Search,iOS,v2.5.2,Control_A,Canada
usr_008084,2026-08-01,2026-08-01 17:29:15,Influencer Campaign,Android,v2.5.2,Variant_B,Germany
usr_008085,2026-06-09,2026-06-09 21:58:17,Paid Search (Google),Android,v2.5.3,Control_A,Germany
usr_008086,2026-06-30,2026-06-30 21:47:30,Meta Ads (Instagram),Android,v2.5.2,Variant_B,United Kingdom
usr_008087,2026-07-10,2026-07-10 06:49:15,Organic Search,Android,v2.5.3,Variant_B,Germany
usr_008088,2026-07-19,2026-07-19 18:29:06,Paid Search (Google),Web,v3.1.0-web,Control_A,United States
usr_008089,2026-08-05,2026-08-05 04:28:49,Paid Search (Google),iOS,v2.5.1,Variant_B,India
usr_008090,2026-06-21,2026-06-21 00:10:40,Paid Search (Google),Web,v3.1.0-web,Control_A,Canada
usr_008091,2026-06-16,2026-06-16 09:07:50,Meta Ads (Instagram),iOS,v2.5.1,Variant_B,India
usr_008092,2026-06-15,2026-06-15 16:22:12,Paid Search (Google),iOS,v2.5.1,Variant_B,India
usr_008093,2026-06-14,2026-06-14 09:36:00,Paid Search (Google),iOS,v2.5.2,Variant_B,United States
usr_008094,2026-08-25,2026-08-25 08:08:10,Referral,Android,v2.5.1,Control_A,United Kingdom
usr_008095,2026-06-12,2026-06-12 06:36:28,Meta Ads (Instagram),Web,v3.1.0-web,Control_A,United Kingdom
usr_008096,2026-07-20,2026-07-20 07:00:42,Meta Ads (Instagram),Web,v3.1.0-web,Variant_B,Germany
usr_008097,2026-08-08,2026-08-08 16:11:09,Referral,iOS,v2.5.1,Variant_B,Canada
usr_008098,2026-07-04,2026-07-04 12:04:58,Referral,Web,v3.1.0-web,Variant_B,India
usr_008099,2026-06-27,2026-06-27 03:42:47,Organic Search,Android,v2.5.2,Variant_B,Germany
usr_008100,2026-06-04,2026-06-04 05:31:19,Organic Search,Android,v2.5.2,Control_A,United States
usr_008101,2026-08-02,2026-08-02 02:01:42,Paid Search (Google),Web,v3.1.0-web,Control_A,Canada
usr_008102,2026-08-10,2026-08-10 11:07:36,Organic Search,Android,v2.5.1,Control_A,Germany
usr_008103,2026-08-09,2026-08-09 00:10:04,Paid Search (Google),iOS,v2.5.2,Variant_B,United Kingdom
usr_008104,2026-06-06,2026-06-06 01:22:34,Meta Ads (Instagram),iOS,v2.5.3,Variant_B,India
usr_008105,2026-08-10,2026-08-10 07:35:33,Organic Search,iOS,v2.5.3,Control_A,United States
usr_008106,2026-08-01,2026-08-01 08:21:52,Paid Search (Google),Web,v3.1.0-web,Variant_B,Canada
usr_008107,2026-07-09,2026-07-09 00:00:13,Paid Search (Google),iOS,v2.5.3,Control_A,Germany
usr_008108,2026-08-24,2026-08-24 09:12:24,Paid Search (Google),iOS,v2.5.3,Control_A,India
usr_008109,2026-06-06,2026-06-06 06:13:16,Paid Search (Google),Android,v2.5.1,Control_A,Canada
usr_008110,2026-07-22,2026-07-22 03:11:39,Paid Search (Google),iOS,v2.5.2,Control_A,Canada
usr_008111,2026-08-08,2026-08-08 01:14:37,Organic Search,Android,v2.5.3,Variant_B,United Kingdom
usr_008112,2026-06-24,2026-06-24 17:12:30,Paid Search (Google),iOS,v2.5.1,Variant_B,Canada
usr_008113,2026-07-10,2026-07-10 03:38:51,Meta Ads (Instagram),Android,v2.5.1,Control_A,Germany
usr_008114,2026-08-05,2026-08-05 06:57:34,Influencer Campaign,Android,v2.5.1,Control_A,United States
usr_008115,2026-06-07,2026-06-07 10:28:45,Paid Search (Google),iOS,v2.5.2,Variant_B,Canada
usr_008116,2026-07-12,2026-07-12 01:43:23,Paid Search (Google),iOS,v2.5.3,Variant_B,United States
usr_008117,2026-06-10,2026-06-10 21:50:08,Paid Search (Google),iOS,v2.5.2,Control_A,United Kingdom
usr_008118,2026-07-21,2026-07-21 16:44:56,Paid Search (Google),Android,v2.5.3,Control_A,United Kingdom
usr_008119,2026-06-18,2026-06-18 16:40:05,Meta Ads (Instagram),Android,v2.5.2,Variant_B,United States
usr_008120,2026-06-20,2026-06-20 07:42:26,Organic Search,Android,v2.5.1,Variant_B,India
usr_008121,2026-06-17,2026-06-17 22:50:56,Meta Ads (Instagram),Android,v2.5.3,Control_A,United States
usr_008122,2026-08-27,2026-08-27 12:39:26,Organic Search,iOS,v2.5.1,Variant_B,India
usr_008123,2026-07-07,2026-07-07 00:40:21,Organic Search,Android,v2.5.2,Control_A,Canada
usr_008124,2026-08-16,2026-08-16 02:04:42,Organic Search,Android,v2.5.1,Variant_B,United States
usr_008125,2026-07-27,2026-07-27 06:28:17,Meta Ads (Instagram),Android,v2.5.2,Control_A,United States
usr_008126,2026-07-18,2026-07-18 18:41:09,Paid Search (Google),iOS,v2.5.3,Variant_B,Germany
usr_008127,2026-07-23,2026-07-23 19:12:47,Paid Search (Google),Web,v3.1.0-web,Variant_B,United States
usr_008128,2026-08-24,2026-08-24 23:15:43,Meta Ads (Instagram),Android,v2.5.1,Control_A,United Kingdom
usr_008129,2026-07-15,2026-07-15 19:06:54,Paid Search (Google),Web,v3.1.0-web,Control_A,Germany
usr_008130,2026-08-16,2026-08-16 12:03:41,Organic Search,Android,v2.5.3,Control_A,United Kingdom
usr_008131,2026-07-09,2026-07-09 18:52:49,Organic Search,iOS,v2.5.3,Variant_B,India
usr_008132,2026-07-08,2026-07-08 04:19:17,Meta Ads (Instagram),iOS,v2.5.3,Variant_B,India
usr_008133,2026-08-24,2026-08-24 15:03:04,Referral,iOS,v2.5.3,Variant_B,India
usr_008134,2026-07-20,2026-07-20 10:12:46,Meta Ads (Instagram),iOS,v2.5.3,Control_A,India
usr_008135,2026-07-24,2026-07-24 14:47:15,Paid Search (Google),Web,v3.1.0-web,Control_A,United Kingdom
usr_008136,2026-06-12,2026-06-12 16:33:12,Paid Search (Google),Web,v3.1.0-web,Variant_B,Germany
usr_008137,2026-06-03,2026-06-03 08:22:20,Referral,Web,v3.1.0-web,Control_A,Germany
usr_008138,2026-06-18,2026-06-18 03:31:01,Organic Search,iOS,v2.5.2,Control_A,India
usr_008139,2026-07-07,2026-07-07 02:21:34,Organic Search,Android,v2.5.1,Variant_B,India
usr_008140,2026-08-09,2026-08-09 03:09:09,Meta Ads (Instagram),Android,v2.5.2,Variant_B,India
usr_008141,2026-07-02,2026-07-02 09:39:22,Organic Search,iOS,v2.5.3,Control_A,India
usr_008142,2026-07-09,2026-07-09 06:53:15,Meta Ads (Instagram),Android,v2.5.3,Variant_B,Germany
usr_008143,2026-07-07,2026-07-07 06:20:08,Meta Ads (Instagram),iOS,v2.5.2,Control_A,Germany
usr_008144,2026-08-13,2026-08-13 00:59:03,Paid Search (Google),iOS,v2.5.2,Control_A,United States
usr_008145,2026-07-29,2026-07-29 00:29:47,Organic Search,iOS,v2.5.3,Variant_B,United Kingdom
usr_008146,2026-07-12,2026-07-12 12:03:06,Meta Ads (Instagram),Android,v2.5.2,Control_A,Canada
usr_008147,2026-08-24,2026-08-24 05:09:07,Referral,Android,v2.5.3,Variant_B,United States
usr_008148,2026-06-28,2026-06-28 08:39:11,Organic Search,iOS,v2.5.3,Control_A,Germany
usr_008149,2026-07-05,2026-07-05 14:30:43,Meta Ads (Instagram),iOS,v2.5.3,Control_A,Canada
usr_008150,2026-08-14,2026-08-14 17:45:50,Paid Search (Google),iOS,v2.5.1,Variant_B,United States
usr_008151,2026-08-23,2026-08-23 12:10:06,Meta Ads (Instagram),iOS,v2.5.2,Variant_B,India
usr_008152,2026-08-20,2026-08-20 06:49:14,Meta Ads (Instagram),Android,v2.5.1,Control_A,United Kingdom
usr_008153,2026-06-14,2026-06-14 05:01:34,Meta Ads (Instagram),iOS,v2.5.3,Variant_B,India
usr_008154,2026-06-25,2026-06-25 11:53:05,Meta Ads (Instagram),Android,v2.5.3,Control_A,Canada
usr_008155,2026-08-11,2026-08-11 06:29:45,Meta Ads (Instagram),iOS,v2.5.1,Control_A,Canada
usr_008156,2026-08-19,2026-08-19 14:35:43,Organic Search,Android,v2.5.1,Variant_B,United Kingdom
usr_008157,2026-06-02,2026-06-02 08:24:24,Paid Search (Google),Android,v2.5.2,Control_A,United States
usr_008158,2026-07-09,2026-07-09 19:07:47,Paid Search (Google),Android,v2.5.2,Control_A,Germany
usr_008159,2026-08-23,2026-08-23 09:03:27,Meta Ads (Instagram),Android,v2.5.3,Variant_B,India
usr_008160,2026-08-02,2026-08-02 13:48:36,Influencer Campaign,Android,v2.5.2,Variant_B,Canada
usr_008161,2026-06-27,2026-06-27 09:51:13,Meta Ads (Instagram),iOS,v2.5.2,Variant_B,India
usr_008162,2026-07-30,2026-07-30 02:08:30,Paid Search (Google),Android,v2.5.2,Control_A,United Kingdom
usr_008163,2026-07-04,2026-07-04 13:00:22,Paid Search (Google),iOS,v2.5.1,Variant_B,Canada
usr_008164,2026-07-02,2026-07-02 19:51:51,Meta Ads (Instagram),iOS,v2.5.2,Control_A,United States
usr_008165,2026-06-07,2026-06-07 16:06:13,Meta Ads (Instagram),iOS,v2.5.3,Control_A,Canada
usr_008166,2026-06-10,2026-06-10 04:10:32,Meta Ads (Instagram),iOS,v2.5.3,Control_A,India
usr_008167,2026-08-01,2026-08-01 22:56:13,Meta Ads (Instagram),iOS,v2.5.1,Control_A,United States
usr_008168,2026-07-09,2026-07-09 19:53:28,Meta Ads (Instagram),Android,v2.5.1,Control_A,United Kingdom
usr_008169,2026-07-04,2026-07-04 03:29:30,Organic Search,Android,v2.5.3,Variant_B,United Kingdom
usr_008170,2026-07-23,2026-07-23 19:33:09,Meta Ads (Instagram),Web,v3.1.0-web,Control_A,Canada
usr_008171,2026-06-11,2026-06-11 01:50:30,Organic Search,Android,v2.5.1,Control_A,India
usr_008172,2026-07-16,2026-07-16 19:38:04,Referral,Android,v2.5.3,Control_A,United Kingdom
usr_008173,2026-06-08,2026-06-08 17:10:17,Referral,Android,v2.5.1,Variant_B,United Kingdom
usr_008174,2026-06-22,2026-06-22 11:16:44,Referral,Android,v2.5.2,Control_A,United States
usr_008175,2026-07-11,2026-07-11 00:45:59,Paid Search (Google),Android,v2.5.1,Variant_B,United States
usr_008176,2026-06-26,2026-06-26 12:45:30,Paid Search (Google),Web,v3.1.0-web,Variant_B,Germany
usr_008177,2026-08-07,2026-08-07 12:49:14,Paid Search (Google),Android,v2.5.3,Variant_B,Canada
usr_008178,2026-06-04,2026-06-04 00:45:54,Organic Search,iOS,v2.5.2,Control_A,United Kingdom
usr_008179,2026-06-18,2026-06-18 16:05:14,Meta Ads (Instagram),Web,v3.1.0-web,Control_A,India
usr_008180,2026-08-28,2026-08-28 09:44:43,Referral,Android,v2.5.1,Control_A,India
usr_008181,2026-08-18,2026-08-18 09:57:55,Organic Search,Android,v2.5.1,Variant_B,Germany
usr_008182,2026-06-26,2026-06-26 20:10:39,Referral,Android,v2.5.2,Control_A,Canada
usr_008183,2026-08-26,2026-08-26 19:30:22,Referral,Android,v2.5.1,Control_A,India
usr_008184,2026-08-22,2026-08-22 01:09:42,Organic Search,Web,v3.1.0-web,Control_A,Germany
usr_008185,2026-06-21,2026-06-21 03:36:25,Organic Search,iOS,v2.5.2,Control_A,Canada
usr_008186,2026-07-04,2026-07-04 01:19:32,Organic Search,Android,v2.5.3,Variant_B,United States
usr_008187,2026-06-18,2026-06-18 17:29:31,Influencer Campaign,iOS,v2.5.2,Variant_B,United Kingdom
usr_008188,2026-07-29,2026-07-29 19:33:12,Meta Ads (Instagram),Android,v2.5.1,Variant_B,India
usr_008189,2026-07-11,2026-07-11 07:19:02,Influencer Campaign,Android,v2.5.1,Variant_B,India
usr_008190,2026-08-24,2026-08-24 18:18:44,Meta Ads (Instagram),Android,v2.5.2,Variant_B,Canada
usr_008191,2026-06-29,2026-06-29 16:12:57,Influencer Campaign,Web,v3.1.0-web,Control_A,Germany
usr_008192,2026-07-04,2026-07-04 03:10:46,Meta Ads (Instagram),iOS,v2.5.3,Control_A,India
usr_008193,2026-06-21,2026-06-21 19:08:45,Meta Ads (Instagram),Android,v2.5.1,Control_A,United Kingdom
usr_008194,2026-08-23,2026-08-23 02:54:30,Paid Search (Google),iOS,v2.5.2,Variant_B,Canada
usr_008195,2026-06-18,2026-06-18 01:28:23,Paid Search (Google),iOS,v2.5.1,Variant_B,United States
usr_008196,2026-07-14,2026-07-14 11:53:17,Organic Search,iOS,v2.5.3,Variant_B,Canada
usr_008197,2026-07-21,2026-07-21 21:00:19,Referral,iOS,v2.5.2,Variant_B,India
usr_008198,2026-08-27,2026-08-27 20:43:28,Meta Ads (Instagram),Android,v2.5.3,Variant_B,Germany
usr_008199,2026-08-22,2026-08-22 19:23:26,Organic Search,Android,v2.5.2,Variant_B,Germany
usr_008200,2026-07-31,2026-07-31 15:29:11,Paid Search (Google),Android,v2.5.1,Variant_B,Canada
usr_008201,2026-08-04,2026-08-04 20:09:54,Meta Ads (Instagram),Android,v2.5.2,Control_A,Germany
usr_008202,2026-06-29,2026-06-29 00:16:29,Paid Search (Google),Android,v2.5.3,Control_A,United States
usr_008203,2026-06-27,2026-06-27 02:13:32,Influencer Campaign,Android,v2.5.2,Variant_B,India
usr_008204,2026-08-08,2026-08-08 18:16:14,Paid Search (Google),Android,v2.5.2,Control_A,Canada
usr_008205,2026-08-11,2026-08-11 00:48:58,Meta Ads (Instagram),iOS,v2.5.2,Control_A,Germany
usr_008206,2026-07-28,2026-07-28 04:07:23,Paid Search (Google),iOS,v2.5.2,Variant_B,Germany
usr_008207,2026-07-20,2026-07-20 04:52:04,Meta Ads (Instagram),Android,v2.5.1,Variant_B,India
usr_008208,2026-08-02,2026-08-02 01:32:03,Referral,Android,v2.5.2,Variant_B,Germany
usr_008209,2026-06-27,2026-06-27 07:06:43,Meta Ads (Instagram),Web,v3.1.0-web,Control_A,United States
usr_008210,2026-07-18,2026-07-18 05:21:19,Organic Search,iOS,v2.5.3,Control_A,United States
usr_008211,2026-08-19,2026-08-19 18:43:45,Paid Search (Google),iOS,v2.5.1,Control_A,Germany
usr_008212,2026-08-25,2026-08-25 06:34:17,Organic Search,Web,v3.1.0-web,Control_A,United Kingdom
usr_008213,2026-06-08,2026-06-08 09:46:49,Meta Ads (Instagram),Web,v3.1.0-web,Variant_B,India
usr_008214,2026-08-12,2026-08-12 20:19:02,Meta Ads (Instagram),Android,v2.5.3,Variant_B,Germany
usr_008215,2026-07-23,2026-07-23 16:13:14,Referral,Android,v2.5.3,Variant_B,United States
usr_008216,2026-06-03,2026-06-03 00:26:13,Paid Search (Google),Android,v2.5.3,Control_A,Canada
usr_008217,2026-07-05,2026-07-05 13:13:43,Referral,Web,v3.1.0-web,Variant_B,Canada
usr_008218,2026-06-02,2026-06-02 23:05:48,Organic Search,iOS,v2.5.3,Control_A,United States
usr_008219,2026-06-23,2026-06-23 06:21:15,Influencer Campaign,Web,v3.1.0-web,Control_A,Germany
usr_008220,2026-08-18,2026-08-18 18:47:34,Meta Ads (Instagram),Web,v3.1.0-web,Control_A,Germany
usr_008221,2026-07-09,2026-07-09 09:11:35,Referral,iOS,v2.5.1,Variant_B,United States
usr_008222,2026-07-08,2026-07-08 19:28:23,Meta Ads (Instagram),iOS,v2.5.2,Variant_B,United Kingdom
usr_008223,2026-06-16,2026-06-16 13:44:31,Paid Search (Google),iOS,v2.5.3,Variant_B,Germany
usr_008224,2026-06-15,2026-06-15 17:06:40,Meta Ads (Instagram),iOS,v2.5.3,Control_A,United States
usr_008225,2026-07-30,2026-07-30 21:14:25,Influencer Campaign,iOS,v2.5.1,Variant_B,United States
usr_008226,2026-08-10,2026-08-10 13:34:15,Meta Ads (Instagram),iOS,v2.5.3,Variant_B,Canada
usr_008227,2026-06-16,2026-06-16 21:56:36,Organic Search,Android,v2.5.3,Control_A,Germany
usr_008228,2026-06-04,2026-06-04 17:41:35,Paid Search (Google),Web,v3.1.0-web,Control_A,Germany
usr_008229,2026-08-18,2026-08-18 04:44:34,Meta Ads (Instagram),Android,v2.5.3,Control_A,United States
usr_008230,2026-06-19,2026-06-19 09:54:32,Meta Ads (Instagram),iOS,v2.5.2,Control_A,Canada
usr_008231,2026-07-06,2026-07-06 04:02:16,Meta Ads (Instagram),iOS,v2.5.3,Variant_B,United States
usr_008232,2026-08-10,2026-08-10 11:11:04,Paid Search (Google),iOS,v2.5.1,Variant_B,Canada
usr_008233,2026-08-29,2026-08-29 02:04:30,Meta Ads (Instagram),Android,v2.5.2,Variant_B,United Kingdom
usr_008234,2026-06-20,2026-06-20 10:44:57,Meta Ads (Instagram),Android,v2.5.3,Variant_B,India
usr_008235,2026-08-20,2026-08-20 14:01:08,Organic Search,Android,v2.5.1,Control_A,Germany
usr_008236,2026-08-29,2026-08-29 03:49:02,Meta Ads (Instagram),Android,v2.5.1,Control_A,United States
usr_008237,2026-07-28,2026-07-28 21:10:48,Referral,Android,v2.5.1,Variant_B,India
usr_008238,2026-07-02,2026-07-02 20:09:48,Meta Ads (Instagram),Web,v3.1.0-web,Variant_B,India
usr_008239,2026-06-30,2026-06-30 15:51:22,Organic Search,Android,v2.5.3,Control_A,United Kingdom
usr_008240,2026-08-05,2026-08-05 14:10:09,Paid Search (Google),iOS,v2.5.3,Control_A,United States
usr_008241,2026-08-04,2026-08-04 00:05:46,Organic Search,Web,v3.1.0-web,Control_A,United States
usr_008242,2026-08-26,2026-08-26 07:43:10,Referral,iOS,v2.5.2,Variant_B,United States
usr_008243,2026-07-10,2026-07-10 12:45:59,Organic Search,Android,v2.5.2,Control_A,United Kingdom
usr_008244,2026-07-23,2026-07-23 11:04:59,Influencer Campaign,Android,v2.5.2,Control_A,India
usr_008245,2026-07-27,2026-07-27 06:33:55,Referral,Android,v2.5.2,Control_A,United Kingdom
usr_008246,2026-07-26,2026-07-26 06:52:45,Referral,Android,v2.5.1,Control_A,United Kingdom
usr_008247,2026-07-15,2026-07-15 03:01:44,Organic Search,Android,v2.5.1,Control_A,Canada
usr_008248,2026-06-10,2026-06-10 23:19:31,Organic Search,iOS,v2.5.2,Variant_B,Canada
usr_008249,2026-07-15,2026-07-15 12:37:28,Paid Search (Google),Android,v2.5.3,Variant_B,United States
usr_008250,2026-08-02,2026-08-02 19:39:48,Organic Search,iOS,v2.5.3,Control_A,United States
usr_008251,2026-06-22,2026-06-22 21:39:11,Organic Search,iOS,v2.5.2,Control_A,India
usr_008252,2026-06-24,2026-06-24 02:38:11,Meta Ads (Instagram),Android,v2.5.2,Variant_B,Germany
usr_008253,2026-08-13,2026-08-13 00:37:34,Meta Ads (Instagram),iOS,v2.5.1,Control_A,United Kingdom
usr_008254,2026-08-26,2026-08-26 07:18:45,Organic Search,iOS,v2.5.3,Control_A,Germany
usr_008255,2026-08-24,2026-08-24 07:44:07,Referral,Android,v2.5.1,Control_A,Canada
usr_008256,2026-07-16,2026-07-16 12:37:36,Meta Ads (Instagram),iOS,v2.5.2,Variant_B,United States
usr_008257,2026-07-06,2026-07-06 16:50:53,Influencer Campaign,Android,v2.5.3,Variant_B,United States
usr_008258,2026-08-26,2026-08-26 12:20:04,Paid Search (Google),iOS,v2.5.1,Variant_B,United Kingdom
usr_008259,2026-06-16,2026-06-16 16:12:27,Paid Search (Google),iOS,v2.5.1,Variant_B,Germany
usr_008260,2026-08-23,2026-08-23 08:09:27,Meta Ads (Instagram),iOS,v2.5.2,Control_A,Canada
usr_008261,2026-06-03,2026-06-03 01:20:26,Meta Ads (Instagram),Android,v2.5.1,Control_A,Germany
usr_008262,2026-07-08,2026-07-08 10:58:45,Paid Search (Google),Android,v2.5.1,Control_A,India
usr_008263,2026-08-14,2026-08-14 22:17:15,Referral,Android,v2.5.1,Control_A,India
usr_008264,2026-08-21,2026-08-21 12:23:31,Paid Search (Google),Android,v2.5.1,Control_A,Canada
usr_008265,2026-06-16,2026-06-16 17:30:05,Paid Search (Google),Android,v2.5.2,Variant_B,India
usr_008266,2026-08-28,2026-08-28 04:55:43,Meta Ads (Instagram),iOS,v2.5.2,Variant_B,India
usr_008267,2026-07-03,2026-07-03 18:10:06,Meta Ads (Instagram),Android,v2.5.3,Control_A,Canada
usr_008268,2026-07-21,2026-07-21 21:51:44,Paid Search (Google),Android,v2.5.3,Control_A,Canada
usr_008269,2026-08-07,2026-08-07 17:33:08,Organic Search,Android,v2.5.3,Control_A,Germany
usr_008270,2026-07-08,2026-07-08 04:22:45,Influencer Campaign,iOS,v2.5.3,Variant_B,India
usr_008271,2026-07-14,2026-07-14 01:37:20,Meta Ads (Instagram),Android,v2.5.2,Control_A,Canada
usr_008272,2026-07-10,2026-07-10 05:38:38,Influencer Campaign,Web,v3.1.0-web,Variant_B,Germany
usr_008273,2026-08-26,2026-08-26 19:12:07,Referral,Android,v2.5.3,Control_A,India
usr_008274,2026-06-02,2026-06-02 08:47:54,Influencer Campaign,iOS,v2.5.3,Variant_B,India
usr_008275,2026-06-09,2026-06-09 03:23:23,Paid Search (Google),iOS,v2.5.2,Variant_B,United Kingdom
usr_008276,2026-06-10,2026-06-10 04:46:13,Paid Search (Google),iOS,v2.5.1,Variant_B,United States
usr_008277,2026-07-29,2026-07-29 06:34:53,Referral,Android,v2.5.3,Control_A,United States
usr_008278,2026-06-25,2026-06-25 19:26:22,Influencer Campaign,iOS,v2.5.3,Variant_B,Canada
usr_008279,2026-07-07,2026-07-07 13:25:29,Paid Search (Google),Android,v2.5.2,Variant_B,United States
usr_008280,2026-07-23,2026-07-23 19:57:54,Organic Search,Android,v2.5.3,Control_A,Canada
usr_008281,2026-08-03,2026-08-03 05:16:22,Paid Search (Google),Android,v2.5.2,Control_A,Canada
usr_008282,2026-06-06,2026-06-06 17:14:00,Paid Search (Google),iOS,v2.5.1,Variant_B,India
usr_008283,2026-07-28,2026-07-28 03:42:11,Meta Ads (Instagram),Android,v2.5.3,Control_A,India
usr_008284,2026-06-11,2026-06-11 08:04:22,Paid Search (Google),Web,v3.1.0-web,Control_A,Germany
usr_008285,2026-07-30,2026-07-30 11:01:08,Meta Ads (Instagram),iOS,v2.5.1,Variant_B,Canada
usr_008286,2026-08-22,2026-08-22 21:33:15,Paid Search (Google),iOS,v2.5.3,Variant_B,United States
usr_008287,2026-08-18,2026-08-18 21:30:59,Meta Ads (Instagram),iOS,v2.5.1,Variant_B,United Kingdom
usr_008288,2026-08-24,2026-08-24 15:40:10,Meta Ads (Instagram),iOS,v2.5.2,Variant_B,Canada
usr_008289,2026-08-06,2026-08-06 05:26:19,Paid Search (Google),iOS,v2.5.2,Control_A,United States
usr_008290,2026-08-15,2026-08-15 02:41:34,Meta Ads (Instagram),iOS,v2.5.2,Control_A,India
usr_008291,2026-07-14,2026-07-14 16:24:32,Meta Ads (Instagram),Android,v2.5.1,Control_A,United States
usr_008292,2026-08-23,2026-08-23 17:33:42,Organic Search,iOS,v2.5.1,Control_A,United Kingdom
usr_008293,2026-08-04,2026-08-04 13:26:57,Paid Search (Google),iOS,v2.5.2,Control_A,Canada
usr_008294,2026-08-16,2026-08-16 08:31:01,Organic Search,Android,v2.5.2,Control_A,India
usr_008295,2026-06-23,2026-06-23 04:05:05,Meta Ads (Instagram),Android,v2.5.2,Variant_B,United Kingdom
usr_008296,2026-07-12,2026-07-12 03:22:08,Paid Search (Google),iOS,v2.5.1,Variant_B,United Kingdom
usr_008297,2026-08-12,2026-08-12 12:17:36,Meta Ads (Instagram),Web,v3.1.0-web,Variant_B,United Kingdom
usr_008298,2026-08-27,2026-08-27 11:54:58,Meta Ads (Instagram),Android,v2.5.2,Control_A,Germany
usr_008299,2026-06-05,2026-06-05 10:37:29,Meta Ads (Instagram),Android,v2.5.3,Control_A,United States
usr_008300,2026-06-05,2026-06-05 09:43:55,Organic Search,iOS,v2.5.1,Variant_B,Germany
usr_008301,2026-07-19,2026-07-19 21:37:06,Meta Ads (Instagram),iOS,v2.5.2,Control_A,United States
usr_008302,2026-08-10,2026-08-10 13:10:02,Organic Search,iOS,v2.5.2,Variant_B,Canada
usr_008303,2026-06-06,2026-06-06 00:28:05,Paid Search (Google),Android,v2.5.1,Variant_B,India
usr_008304,2026-08-03,2026-08-03 01:48:01,Referral,iOS,v2.5.1,Control_A,United Kingdom
usr_008305,2026-06-24,2026-06-24 22:16:07,Referral,Android,v2.5.2,Variant_B,Canada
usr_008306,2026-08-15,2026-08-15 00:39:56,Paid Search (Google),iOS,v2.5.1,Control_A,Canada
usr_008307,2026-07-01,2026-07-01 10:19:15,Meta Ads (Instagram),Android,v2.5.1,Variant_B,United States
usr_008308,2026-06-22,2026-06-22 17:41:38,Organic Search,iOS,v2.5.2,Control_A,Germany
usr_008309,2026-07-12,2026-07-12 22:07:17,Organic Search,iOS,v2.5.3,Control_A,Germany
usr_008310,2026-07-21,2026-07-21 18:40:58,Referral,iOS,v2.5.3,Variant_B,Canada
usr_008311,2026-06-11,2026-06-11 23:53:01,Referral,Web,v3.1.0-web,Control_A,United States
usr_008312,2026-06-16,2026-06-16 23:12:14,Meta Ads (Instagram),iOS,v2.5.1,Variant_B,Canada
usr_008313,2026-06-10,2026-06-10 14:02:42,Organic Search,iOS,v2.5.3,Control_A,Canada
usr_008314,2026-06-13,2026-06-13 10:16:51,Referral,iOS,v2.5.3,Variant_B,India
usr_008315,2026-06-28,2026-06-28 23:25:04,Meta Ads (Instagram),Android,v2.5.2,Variant_B,Canada
usr_008316,2026-06-03,2026-06-03 15:30:11,Paid Search (Google),Android,v2.5.1,Variant_B,United States
usr_008317,2026-08-21,2026-08-21 23:27:24,Meta Ads (Instagram),iOS,v2.5.1,Variant_B,Canada
usr_008318,2026-08-16,2026-08-16 07:08:20,Paid Search (Google),Android,v2.5.2,Variant_B,Germany
usr_008319,2026-06-23,2026-06-23 00:27:49,Meta Ads (Instagram),Android,v2.5.3,Variant_B,Canada
usr_008320,2026-06-20,2026-06-20 22:50:15,Organic Search,Android,v2.5.3,Variant_B,Germany
usr_008321,2026-08-10,2026-08-10 21:53:46,Influencer Campaign,Android,v2.5.2,Variant_B,United States
usr_008322,2026-07-22,2026-07-22 16:11:21,Referral,iOS,v2.5.1,Variant_B,Canada
usr_008323,2026-08-03,2026-08-03 01:51:17,Paid Search (Google),Android,v2.5.3,Variant_B,Germany
usr_008324,2026-08-12,2026-08-12 14:39:01,Organic Search,iOS,v2.5.1,Variant_B,Germany
usr_008325,2026-06-08,2026-06-08 11:05:07,Meta Ads (Instagram),Android,v2.5.3,Control_A,United States
usr_008326,2026-07-18,2026-07-18 20:07:01,Meta Ads (Instagram),iOS,v2.5.2,Variant_B,Germany
usr_008327,2026-06-09,2026-06-09 11:21:35,Referral,Android,v2.5.2,Variant_B,United States
usr_008328,2026-07-18,2026-07-18 12:01:40,Meta Ads (Instagram),Android,v2.5.3,Variant_B,United Kingdom
usr_008329,2026-07-25,2026-07-25 14:48:30,Meta Ads (Instagram),Android,v2.5.1,Control_A,United States
usr_008330,2026-08-08,2026-08-08 18:21:58,Organic Search,iOS,v2.5.3,Control_A,United States
usr_008331,2026-07-19,2026-07-19 11:38:04,Organic Search,iOS,v2.5.1,Control_A,Canada
usr_008332,2026-06-08,2026-06-08 20:40:51,Meta Ads (Instagram),Android,v2.5.1,Variant_B,India
usr_008333,2026-06-04,2026-06-04 14:09:06,Paid Search (Google),Android,v2.5.3,Variant_B,Germany
usr_008334,2026-08-11,2026-08-11 13:55:20,Influencer Campaign,Android,v2.5.1,Control_A,United Kingdom
usr_008335,2026-08-14,2026-08-14 12:55:18,Meta Ads (Instagram),iOS,v2.5.2,Control_A,United Kingdom
usr_008336,2026-07-07,2026-07-07 21:41:05,Organic Search,iOS,v2.5.1,Variant_B,United Kingdom
usr_008337,2026-08-24,2026-08-24 10:04:12,Meta Ads (Instagram),Web,v3.1.0-web,Variant_B,United Kingdom
usr_008338,2026-08-19,2026-08-19 20:44:52,Paid Search (Google),iOS,v2.5.3,Variant_B,India
usr_008339,2026-06-25,2026-06-25 11:43:17,Meta Ads (Instagram),iOS,v2.5.1,Variant_B,United Kingdom
usr_008340,2026-08-12,2026-08-12 07:42:47,Meta Ads (Instagram),Android,v2.5.1,Variant_B,India
usr_008341,2026-08-28,2026-08-28 09:37:23,Influencer Campaign,iOS,v2.5.3,Control_A,Canada
usr_008342,2026-07-03,2026-07-03 16:49:11,Influencer Campaign,Android,v2.5.2,Variant_B,Germany
usr_008343,2026-08-22,2026-08-22 05:40:46,Organic Search,Android,v2.5.2,Control_A,India
usr_008344,2026-08-02,2026-08-02 02:44:40,Paid Search (Google),Web,v3.1.0-web,Control_A,Canada
usr_008345,2026-07-07,2026-07-07 18:52:30,Influencer Campaign,Android,v2.5.1,Control_A,Germany
usr_008346,2026-06-20,2026-06-20 17:36:18,Paid Search (Google),Android,v2.5.2,Control_A,United Kingdom
usr_008347,2026-07-04,2026-07-04 13:12:37,Meta Ads (Instagram),iOS,v2.5.3,Variant_B,India
usr_008348,2026-08-23,2026-08-23 21:41:07,Referral,iOS,v2.5.1,Variant_B,Canada
usr_008349,2026-07-30,2026-07-30 07:58:49,Paid Search (Google),iOS,v2.5.3,Control_A,Germany
usr_008350,2026-07-20,2026-07-20 21:15:39,Meta Ads (Instagram),Android,v2.5.1,Variant_B,Germany
usr_008351,2026-07-16,2026-07-16 18:28:05,Organic Search,Android,v2.5.1,Control_A,United States
usr_008352,2026-06-23,2026-06-23 02:52:54,Meta Ads (Instagram),iOS,v2.5.3,Variant_B,Germany
usr_008353,2026-07-10,2026-07-10 13:07:26,Organic Search,Android,v2.5.3,Control_A,Canada
usr_008354,2026-08-24,2026-08-24 06:43:16,Influencer Campaign,Android,v2.5.3,Variant_B,United States
usr_008355,2026-06-12,2026-06-12 13:35:37,Organic Search,Android,v2.5.2,Variant_B,United States
usr_008356,2026-06-01,2026-06-01 15:51:42,Referral,Android,v2.5.2,Variant_B,United States
usr_008357,2026-08-11,2026-08-11 01:59:17,Meta Ads (Instagram),Android,v2.5.3,Control_A,United States
usr_008358,2026-07-06,2026-07-06 23:05:40,Meta Ads (Instagram),Android,v2.5.2,Variant_B,India
usr_008359,2026-07-04,2026-07-04 19:55:02,Referral,Android,v2.5.1,Variant_B,Canada
usr_008360,2026-08-13,2026-08-13 05:25:27,Referral,Android,v2.5.1,Variant_B,Canada
usr_008361,2026-06-10,2026-06-10 20:22:06,Influencer Campaign,Android,v2.5.1,Control_A,Canada
usr_008362,2026-08-23,2026-08-23 07:30:36,Meta Ads (Instagram),Android,v2.5.3,Control_A,Germany
usr_008363,2026-06-13,2026-06-13 18:14:47,Meta Ads (Instagram),Android,v2.5.3,Variant_B,United States
usr_008364,2026-07-29,2026-07-29 22:08:47,Paid Search (Google),Android,v2.5.2,Control_A,Germany
usr_008365,2026-08-25,2026-08-25 06:52:33,Meta Ads (Instagram),iOS,v2.5.2,Control_A,United Kingdom
usr_008366,2026-06-08,2026-06-08 05:59:15,Paid Search (Google),iOS,v2.5.2,Control_A,India
usr_008367,2026-07-13,2026-07-13 07:42:05,Meta Ads (Instagram),Android,v2.5.2,Control_A,India
usr_008368,2026-07-14,2026-07-14 02:47:22,Meta Ads (Instagram),iOS,v2.5.1,Variant_B,Germany
usr_008369,2026-06-01,2026-06-01 14:43:41,Meta Ads (Instagram),iOS,v2.5.3,Variant_B,Canada
usr_008370,2026-06-03,2026-06-03 09:25:23,Paid Search (Google),iOS,v2.5.3,Control_A,United States
usr_008371,2026-06-14,2026-06-14 20:01:47,Meta Ads (Instagram),iOS,v2.5.1,Control_A,United States
usr_008372,2026-08-09,2026-08-09 17:08:05,Influencer Campaign,iOS,v2.5.3,Control_A,United Kingdom
usr_008373,2026-07-17,2026-07-17 18:05:48,Paid Search (Google),Android,v2.5.2,Control_A,Germany
usr_008374,2026-08-19,2026-08-19 01:44:16,Paid Search (Google),Android,v2.5.3,Control_A,United States
usr_008375,2026-08-12,2026-08-12 05:23:03,Paid Search (Google),Android,v2.5.3,Variant_B,United States
usr_008376,2026-07-16,2026-07-16 22:25:54,Paid Search (Google),Web,v3.1.0-web,Control_A,United Kingdom
usr_008377,2026-06-26,2026-06-26 22:20:30,Paid Search (Google),Android,v2.5.3,Variant_B,India
usr_008378,2026-06-01,2026-06-01 08:30:16,Meta Ads (Instagram),Android,v2.5.3,Control_A,United States
usr_008379,2026-06-18,2026-06-18 00:27:20,Influencer Campaign,Android,v2.5.2,Control_A,Germany
usr_008380,2026-07-08,2026-07-08 12:58:36,Organic Search,Android,v2.5.1,Variant_B,Germany
usr_008381,2026-08-12,2026-08-12 15:14:52,Paid Search (Google),Android,v2.5.1,Control_A,United Kingdom
usr_008382,2026-07-12,2026-07-12 19:22:41,Organic Search,iOS,v2.5.2,Variant_B,United States
usr_008383,2026-08-25,2026-08-25 22:59:19,Meta Ads (Instagram),Android,v2.5.2,Control_A,United States
usr_008384,2026-07-06,2026-07-06 09:35:19,Meta Ads (Instagram),Android,v2.5.1,Variant_B,Canada
usr_008385,2026-08-19,2026-08-19 07:27:06,Meta Ads (Instagram),iOS,v2.5.2,Variant_B,United Kingdom
usr_008386,2026-07-20,2026-07-20 17:54:27,Meta Ads (Instagram),Android,v2.5.1,Control_A,Canada
usr_008387,2026-08-22,2026-08-22 11:31:04,Paid Search (Google),Android,v2.5.1,Variant_B,Canada
usr_008388,2026-08-14,2026-08-14 02:34:58,Paid Search (Google),iOS,v2.5.3,Control_A,United Kingdom
usr_008389,2026-07-26,2026-07-26 20:39:08,Organic Search,Android,v2.5.2,Variant_B,Canada
usr_008390,2026-06-23,2026-06-23 22:08:34,Meta Ads (Instagram),Android,v2.5.2,Control_A,United Kingdom
usr_008391,2026-06-22,2026-06-22 19:52:20,Referral,iOS,v2.5.1,Variant_B,Germany
usr_008392,2026-06-03,2026-06-03 13:21:15,Organic Search,iOS,v2.5.2,Control_A,India
usr_008393,2026-06-12,2026-06-12 18:45:21,Paid Search (Google),iOS,v2.5.2,Variant_B,Canada
usr_008394,2026-07-23,2026-07-23 06:52:26,Paid Search (Google),Web,v3.1.0-web,Control_A,United Kingdom
usr_008395,2026-07-30,2026-07-30 13:16:56,Meta Ads (Instagram),Android,v2.5.3,Control_A,United Kingdom
usr_008396,2026-06-27,2026-06-27 08:59:14,Paid Search (Google),Web,v3.1.0-web,Variant_B,Germany
usr_008397,2026-07-13,2026-07-13 15:44:52,Meta Ads (Instagram),Android,v2.5.3,Variant_B,Germany
usr_008398,2026-07-19,2026-07-19 12:56:35,Meta Ads (Instagram),Android,v2.5.1,Control_A,United States
usr_008399,2026-06-02,2026-06-02 04:18:04,Organic Search,iOS,v2.5.1,Variant_B,India
usr_008400,2026-06-07,2026-06-07 23:29:13,Meta Ads (Instagram),Android,v2.5.2,Variant_B,India
usr_008401,2026-07-07,2026-07-07 15:21:17,Paid Search (Google),Web,v3.1.0-web,Control_A,United Kingdom
usr_008402,2026-07-09,2026-07-09 09:57:05,Influencer Campaign,iOS,v2.5.1,Control_A,Germany
usr_008403,2026-07-22,2026-07-22 13:23:53,Influencer Campaign,iOS,v2.5.2,Variant_B,Germany
usr_008404,2026-08-27,2026-08-27 08:18:15,Referral,Android,v2.5.1,Control_A,Canada
usr_008405,2026-07-20,2026-07-20 18:43:50,Meta Ads (Instagram),iOS,v2.5.1,Control_A,Canada
usr_008406,2026-06-01,2026-06-01 04:07:06,Paid Search (Google),Android,v2.5.1,Variant_B,United States
usr_008407,2026-07-16,2026-07-16 10:28:47,Meta Ads (Instagram),Android,v2.5.2,Control_A,Germany
usr_008408,2026-06-18,2026-06-18 03:34:55,Referral,iOS,v2.5.1,Variant_B,United Kingdom
usr_008409,2026-06-24,2026-06-24 17:14:30,Organic Search,iOS,v2.5.1,Control_A,Canada
usr_008410,2026-08-05,2026-08-05 20:55:17,Influencer Campaign,Android,v2.5.1,Variant_B,Canada
usr_008411,2026-06-22,2026-06-22 18:46:25,Meta Ads (Instagram),Android,v2.5.1,Control_A,India
usr_008412,2026-06-05,2026-06-05 01:23:14,Influencer Campaign,Web,v3.1.0-web,Variant_B,United States
usr_008413,2026-08-13,2026-08-13 18:59:46,Influencer Campaign,iOS,v2.5.3,Variant_B,Canada
usr_008414,2026-06-17,2026-06-17 21:54:10,Meta Ads (Instagram),Web,v3.1.0-web,Control_A,India
usr_008415,2026-08-21,2026-08-21 17:39:50,Paid Search (Google),Web,v3.1.0-web,Control_A,United Kingdom
usr_008416,2026-06-28,2026-06-28 04:15:22,Paid Search (Google),iOS,v2.5.3,Variant_B,Germany
usr_008417,2026-07-12,2026-07-12 06:48:52,Meta Ads (Instagram),Android,v2.5.1,Variant_B,United Kingdom
usr_008418,2026-06-10,2026-06-10 03:08:03,Organic Search,Android,v2.5.2,Control_A,United States
usr_008419,2026-06-18,2026-06-18 21:10:24,Organic Search,iOS,v2.5.1,Variant_B,India
usr_008420,2026-07-08,2026-07-08 03:19:17,Influencer Campaign,Android,v2.5.1,Variant_B,Canada
usr_008421,2026-06-18,2026-06-18 08:36:32,Paid Search (Google),Web,v3.1.0-web,Variant_B,Germany
usr_008422,2026-06-28,2026-06-28 10:14:25,Meta Ads (Instagram),Web,v3.1.0-web,Control_A,Germany
usr_008423,2026-08-11,2026-08-11 19:47:03,Paid Search (Google),Android,v2.5.3,Variant_B,Germany
usr_008424,2026-07-31,2026-07-31 17:12:48,Meta Ads (Instagram),Web,v3.1.0-web,Variant_B,Germany
usr_008425,2026-07-16,2026-07-16 04:40:27,Organic Search,Android,v2.5.1,Variant_B,Germany
usr_008426,2026-06-20,2026-06-20 17:23:56,Meta Ads (Instagram),Android,v2.5.3,Control_A,United States
usr_008427,2026-07-05,2026-07-05 09:46:12,Referral,iOS,v2.5.3,Variant_B,Germany
usr_008428,2026-06-20,2026-06-20 16:02:04,Paid Search (Google),Android,v2.5.2,Variant_B,Canada
usr_008429,2026-08-09,2026-08-09 08:08:27,Paid Search (Google),iOS,v2.5.2,Control_A,Germany
usr_008430,2026-06-25,2026-06-25 21:20:33,Meta Ads (Instagram),Android,v2.5.1,Variant_B,United Kingdom
usr_008431,2026-06-14,2026-06-14 07:16:01,Paid Search (Google),Web,v3.1.0-web,Control_A,United States
usr_008432,2026-08-15,2026-08-15 21:08:14,Meta Ads (Instagram),Android,v2.5.3,Control_A,United States
usr_008433,2026-06-10,2026-06-10 23:55:51,Meta Ads (Instagram),iOS,v2.5.3,Variant_B,Canada
usr_008434,2026-08-12,2026-08-12 13:39:21,Organic Search,Web,v3.1.0-web,Variant_B,Germany
usr_008435,2026-07-03,2026-07-03 06:30:44,Referral,Android,v2.5.1,Variant_B,Canada
usr_008436,2026-07-27,2026-07-27 21:43:15,Paid Search (Google),iOS,v2.5.1,Control_A,India
usr_008437,2026-06-11,2026-06-11 15:35:54,Organic Search,Android,v2.5.1,Variant_B,United States
usr_008438,2026-08-19,2026-08-19 08:28:11,Meta Ads (Instagram),Android,v2.5.1,Control_A,United Kingdom
usr_008439,2026-08-17,2026-08-17 08:14:47,Referral,Android,v2.5.2,Control_A,Germany
usr_008440,2026-08-27,2026-08-27 09:19:58,Paid Search (Google),Android,v2.5.2,Variant_B,India
usr_008441,2026-07-02,2026-07-02 10:39:05,Paid Search (Google),Android,v2.5.1,Control_A,United States
usr_008442,2026-06-21,2026-06-21 10:44:24,Meta Ads (Instagram),Android,v2.5.1,Control_A,Germany
usr_008443,2026-08-29,2026-08-29 07:45:16,Paid Search (Google),iOS,v2.5.2,Control_A,United Kingdom
usr_008444,2026-08-13,2026-08-13 21:52:20,Organic Search,Android,v2.5.1,Variant_B,Canada
usr_008445,2026-08-15,2026-08-15 18:55:13,Organic Search,iOS,v2.5.1,Control_A,Canada
usr_008446,2026-06-18,2026-06-18 13:13:55,Referral,Android,v2.5.1,Control_A,United Kingdom
usr_008447,2026-07-16,2026-07-16 01:04:06,Paid Search (Google),Android,v2.5.2,Control_A,India
usr_008448,2026-06-30,2026-06-30 21:41:24,Paid Search (Google),Android,v2.5.3,Control_A,United Kingdom
usr_008449,2026-08-25,2026-08-25 18:35:59,Meta Ads (Instagram),Android,v2.5.3,Control_A,Canada
usr_008450,2026-06-18,2026-06-18 21:01:41,Meta Ads (Instagram),Android,v2.5.3,Variant_B,Canada
usr_008451,2026-07-19,2026-07-19 17:10:51,Organic Search,iOS,v2.5.2,Variant_B,United Kingdom
usr_008452,2026-08-25,2026-08-25 18:12:44,Meta Ads (Instagram),iOS,v2.5.2,Control_A,Canada
usr_008453,2026-08-22,2026-08-22 12:53:02,Meta Ads (Instagram),Android,v2.5.1,Control_A,India
usr_008454,2026-06-19,2026-06-19 15:47:23,Paid Search (Google),iOS,v2.5.3,Control_A,United Kingdom
usr_008455,2026-07-03,2026-07-03 02:07:05,Paid Search (Google),Android,v2.5.2,Variant_B,United Kingdom
usr_008456,2026-07-24,2026-07-24 10:46:22,Meta Ads (Instagram),iOS,v2.5.2,Variant_B,United States
usr_008457,2026-08-08,2026-08-08 11:32:52,Paid Search (Google),Android,v2.5.1,Control_A,United States
usr_008458,2026-07-28,2026-07-28 13:11:23,Influencer Campaign,iOS,v2.5.1,Control_A,India
usr_008459,2026-07-21,2026-07-21 19:03:31,Paid Search (Google),Android,v2.5.3,Variant_B,Germany
usr_008460,2026-07-21,2026-07-21 19:33:01,Organic Search,iOS,v2.5.3,Control_A,Canada
usr_008461,2026-08-29,2026-08-29 11:29:53,Influencer Campaign,Android,v2.5.1,Variant_B,India
usr_008462,2026-06-29,2026-06-29 04:32:54,Meta Ads (Instagram),iOS,v2.5.2,Control_A,United States
usr_008463,2026-08-26,2026-08-26 05:04:17,Meta Ads (Instagram),Web,v3.1.0-web,Control_A,Canada
usr_008464,2026-07-17,2026-07-17 14:37:46,Paid Search (Google),iOS,v2.5.3,Control_A,United States
usr_008465,2026-08-10,2026-08-10 17:40:53,Influencer Campaign,Android,v2.5.2,Variant_B,United Kingdom
usr_008466,2026-07-13,2026-07-13 09:39:33,Organic Search,iOS,v2.5.3,Variant_B,Germany
usr_008467,2026-08-14,2026-08-14 16:41:23,Paid Search (Google),iOS,v2.5.1,Variant_B,United Kingdom
usr_008468,2026-07-02,2026-07-02 14:49:36,Organic Search,iOS,v2.5.1,Control_A,Germany
usr_008469,2026-07-05,2026-07-05 04:00:54,Organic Search,Android,v2.5.2,Control_A,Germany
usr_008470,2026-08-25,2026-08-25 23:52:08,Meta Ads (Instagram),iOS,v2.5.3,Control_A,United Kingdom
usr_008471,2026-07-09,2026-07-09 09:09:04,Paid Search (Google),Android,v2.5.3,Control_A,India
usr_008472,2026-07-30,2026-07-30 20:43:51,Paid Search (Google),iOS,v2.5.3,Control_A,United Kingdom
usr_008473,2026-08-14,2026-08-14 22:03:14,Organic Search,Android,v2.5.3,Control_A,Canada
usr_008474,2026-08-03,2026-08-03 04:35:57,Referral,iOS,v2.5.2,Variant_B,Canada
usr_008475,2026-07-29,2026-07-29 07:37:39,Meta Ads (Instagram),iOS,v2.5.1,Variant_B,United Kingdom
usr_008476,2026-06-15,2026-06-15 02:33:10,Paid Search (Google),iOS,v2.5.2,Variant_B,United States
usr_008477,2026-07-04,2026-07-04 04:35:00,Paid Search (Google),Android,v2.5.3,Control_A,Germany
usr_008478,2026-07-28,2026-07-28 17:00:05,Paid Search (Google),iOS,v2.5.1,Control_A,United States
usr_008479,2026-08-13,2026-08-13 03:44:32,Meta Ads (Instagram),iOS,v2.5.2,Variant_B,India
usr_008480,2026-06-08,2026-06-08 12:44:55,Paid Search (Google),Web,v3.1.0-web,Variant_B,Germany
usr_008481,2026-07-19,2026-07-19 01:38:56,Paid Search (Google),Web,v3.1.0-web,Control_A,Canada
usr_008482,2026-07-24,2026-07-24 05:34:03,Paid Search (Google),iOS,v2.5.1,Control_A,Canada
usr_008483,2026-07-26,2026-07-26 18:22:49,Meta Ads (Instagram),iOS,v2.5.2,Variant_B,Germany
usr_008484,2026-07-26,2026-07-26 11:09:42,Meta Ads (Instagram),Android,v2.5.2,Variant_B,United States
usr_008485,2026-06-02,2026-06-02 09:07:22,Meta Ads (Instagram),iOS,v2.5.3,Control_A,Canada
usr_008486,2026-08-28,2026-08-28 11:41:12,Paid Search (Google),Android,v2.5.1,Variant_B,United States
usr_008487,2026-06-14,2026-06-14 04:22:17,Meta Ads (Instagram),Android,v2.5.2,Control_A,Canada
usr_008488,2026-07-11,2026-07-11 21:02:29,Paid Search (Google),Android,v2.5.3,Control_A,United States
usr_008489,2026-07-14,2026-07-14 05:35:47,Referral,iOS,v2.5.1,Control_A,India
usr_008490,2026-06-20,2026-06-20 09:03:51,Paid Search (Google),Android,v2.5.3,Control_A,India
usr_008491,2026-08-08,2026-08-08 17:11:00,Referral,iOS,v2.5.3,Control_A,United Kingdom
usr_008492,2026-07-22,2026-07-22 12:59:37,Paid Search (Google),Android,v2.5.1,Variant_B,Canada
usr_008493,2026-07-20,2026-07-20 08:16:37,Meta Ads (Instagram),iOS,v2.5.3,Control_A,Germany
usr_008494,2026-07-25,2026-07-25 14:30:45,Paid Search (Google),Android,v2.5.3,Variant_B,India
usr_008495,2026-08-17,2026-08-17 11:23:44,Referral,Android,v2.5.1,Variant_B,Germany
usr_008496,2026-07-02,2026-07-02 14:58:43,Organic Search,iOS,v2.5.2,Control_A,United States
usr_008497,2026-06-06,2026-06-06 03:35:29,Meta Ads (Instagram),iOS,v2.5.3,Control_A,Germany
usr_008498,2026-06-03,2026-06-03 19:58:55,Referral,Android,v2.5.3,Control_A,India
usr_008499,2026-06-25,2026-06-25 19:29:52,Paid Search (Google),iOS,v2.5.3,Control_A,Canada
usr_008500,2026-08-26,2026-08-26 21:57:57,Meta Ads (Instagram),Android,v2.5.3,Variant_B,Germany
usr_008501,2026-08-10,2026-08-10 09:13:51,Referral,iOS,v2.5.2,Control_A,Canada
usr_008502,2026-08-29,2026-08-29 10:41:31,Organic Search,Android,v2.5.1,Control_A,United Kingdom
usr_008503,2026-07-22,2026-07-22 04:43:01,Organic Search,iOS,v2.5.3,Variant_B,United Kingdom
usr_008504,2026-08-23,2026-08-23 01:40:51,Influencer Campaign,Android,v2.5.2,Control_A,Germany
usr_008505,2026-06-13,2026-06-13 10:59:56,Paid Search (Google),Android,v2.5.3,Variant_B,Germany
usr_008506,2026-06-03,2026-06-03 10:06:42,Organic Search,iOS,v2.5.2,Control_A,United Kingdom
usr_008507,2026-06-13,2026-06-13 18:38:24,Meta Ads (Instagram),iOS,v2.5.1,Variant_B,United States
usr_008508,2026-06-08,2026-06-08 03:30:27,Influencer Campaign,iOS,v2.5.1,Control_A,Germany
usr_008509,2026-07-25,2026-07-25 15:48:30,Meta Ads (Instagram),Web,v3.1.0-web,Variant_B,Canada
usr_008510,2026-07-16,2026-07-16 08:13:17,Referral,Android,v2.5.2,Variant_B,United Kingdom
usr_008511,2026-07-07,2026-07-07 08:43:22,Meta Ads (Instagram),iOS,v2.5.3,Control_A,Canada
usr_008512,2026-07-25,2026-07-25 11:34:30,Paid Search (Google),Android,v2.5.3,Variant_B,Germany
usr_008513,2026-08-11,2026-08-11 16:37:32,Organic Search,iOS,v2.5.1,Control_A,Canada
usr_008514,2026-07-02,2026-07-02 19:12:49,Influencer Campaign,iOS,v2.5.2,Control_A,Germany
usr_008515,2026-06-28,2026-06-28 12:29:47,Meta Ads (Instagram),Android,v2.5.2,Control_A,India
usr_008516,2026-06-18,2026-06-18 00:50:45,Paid Search (Google),Web,v3.1.0-web,Control_A,Canada
usr_008517,2026-06-09,2026-06-09 19:51:42,Meta Ads (Instagram),Android,v2.5.3,Control_A,United Kingdom
usr_008518,2026-06-25,2026-06-25 12:46:29,Referral,Android,v2.5.1,Variant_B,United Kingdom
usr_008519,2026-07-02,2026-07-02 10:00:39,Meta Ads (Instagram),Android,v2.5.1,Control_A,United States
usr_008520,2026-07-03,2026-07-03 22:35:17,Meta Ads (Instagram),Android,v2.5.1,Variant_B,Canada
usr_008521,2026-07-02,2026-07-02 04:08:24,Organic Search,iOS,v2.5.2,Control_A,United States
usr_008522,2026-07-24,2026-07-24 20:17:59,Paid Search (Google),Android,v2.5.1,Variant_B,Germany
usr_008523,2026-08-02,2026-08-02 10:36:49,Paid Search (Google),Web,v3.1.0-web,Control_A,India
usr_008524,2026-06-13,2026-06-13 20:59:17,Meta Ads (Instagram),Android,v2.5.1,Control_A,Germany
usr_008525,2026-07-04,2026-07-04 07:55:42,Meta Ads (Instagram),Android,v2.5.1,Control_A,Canada
usr_008526,2026-07-02,2026-07-02 18:22:23,Paid Search (Google),Android,v2.5.2,Control_A,United Kingdom
usr_008527,2026-06-14,2026-06-14 01:31:46,Meta Ads (Instagram),Android,v2.5.1,Variant_B,Canada
usr_008528,2026-06-15,2026-06-15 17:14:39,Influencer Campaign,iOS,v2.5.2,Variant_B,Germany
usr_008529,2026-08-04,2026-08-04 05:24:19,Paid Search (Google),iOS,v2.5.3,Variant_B,India
usr_008530,2026-06-03,2026-06-03 17:27:47,Organic Search,iOS,v2.5.2,Control_A,India
usr_008531,2026-07-08,2026-07-08 14:06:34,Paid Search (Google),iOS,v2.5.2,Variant_B,India
usr_008532,2026-07-11,2026-07-11 16:46:43,Organic Search,iOS,v2.5.2,Variant_B,India
usr_008533,2026-06-17,2026-06-17 19:32:43,Meta Ads (Instagram),iOS,v2.5.1,Control_A,Germany
usr_008534,2026-06-22,2026-06-22 08:59:22,Meta Ads (Instagram),iOS,v2.5.2,Control_A,India
usr_008535,2026-08-03,2026-08-03 03:51:41,Influencer Campaign,iOS,v2.5.2,Control_A,Germany
usr_008536,2026-07-17,2026-07-17 07:57:54,Paid Search (Google),iOS,v2.5.2,Control_A,India
usr_008537,2026-08-06,2026-08-06 16:32:30,Paid Search (Google),Android,v2.5.3,Control_A,United Kingdom
usr_008538,2026-06-29,2026-06-29 01:38:57,Paid Search (Google),iOS,v2.5.1,Variant_B,Canada
usr_008539,2026-07-06,2026-07-06 11:53:56,Meta Ads (Instagram),iOS,v2.5.3,Variant_B,United States
usr_008540,2026-08-18,2026-08-18 07:56:05,Organic Search,iOS,v2.5.2,Variant_B,United Kingdom
usr_008541,2026-08-01,2026-08-01 04:38:46,Referral,iOS,v2.5.1,Control_A,India
usr_008542,2026-06-24,2026-06-24 13:55:22,Paid Search (Google),iOS,v2.5.1,Control_A,Germany
usr_008543,2026-07-12,2026-07-12 19:28:46,Referral,Web,v3.1.0-web,Control_A,United States
usr_008544,2026-08-15,2026-08-15 15:13:18,Meta Ads (Instagram),iOS,v2.5.3,Control_A,Canada
usr_008545,2026-07-13,2026-07-13 01:37:39,Meta Ads (Instagram),iOS,v2.5.1,Variant_B,United Kingdom
usr_008546,2026-08-28,2026-08-28 02:29:45,Meta Ads (Instagram),iOS,v2.5.2,Variant_B,United States
usr_008547,2026-08-13,2026-08-13 00:54:23,Organic Search,iOS,v2.5.3,Variant_B,United Kingdom
usr_008548,2026-08-26,2026-08-26 21:14:04,Meta Ads (Instagram),Android,v2.5.3,Control_A,United States
usr_008549,2026-07-25,2026-07-25 06:19:54,Paid Search (Google),Android,v2.5.2,Variant_B,Germany
usr_008550,2026-07-16,2026-07-16 02:26:20,Organic Search,Android,v2.5.2,Variant_B,United States
usr_008551,2026-08-05,2026-08-05 01:22:54,Referral,Android,v2.5.2,Control_A,Canada
usr_008552,2026-06-18,2026-06-18 21:54:14,Referral,Web,v3.1.0-web,Variant_B,Germany
usr_008553,2026-07-06,2026-07-06 16:54:35,Organic Search,Android,v2.5.3,Variant_B,India
usr_008554,2026-08-14,2026-08-14 23:36:06,Referral,iOS,v2.5.1,Control_A,India
usr_008555,2026-06-18,2026-06-18 18:41:25,Meta Ads (Instagram),Android,v2.5.2,Variant_B,United States
usr_008556,2026-06-06,2026-06-06 01:16:16,Paid Search (Google),iOS,v2.5.3,Variant_B,Canada
usr_008557,2026-06-02,2026-06-02 11:02:03,Organic Search,Android,v2.5.2,Control_A,United Kingdom
usr_008558,2026-07-13,2026-07-13 13:18:17,Organic Search,Android,v2.5.2,Variant_B,Germany
usr_008559,2026-06-22,2026-06-22 23:35:30,Meta Ads (Instagram),Android,v2.5.3,Variant_B,Canada
usr_008560,2026-06-03,2026-06-03 13:25:59,Meta Ads (Instagram),Web,v3.1.0-web,Variant_B,India
usr_008561,2026-08-01,2026-08-01 03:07:07,Paid Search (Google),iOS,v2.5.3,Variant_B,Germany
usr_008562,2026-08-29,2026-08-29 21:46:23,Meta Ads (Instagram),iOS,v2.5.3,Variant_B,Canada
usr_008563,2026-06-01,2026-06-01 04:31:15,Referral,Android,v2.5.1,Variant_B,United Kingdom
usr_008564,2026-08-16,2026-08-16 02:29:17,Paid Search (Google),Android,v2.5.2,Control_A,United Kingdom
usr_008565,2026-07-23,2026-07-23 19:43:04,Referral,iOS,v2.5.2,Control_A,Germany
usr_008566,2026-08-17,2026-08-17 06:48:54,Organic Search,Android,v2.5.2,Variant_B,Canada
usr_008567,2026-08-02,2026-08-02 10:14:54,Meta Ads (Instagram),Web,v3.1.0-web,Control_A,Germany
usr_008568,2026-08-11,2026-08-11 09:42:30,Meta Ads (Instagram),Web,v3.1.0-web,Variant_B,United States
usr_008569,2026-06-21,2026-06-21 21:53:55,Meta Ads (Instagram),Web,v3.1.0-web,Variant_B,Canada
usr_008570,2026-06-26,2026-06-26 03:16:42,Influencer Campaign,Android,v2.5.1,Variant_B,United Kingdom
usr_008571,2026-08-08,2026-08-08 18:55:12,Organic Search,iOS,v2.5.3,Variant_B,United States
usr_008572,2026-08-13,2026-08-13 23:25:26,Paid Search (Google),Android,v2.5.3,Variant_B,India
usr_008573,2026-07-09,2026-07-09 18:00:24,Organic Search,iOS,v2.5.2,Variant_B,Germany
usr_008574,2026-08-03,2026-08-03 15:54:19,Meta Ads (Instagram),Android,v2.5.1,Variant_B,United States
usr_008575,2026-08-23,2026-08-23 23:33:09,Meta Ads (Instagram),Android,v2.5.1,Control_A,Germany
usr_008576,2026-07-01,2026-07-01 20:37:57,Organic Search,Android,v2.5.1,Variant_B,Germany
usr_008577,2026-07-11,2026-07-11 08:57:23,Organic Search,Android,v2.5.3,Control_A,United States
usr_008578,2026-06-14,2026-06-14 12:45:22,Paid Search (Google),Web,v3.1.0-web,Control_A,United States
usr_008579,2026-08-04,2026-08-04 20:15:36,Referral,Android,v2.5.3,Variant_B,United States
usr_008580,2026-08-10,2026-08-10 07:44:52,Organic Search,Android,v2.5.2,Control_A,Canada
usr_008581,2026-06-20,2026-06-20 05:32:15,Paid Search (Google),Android,v2.5.1,Control_A,United States
usr_008582,2026-07-23,2026-07-23 04:58:27,Organic Search,iOS,v2.5.3,Variant_B,India
usr_008583,2026-07-15,2026-07-15 06:38:09,Meta Ads (Instagram),iOS,v2.5.2,Control_A,United Kingdom
usr_008584,2026-06-28,2026-06-28 05:29:16,Meta Ads (Instagram),Android,v2.5.3,Variant_B,Germany
usr_008585,2026-07-14,2026-07-14 10:20:52,Paid Search (Google),iOS,v2.5.1,Control_A,United Kingdom
usr_008586,2026-06-15,2026-06-15 07:37:53,Meta Ads (Instagram),Android,v2.5.3,Variant_B,Germany
usr_008587,2026-08-27,2026-08-27 01:58:45,Organic Search,Android,v2.5.3,Variant_B,Germany
usr_008588,2026-07-23,2026-07-23 07:51:47,Organic Search,Web,v3.1.0-web,Variant_B,India
usr_008589,2026-06-07,2026-06-07 21:36:44,Influencer Campaign,Android,v2.5.1,Control_A,United Kingdom
usr_008590,2026-08-26,2026-08-26 20:25:05,Paid Search (Google),Android,v2.5.2,Control_A,Canada
usr_008591,2026-08-01,2026-08-01 21:44:48,Meta Ads (Instagram),Web,v3.1.0-web,Variant_B,Germany
usr_008592,2026-07-18,2026-07-18 19:34:21,Organic Search,iOS,v2.5.3,Variant_B,United States
usr_008593,2026-06-06,2026-06-06 07:09:02,Meta Ads (Instagram),iOS,v2.5.2,Control_A,India
usr_008594,2026-06-06,2026-06-06 08:47:13,Meta Ads (Instagram),iOS,v2.5.2,Variant_B,India
usr_008595,2026-06-04,2026-06-04 12:16:47,Organic Search,Android,v2.5.1,Variant_B,India
usr_008596,2026-08-10,2026-08-10 01:20:09,Paid Search (Google),Android,v2.5.1,Control_A,United States
usr_008597,2026-06-10,2026-06-10 18:40:03,Meta Ads (Instagram),iOS,v2.5.3,Variant_B,India
usr_008598,2026-06-03,2026-06-03 07:49:03,Referral,iOS,v2.5.2,Variant_B,India
usr_008599,2026-08-10,2026-08-10 06:41:08,Influencer Campaign,iOS,v2.5.2,Variant_B,United States
usr_008600,2026-08-23,2026-08-23 21:53:34,Influencer Campaign,iOS,v2.5.2,Control_A,United States
usr_008601,2026-07-22,2026-07-22 23:11:40,Influencer Campaign,iOS,v2.5.2,Control_A,India
usr_008602,2026-07-13,2026-07-13 17:13:36,Organic Search,iOS,v2.5.3,Variant_B,Germany
usr_008603,2026-07-01,2026-07-01 23:48:11,Paid Search (Google),iOS,v2.5.2,Variant_B,United States
usr_008604,2026-07-12,2026-07-12 10:22:03,Paid Search (Google),Android,v2.5.2,Variant_B,Germany
usr_008605,2026-06-15,2026-06-15 02:20:58,Paid Search (Google),iOS,v2.5.1,Control_A,Germany
usr_008606,2026-08-20,2026-08-20 07:09:19,Organic Search,Android,v2.5.3,Control_A,United Kingdom
usr_008607,2026-06-30,2026-06-30 09:30:28,Meta Ads (Instagram),Web,v3.1.0-web,Variant_B,India
usr_008608,2026-07-27,2026-07-27 20:24:07,Organic Search,Android,v2.5.3,Variant_B,Canada
usr_008609,2026-07-07,2026-07-07 15:21:29,Influencer Campaign,Web,v3.1.0-web,Control_A,Germany
usr_008610,2026-07-22,2026-07-22 14:52:08,Organic Search,Web,v3.1.0-web,Control_A,United Kingdom
usr_008611,2026-08-28,2026-08-28 06:28:24,Organic Search,Web,v3.1.0-web,Control_A,India
usr_008612,2026-06-25,2026-06-25 05:25:41,Organic Search,Android,v2.5.1,Control_A,Canada
usr_008613,2026-06-01,2026-06-01 00:09:47,Influencer Campaign,Android,v2.5.2,Control_A,Canada
usr_008614,2026-07-27,2026-07-27 08:48:03,Referral,iOS,v2.5.1,Variant_B,Germany
usr_008615,2026-08-07,2026-08-07 09:14:00,Paid Search (Google),Android,v2.5.1,Control_A,Canada
usr_008616,2026-07-15,2026-07-15 16:02:28,Meta Ads (Instagram),iOS,v2.5.2,Variant_B,Germany
usr_008617,2026-06-12,2026-06-12 15:01:53,Meta Ads (Instagram),Android,v2.5.1,Control_A,Germany
usr_008618,2026-07-14,2026-07-14 05:21:31,Paid Search (Google),Android,v2.5.1,Variant_B,Germany
usr_008619,2026-07-09,2026-07-09 00:31:52,Organic Search,iOS,v2.5.2,Variant_B,United Kingdom
usr_008620,2026-07-26,2026-07-26 03:03:13,Paid Search (Google),Android,v2.5.3,Variant_B,United States
usr_008621,2026-08-11,2026-08-11 20:23:55,Influencer Campaign,Android,v2.5.1,Variant_B,Germany
usr_008622,2026-07-03,2026-07-03 23:08:57,Meta Ads (Instagram),iOS,v2.5.3,Control_A,Canada
usr_008623,2026-07-07,2026-07-07 06:55:15,Meta Ads (Instagram),Android,v2.5.3,Control_A,United States
usr_008624,2026-08-23,2026-08-23 06:36:12,Paid Search (Google),iOS,v2.5.1,Control_A,Canada
usr_008625,2026-07-15,2026-07-15 11:02:19,Paid Search (Google),Android,v2.5.3,Control_A,United States
usr_008626,2026-06-25,2026-06-25 15:57:18,Paid Search (Google),iOS,v2.5.2,Variant_B,Canada
usr_008627,2026-06-10,2026-06-10 12:37:20,Meta Ads (Instagram),iOS,v2.5.1,Control_A,India
usr_008628,2026-07-05,2026-07-05 03:23:34,Referral,iOS,v2.5.1,Control_A,United Kingdom
usr_008629,2026-08-02,2026-08-02 02:39:46,Paid Search (Google),Web,v3.1.0-web,Control_A,Canada
usr_008630,2026-08-09,2026-08-09 04:37:45,Meta Ads (Instagram),iOS,v2.5.1,Variant_B,Germany
usr_008631,2026-08-27,2026-08-27 01:08:27,Paid Search (Google),Android,v2.5.1,Variant_B,India
usr_008632,2026-06-13,2026-06-13 15:42:44,Meta Ads (Instagram),Android,v2.5.1,Control_A,Canada
usr_008633,2026-07-12,2026-07-12 01:19:01,Organic Search,Android,v2.5.2,Variant_B,Germany
usr_008634,2026-08-05,2026-08-05 13:19:23,Paid Search (Google),iOS,v2.5.3,Variant_B,Germany
usr_008635,2026-06-07,2026-06-07 01:12:49,Paid Search (Google),Web,v3.1.0-web,Control_A,Canada
usr_008636,2026-07-06,2026-07-06 22:02:56,Paid Search (Google),Android,v2.5.1,Control_A,United Kingdom
usr_008637,2026-08-08,2026-08-08 15:56:23,Referral,Android,v2.5.3,Control_A,United Kingdom
usr_008638,2026-06-25,2026-06-25 01:45:15,Influencer Campaign,iOS,v2.5.2,Control_A,India
usr_008639,2026-08-25,2026-08-25 12:38:38,Paid Search (Google),Web,v3.1.0-web,Variant_B,Germany
usr_008640,2026-07-14,2026-07-14 17:55:21,Meta Ads (Instagram),Android,v2.5.2,Variant_B,Germany
usr_008641,2026-06-30,2026-06-30 18:34:15,Meta Ads (Instagram),iOS,v2.5.2,Variant_B,Canada
usr_008642,2026-06-07,2026-06-07 01:08:57,Meta Ads (Instagram),Android,v2.5.1,Control_A,United States
usr_008643,2026-07-16,2026-07-16 21:07:15,Meta Ads (Instagram),iOS,v2.5.3,Variant_B,Germany
usr_008644,2026-07-15,2026-07-15 03:10:44,Paid Search (Google),Android,v2.5.3,Control_A,Canada
usr_008645,2026-08-04,2026-08-04 22:55:02,Meta Ads (Instagram),iOS,v2.5.3,Variant_B,Germany
usr_008646,2026-08-10,2026-08-10 12:27:30,Meta Ads (Instagram),iOS,v2.5.1,Variant_B,Germany
usr_008647,2026-08-16,2026-08-16 01:45:03,Paid Search (Google),Android,v2.5.2,Variant_B,Canada
usr_008648,2026-07-15,2026-07-15 07:38:42,Influencer Campaign,iOS,v2.5.3,Control_A,India
usr_008649,2026-06-15,2026-06-15 10:40:23,Paid Search (Google),Android,v2.5.3,Control_A,United States
usr_008650,2026-07-18,2026-07-18 23:53:20,Paid Search (Google),iOS,v2.5.2,Control_A,India
usr_008651,2026-08-28,2026-08-28 15:34:28,Paid Search (Google),Android,v2.5.3,Control_A,United Kingdom
usr_008652,2026-06-18,2026-06-18 01:33:38,Referral,Web,v3.1.0-web,Variant_B,United States
usr_008653,2026-07-05,2026-07-05 05:27:30,Paid Search (Google),Android,v2.5.1,Control_A,Germany
usr_008654,2026-08-24,2026-08-24 20:09:47,Meta Ads (Instagram),Android,v2.5.3,Control_A,Canada
usr_008655,2026-08-05,2026-08-05 17:40:54,Paid Search (Google),Android,v2.5.2,Variant_B,United Kingdom
usr_008656,2026-06-03,2026-06-03 11:53:09,Influencer Campaign,iOS,v2.5.2,Control_A,India
usr_008657,2026-08-01,2026-08-01 20:25:15,Meta Ads (Instagram),Android,v2.5.2,Control_A,United States
usr_008658,2026-06-05,2026-06-05 17:06:55,Organic Search,Android,v2.5.1,Control_A,Canada
usr_008659,2026-07-05,2026-07-05 11:50:03,Meta Ads (Instagram),iOS,v2.5.3,Control_A,Germany
usr_008660,2026-06-08,2026-06-08 18:52:19,Meta Ads (Instagram),Web,v3.1.0-web,Variant_B,United States
usr_008661,2026-07-24,2026-07-24 06:28:24,Organic Search,Android,v2.5.3,Control_A,India
usr_008662,2026-08-28,2026-08-28 08:06:44,Organic Search,Android,v2.5.3,Control_A,United States
usr_008663,2026-08-02,2026-08-02 11:37:42,Paid Search (Google),Android,v2.5.1,Control_A,United Kingdom
usr_008664,2026-07-25,2026-07-25 05:43:23,Meta Ads (Instagram),Android,v2.5.2,Variant_B,Germany
usr_008665,2026-08-02,2026-08-02 09:46:09,Referral,iOS,v2.5.3,Variant_B,United Kingdom
usr_008666,2026-06-12,2026-06-12 04:22:44,Meta Ads (Instagram),Android,v2.5.1,Control_A,India
usr_008667,2026-07-16,2026-07-16 21:41:08,Meta Ads (Instagram),Android,v2.5.3,Control_A,United States
usr_008668,2026-07-23,2026-07-23 14:09:00,Meta Ads (Instagram),Android,v2.5.1,Control_A,Canada
usr_008669,2026-06-29,2026-06-29 12:37:50,Referral,iOS,v2.5.3,Variant_B,Germany
usr_008670,2026-06-12,2026-06-12 20:11:25,Meta Ads (Instagram),Web,v3.1.0-web,Variant_B,United States
usr_008671,2026-08-01,2026-08-01 03:33:03,Meta Ads (Instagram),Android,v2.5.2,Variant_B,India
usr_008672,2026-06-25,2026-06-25 09:07:02,Meta Ads (Instagram),iOS,v2.5.3,Variant_B,Germany
usr_008673,2026-07-31,2026-07-31 17:40:02,Influencer Campaign,Android,v2.5.2,Control_A,Canada
usr_008674,2026-07-18,2026-07-18 20:09:25,Meta Ads (Instagram),Android,v2.5.1,Control_A,United States
usr_008675,2026-07-21,2026-07-21 14:59:11,Meta Ads (Instagram),Android,v2.5.2,Control_A,India
usr_008676,2026-08-14,2026-08-14 22:52:18,Meta Ads (Instagram),iOS,v2.5.1,Control_A,United States
usr_008677,2026-07-10,2026-07-10 15:10:11,Organic Search,iOS,v2.5.2,Variant_B,Germany
usr_008678,2026-06-11,2026-06-11 20:14:50,Meta Ads (Instagram),iOS,v2.5.2,Control_A,United States
usr_008679,2026-08-21,2026-08-21 11:33:34,Paid Search (Google),iOS,v2.5.3,Variant_B,United Kingdom
usr_008680,2026-08-12,2026-08-12 05:36:21,Meta Ads (Instagram),iOS,v2.5.1,Variant_B,Canada
usr_008681,2026-08-15,2026-08-15 09:54:07,Paid Search (Google),Android,v2.5.1,Control_A,United Kingdom
usr_008682,2026-06-13,2026-06-13 23:54:04,Organic Search,iOS,v2.5.3,Control_A,Germany
usr_008683,2026-07-11,2026-07-11 20:11:37,Meta Ads (Instagram),Android,v2.5.2,Variant_B,Canada
usr_008684,2026-06-27,2026-06-27 17:40:24,Paid Search (Google),Android,v2.5.1,Variant_B,United States
usr_008685,2026-06-13,2026-06-13 18:55:18,Paid Search (Google),Web,v3.1.0-web,Variant_B,Germany
usr_008686,2026-07-21,2026-07-21 14:44:26,Organic Search,iOS,v2.5.3,Variant_B,Germany
usr_008687,2026-08-04,2026-08-04 14:12:10,Organic Search,iOS,v2.5.3,Variant_B,Germany
usr_008688,2026-08-05,2026-08-05 21:43:23,Paid Search (Google),Android,v2.5.1,Variant_B,Canada
usr_008689,2026-07-22,2026-07-22 22:09:27,Meta Ads (Instagram),iOS,v2.5.2,Variant_B,Canada
usr_008690,2026-06-11,2026-06-11 06:32:07,Referral,Android,v2.5.3,Variant_B,United Kingdom
usr_008691,2026-07-14,2026-07-14 19:22:00,Meta Ads (Instagram),iOS,v2.5.2,Control_A,United States
usr_008692,2026-06-11,2026-06-11 03:09:41,Paid Search (Google),iOS,v2.5.1,Control_A,United States
usr_008693,2026-07-30,2026-07-30 06:23:32,Referral,Android,v2.5.1,Variant_B,India
usr_008694,2026-07-01,2026-07-01 14:02:17,Organic Search,iOS,v2.5.2,Variant_B,United States
usr_008695,2026-06-21,2026-06-21 13:41:24,Influencer Campaign,Web,v3.1.0-web,Variant_B,India
usr_008696,2026-07-09,2026-07-09 14:25:52,Organic Search,Android,v2.5.2,Control_A,United States
usr_008697,2026-07-15,2026-07-15 00:56:00,Meta Ads (Instagram),Web,v3.1.0-web,Variant_B,United Kingdom
usr_008698,2026-06-16,2026-06-16 15:00:49,Paid Search (Google),Android,v2.5.1,Variant_B,Germany
usr_008699,2026-08-11,2026-08-11 16:21:15,Meta Ads (Instagram),Android,v2.5.3,Variant_B,Canada
usr_008700,2026-07-10,2026-07-10 03:25:41,Paid Search (Google),Android,v2.5.3,Variant_B,India
usr_008701,2026-07-24,2026-07-24 15:00:02,Organic Search,Android,v2.5.3,Variant_B,India
usr_008702,2026-07-26,2026-07-26 09:53:09,Paid Search (Google),Android,v2.5.3,Control_A,Germany
usr_008703,2026-06-04,2026-06-04 20:11:34,Meta Ads (Instagram),Android,v2.5.2,Variant_B,United Kingdom
usr_008704,2026-06-02,2026-06-02 11:09:34,Influencer Campaign,Android,v2.5.1,Control_A,United States
usr_008705,2026-08-18,2026-08-18 18:03:20,Meta Ads (Instagram),iOS,v2.5.1,Control_A,United States
usr_008706,2026-08-17,2026-08-17 06:47:18,Referral,Android,v2.5.2,Variant_B,Canada
usr_008707,2026-06-04,2026-06-04 00:39:35,Organic Search,Android,v2.5.2,Variant_B,India
usr_008708,2026-06-13,2026-06-13 00:29:51,Influencer Campaign,iOS,v2.5.1,Variant_B,United Kingdom
usr_008709,2026-08-20,2026-08-20 16:34:39,Paid Search (Google),iOS,v2.5.1,Variant_B,India
usr_008710,2026-08-06,2026-08-06 17:34:57,Meta Ads (Instagram),Android,v2.5.2,Control_A,United Kingdom
usr_008711,2026-07-11,2026-07-11 06:08:59,Referral,Android,v2.5.1,Control_A,India
usr_008712,2026-08-02,2026-08-02 23:20:55,Meta Ads (Instagram),Android,v2.5.2,Variant_B,United States
usr_008713,2026-06-06,2026-06-06 09:35:57,Meta Ads (Instagram),Android,v2.5.3,Variant_B,India
usr_008714,2026-08-03,2026-08-03 04:55:25,Paid Search (Google),iOS,v2.5.2,Variant_B,Canada
usr_008715,2026-07-07,2026-07-07 21:50:13,Paid Search (Google),Android,v2.5.2,Variant_B,United Kingdom
usr_008716,2026-08-22,2026-08-22 19:24:34,Meta Ads (Instagram),iOS,v2.5.3,Control_A,Germany
usr_008717,2026-08-19,2026-08-19 11:56:06,Meta Ads (Instagram),Android,v2.5.1,Variant_B,Germany
usr_008718,2026-07-03,2026-07-03 06:31:34,Paid Search (Google),iOS,v2.5.2,Control_A,Canada
usr_008719,2026-06-30,2026-06-30 19:57:11,Paid Search (Google),iOS,v2.5.2,Variant_B,Germany
usr_008720,2026-08-12,2026-08-12 03:53:23,Paid Search (Google),Android,v2.5.3,Variant_B,United States
usr_008721,2026-08-01,2026-08-01 07:44:45,Meta Ads (Instagram),iOS,v2.5.2,Control_A,India
usr_008722,2026-06-05,2026-06-05 08:16:40,Meta Ads (Instagram),Android,v2.5.3,Variant_B,United Kingdom
usr_008723,2026-08-16,2026-08-16 16:56:08,Organic Search,Android,v2.5.1,Control_A,India
usr_008724,2026-08-24,2026-08-24 23:43:23,Organic Search,Android,v2.5.2,Variant_B,Germany
usr_008725,2026-08-23,2026-08-23 13:42:03,Organic Search,iOS,v2.5.2,Control_A,United Kingdom
usr_008726,2026-07-31,2026-07-31 03:56:50,Paid Search (Google),Web,v3.1.0-web,Variant_B,United States
usr_008727,2026-08-13,2026-08-13 03:32:40,Paid Search (Google),iOS,v2.5.3,Control_A,Canada
usr_008728,2026-06-08,2026-06-08 13:39:44,Meta Ads (Instagram),Android,v2.5.2,Control_A,Germany
usr_008729,2026-08-27,2026-08-27 19:47:04,Paid Search (Google),iOS,v2.5.1,Variant_B,United Kingdom
usr_008730,2026-06-17,2026-06-17 10:05:26,Organic Search,iOS,v2.5.2,Control_A,United Kingdom
usr_008731,2026-06-15,2026-06-15 06:27:58,Referral,iOS,v2.5.3,Control_A,Germany
usr_008732,2026-08-08,2026-08-08 19:25:07,Paid Search (Google),iOS,v2.5.2,Control_A,Germany
usr_008733,2026-06-30,2026-06-30 17:41:54,Paid Search (Google),iOS,v2.5.1,Variant_B,United States
usr_008734,2026-07-19,2026-07-19 15:50:54,Meta Ads (Instagram),Android,v2.5.2,Control_A,Germany
usr_008735,2026-07-13,2026-07-13 00:53:12,Meta Ads (Instagram),Android,v2.5.3,Control_A,Germany
usr_008736,2026-06-05,2026-06-05 01:00:19,Referral,iOS,v2.5.3,Control_A,United Kingdom
usr_008737,2026-08-14,2026-08-14 06:49:40,Referral,Android,v2.5.2,Control_A,Canada
usr_008738,2026-06-09,2026-06-09 20:34:23,Organic Search,Android,v2.5.3,Control_A,United States
usr_008739,2026-08-25,2026-08-25 02:39:39,Meta Ads (Instagram),Android,v2.5.3,Control_A,United Kingdom
usr_008740,2026-06-03,2026-06-03 05:47:08,Influencer Campaign,Android,v2.5.2,Variant_B,United States
usr_008741,2026-08-29,2026-08-29 19:09:35,Organic Search,iOS,v2.5.1,Variant_B,United Kingdom
usr_008742,2026-06-28,2026-06-28 15:25:53,Paid Search (Google),iOS,v2.5.3,Variant_B,United States
usr_008743,2026-08-11,2026-08-11 04:03:48,Organic Search,iOS,v2.5.3,Variant_B,India
usr_008744,2026-08-26,2026-08-26 22:52:28,Referral,Web,v3.1.0-web,Control_A,Germany
usr_008745,2026-06-29,2026-06-29 20:21:25,Meta Ads (Instagram),Android,v2.5.2,Control_A,United Kingdom
usr_008746,2026-07-09,2026-07-09 03:07:49,Meta Ads (Instagram),Android,v2.5.1,Control_A,Canada
usr_008747,2026-07-14,2026-07-14 00:11:01,Paid Search (Google),iOS,v2.5.1,Control_A,India
usr_008748,2026-07-28,2026-07-28 17:49:50,Paid Search (Google),iOS,v2.5.2,Control_A,Germany
usr_008749,2026-07-26,2026-07-26 14:45:48,Paid Search (Google),Android,v2.5.1,Control_A,United Kingdom
usr_008750,2026-07-04,2026-07-04 09:53:29,Referral,Android,v2.5.1,Control_A,United States
usr_008751,2026-08-09,2026-08-09 06:27:29,Meta Ads (Instagram),iOS,v2.5.1,Variant_B,Canada
usr_008752,2026-08-08,2026-08-08 13:40:17,Paid Search (Google),iOS,v2.5.2,Control_A,United Kingdom
usr_008753,2026-06-03,2026-06-03 16:34:48,Referral,Android,v2.5.1,Variant_B,Germany
usr_008754,2026-07-09,2026-07-09 03:51:24,Referral,Web,v3.1.0-web,Variant_B,Canada
usr_008755,2026-06-13,2026-06-13 08:07:21,Meta Ads (Instagram),iOS,v2.5.2,Variant_B,United Kingdom
usr_008756,2026-08-07,2026-08-07 21:04:01,Meta Ads (Instagram),iOS,v2.5.2,Variant_B,Germany
usr_008757,2026-08-13,2026-08-13 11:57:25,Paid Search (Google),Android,v2.5.2,Variant_B,Canada
usr_008758,2026-08-15,2026-08-15 20:21:45,Organic Search,iOS,v2.5.3,Variant_B,India
usr_008759,2026-06-23,2026-06-23 02:53:55,Meta Ads (Instagram),Android,v2.5.2,Control_A,India
usr_008760,2026-08-05,2026-08-05 22:10:17,Paid Search (Google),Android,v2.5.3,Control_A,India
usr_008761,2026-08-02,2026-08-02 16:59:54,Referral,Android,v2.5.1,Variant_B,Germany
usr_008762,2026-06-07,2026-06-07 23:11:34,Meta Ads (Instagram),iOS,v2.5.2,Control_A,Germany
usr_008763,2026-06-10,2026-06-10 21:20:49,Meta Ads (Instagram),Android,v2.5.3,Variant_B,Canada
usr_008764,2026-07-10,2026-07-10 13:27:56,Influencer Campaign,iOS,v2.5.1,Control_A,Germany
usr_008765,2026-06-26,2026-06-26 08:11:25,Organic Search,iOS,v2.5.1,Control_A,India
usr_008766,2026-06-16,2026-06-16 03:40:27,Organic Search,Android,v2.5.2,Variant_B,India
usr_008767,2026-08-28,2026-08-28 21:42:56,Meta Ads (Instagram),Android,v2.5.3,Variant_B,United States
usr_008768,2026-07-04,2026-07-04 03:04:37,Paid Search (Google),Android,v2.5.3,Control_A,Germany
usr_008769,2026-08-03,2026-08-03 16:06:48,Paid Search (Google),iOS,v2.5.3,Variant_B,United Kingdom
usr_008770,2026-06-03,2026-06-03 23:50:17,Paid Search (Google),Android,v2.5.1,Control_A,United States
usr_008771,2026-06-10,2026-06-10 08:17:01,Organic Search,Android,v2.5.2,Variant_B,India
usr_008772,2026-06-24,2026-06-24 13:45:25,Paid Search (Google),Android,v2.5.1,Variant_B,United States
usr_008773,2026-06-14,2026-06-14 04:21:02,Meta Ads (Instagram),Android,v2.5.2,Variant_B,Canada
usr_008774,2026-06-20,2026-06-20 01:43:52,Meta Ads (Instagram),Android,v2.5.1,Variant_B,Germany
usr_008775,2026-07-24,2026-07-24 16:01:00,Meta Ads (Instagram),iOS,v2.5.2,Control_A,United States
usr_008776,2026-08-14,2026-08-14 14:27:26,Meta Ads (Instagram),iOS,v2.5.1,Control_A,United States
usr_008777,2026-08-11,2026-08-11 01:06:54,Paid Search (Google),Web,v3.1.0-web,Control_A,India
usr_008778,2026-08-17,2026-08-17 11:23:14,Paid Search (Google),Android,v2.5.3,Control_A,Canada
usr_008779,2026-06-12,2026-06-12 00:09:50,Organic Search,iOS,v2.5.3,Control_A,Canada
usr_008780,2026-06-13,2026-06-13 05:46:03,Meta Ads (Instagram),iOS,v2.5.1,Control_A,India
usr_008781,2026-08-08,2026-08-08 20:40:15,Meta Ads (Instagram),iOS,v2.5.1,Variant_B,Germany
usr_008782,2026-06-07,2026-06-07 21:17:15,Organic Search,Web,v3.1.0-web,Control_A,United Kingdom
usr_008783,2026-06-12,2026-06-12 00:10:00,Paid Search (Google),Android,v2.5.3,Variant_B,Canada
usr_008784,2026-06-15,2026-06-15 11:47:22,Organic Search,Android,v2.5.2,Control_A,Germany
usr_008785,2026-07-23,2026-07-23 00:52:55,Paid Search (Google),iOS,v2.5.1,Variant_B,Canada
usr_008786,2026-07-01,2026-07-01 11:52:28,Organic Search,iOS,v2.5.2,Variant_B,United States
usr_008787,2026-06-03,2026-06-03 06:17:30,Meta Ads (Instagram),iOS,v2.5.1,Control_A,United Kingdom
usr_008788,2026-08-22,2026-08-22 13:24:48,Influencer Campaign,Android,v2.5.3,Control_A,India
usr_008789,2026-07-25,2026-07-25 04:26:24,Influencer Campaign,iOS,v2.5.2,Control_A,United States
usr_008790,2026-08-20,2026-08-20 16:41:03,Organic Search,Android,v2.5.3,Control_A,Canada
usr_008791,2026-07-28,2026-07-28 01:59:17,Organic Search,Android,v2.5.1,Control_A,United States
usr_008792,2026-06-27,2026-06-27 12:31:39,Organic Search,Android,v2.5.2,Control_A,United Kingdom
usr_008793,2026-08-02,2026-08-02 14:20:28,Referral,iOS,v2.5.2,Control_A,Canada
usr_008794,2026-08-21,2026-08-21 20:49:19,Referral,iOS,v2.5.2,Control_A,India
usr_008795,2026-06-28,2026-06-28 07:35:19,Meta Ads (Instagram),iOS,v2.5.3,Control_A,Canada
usr_008796,2026-07-30,2026-07-30 05:02:19,Organic Search,iOS,v2.5.3,Control_A,Canada
usr_008797,2026-07-10,2026-07-10 03:12:19,Referral,Android,v2.5.2,Control_A,India
usr_008798,2026-06-22,2026-06-22 23:40:54,Meta Ads (Instagram),Android,v2.5.1,Control_A,Canada
usr_008799,2026-08-13,2026-08-13 08:21:33,Organic Search,iOS,v2.5.3,Variant_B,United States
usr_008800,2026-08-03,2026-08-03 13:14:05,Organic Search,iOS,v2.5.3,Control_A,United States
usr_008801,2026-06-13,2026-06-13 23:24:24,Influencer Campaign,Android,v2.5.2,Variant_B,India
usr_008802,2026-06-10,2026-06-10 18:00:33,Meta Ads (Instagram),iOS,v2.5.1,Variant_B,Germany
usr_008803,2026-07-02,2026-07-02 20:27:42,Paid Search (Google),Android,v2.5.3,Variant_B,Canada
usr_008804,2026-06-05,2026-06-05 03:18:04,Influencer Campaign,Android,v2.5.2,Variant_B,United States
usr_008805,2026-06-28,2026-06-28 09:25:21,Meta Ads (Instagram),Android,v2.5.1,Variant_B,Germany
usr_008806,2026-06-18,2026-06-18 03:15:46,Meta Ads (Instagram),iOS,v2.5.3,Variant_B,United States
usr_008807,2026-07-21,2026-07-21 10:32:12,Paid Search (Google),Android,v2.5.1,Control_A,India
usr_008808,2026-06-08,2026-06-08 00:46:47,Meta Ads (Instagram),Android,v2.5.2,Variant_B,United Kingdom
usr_008809,2026-07-11,2026-07-11 23:47:16,Organic Search,iOS,v2.5.1,Variant_B,United Kingdom
usr_008810,2026-07-08,2026-07-08 06:04:31,Meta Ads (Instagram),Android,v2.5.1,Variant_B,United Kingdom
usr_008811,2026-07-24,2026-07-24 02:59:08,Meta Ads (Instagram),iOS,v2.5.3,Control_A,Canada
usr_008812,2026-06-18,2026-06-18 09:02:50,Paid Search (Google),Android,v2.5.2,Control_A,United Kingdom
usr_008813,2026-07-01,2026-07-01 06:49:53,Influencer Campaign,iOS,v2.5.3,Variant_B,United States
usr_008814,2026-06-28,2026-06-28 13:42:21,Organic Search,Android,v2.5.3,Variant_B,Canada
usr_008815,2026-07-12,2026-07-12 07:57:08,Paid Search (Google),iOS,v2.5.3,Control_A,India
usr_008816,2026-07-14,2026-07-14 13:51:44,Meta Ads (Instagram),Android,v2.5.3,Variant_B,Canada
usr_008817,2026-07-27,2026-07-27 16:07:21,Paid Search (Google),Android,v2.5.2,Control_A,United Kingdom
usr_008818,2026-06-04,2026-06-04 20:41:50,Referral,iOS,v2.5.3,Variant_B,Germany
usr_008819,2026-07-25,2026-07-25 04:48:14,Influencer Campaign,Web,v3.1.0-web,Control_A,India
usr_008820,2026-06-30,2026-06-30 06:33:21,Organic Search,iOS,v2.5.3,Variant_B,India
usr_008821,2026-06-04,2026-06-04 12:06:54,Referral,iOS,v2.5.3,Control_A,Germany
usr_008822,2026-06-19,2026-06-19 16:38:42,Meta Ads (Instagram),Android,v2.5.1,Control_A,India
usr_008823,2026-07-19,2026-07-19 19:23:43,Meta Ads (Instagram),Android,v2.5.1,Variant_B,India
usr_008824,2026-08-24,2026-08-24 02:22:19,Organic Search,Android,v2.5.2,Variant_B,United States
usr_008825,2026-08-09,2026-08-09 01:46:33,Referral,Android,v2.5.1,Variant_B,United Kingdom
usr_008826,2026-07-27,2026-07-27 14:07:30,Meta Ads (Instagram),iOS,v2.5.1,Control_A,Canada
usr_008827,2026-08-25,2026-08-25 07:19:59,Organic Search,Android,v2.5.2,Control_A,United States
usr_008828,2026-07-16,2026-07-16 20:58:24,Meta Ads (Instagram),iOS,v2.5.3,Variant_B,Germany
usr_008829,2026-07-13,2026-07-13 23:57:16,Organic Search,Android,v2.5.2,Control_A,United States
usr_008830,2026-06-09,2026-06-09 10:04:44,Meta Ads (Instagram),Android,v2.5.2,Variant_B,India
usr_008831,2026-08-18,2026-08-18 18:17:44,Meta Ads (Instagram),iOS,v2.5.1,Variant_B,Germany
usr_008832,2026-07-23,2026-07-23 05:25:35,Organic Search,iOS,v2.5.3,Variant_B,United Kingdom
usr_008833,2026-08-15,2026-08-15 16:41:51,Paid Search (Google),Android,v2.5.3,Control_A,Canada
usr_008834,2026-08-23,2026-08-23 18:48:40,Influencer Campaign,iOS,v2.5.1,Variant_B,Canada
usr_008835,2026-07-31,2026-07-31 17:50:09,Meta Ads (Instagram),Android,v2.5.2,Variant_B,India
usr_008836,2026-08-08,2026-08-08 12:46:34,Meta Ads (Instagram),Android,v2.5.3,Variant_B,Germany
usr_008837,2026-07-27,2026-07-27 00:21:58,Referral,iOS,v2.5.1,Control_A,Germany
usr_008838,2026-06-04,2026-06-04 21:14:48,Paid Search (Google),iOS,v2.5.3,Variant_B,United States
usr_008839,2026-07-25,2026-07-25 16:32:39,Meta Ads (Instagram),Android,v2.5.1,Control_A,Germany
usr_008840,2026-08-14,2026-08-14 08:41:32,Referral,Android,v2.5.3,Variant_B,Germany
usr_008841,2026-07-08,2026-07-08 16:50:00,Influencer Campaign,Web,v3.1.0-web,Control_A,United Kingdom
usr_008842,2026-06-07,2026-06-07 00:57:06,Meta Ads (Instagram),iOS,v2.5.1,Control_A,India
usr_008843,2026-08-23,2026-08-23 08:57:47,Influencer Campaign,Web,v3.1.0-web,Variant_B,United States
usr_008844,2026-07-04,2026-07-04 20:07:29,Meta Ads (Instagram),iOS,v2.5.1,Variant_B,Canada
usr_008845,2026-06-28,2026-06-28 07:13:35,Organic Search,iOS,v2.5.2,Variant_B,India
usr_008846,2026-06-01,2026-06-01 02:41:42,Paid Search (Google),iOS,v2.5.2,Variant_B,United Kingdom
usr_008847,2026-07-04,2026-07-04 14:10:29,Organic Search,Android,v2.5.1,Variant_B,United States
usr_008848,2026-06-08,2026-06-08 02:58:08,Referral,Android,v2.5.2,Variant_B,Canada
usr_008849,2026-08-28,2026-08-28 15:12:46,Paid Search (Google),Android,v2.5.2,Variant_B,Canada
usr_008850,2026-06-28,2026-06-28 15:20:29,Meta Ads (Instagram),iOS,v2.5.2,Variant_B,India
usr_008851,2026-07-16,2026-07-16 19:34:12,Paid Search (Google),Android,v2.5.2,Control_A,United Kingdom
usr_008852,2026-07-05,2026-07-05 20:15:24,Meta Ads (Instagram),Web,v3.1.0-web,Variant_B,India
usr_008853,2026-08-20,2026-08-20 05:35:05,Meta Ads (Instagram),Web,v3.1.0-web,Variant_B,India
usr_008854,2026-08-02,2026-08-02 22:45:35,Influencer Campaign,Android,v2.5.3,Control_A,United States
usr_008855,2026-08-22,2026-08-22 17:11:46,Meta Ads (Instagram),Android,v2.5.1,Control_A,United Kingdom
usr_008856,2026-06-17,2026-06-17 02:26:54,Paid Search (Google),Android,v2.5.2,Variant_B,Canada
usr_008857,2026-06-19,2026-06-19 02:06:28,Referral,iOS,v2.5.3,Variant_B,United States
usr_008858,2026-08-04,2026-08-04 18:37:57,Meta Ads (Instagram),Android,v2.5.1,Control_A,India
usr_008859,2026-07-30,2026-07-30 13:48:08,Meta Ads (Instagram),Web,v3.1.0-web,Control_A,Canada
usr_008860,2026-08-03,2026-08-03 21:47:33,Paid Search (Google),Web,v3.1.0-web,Control_A,Canada
usr_008861,2026-07-16,2026-07-16 00:58:27,Referral,Android,v2.5.3,Control_A,Germany
usr_008862,2026-07-22,2026-07-22 08:57:13,Influencer Campaign,Android,v2.5.2,Control_A,United States
usr_008863,2026-08-27,2026-08-27 05:50:03,Referral,Android,v2.5.1,Control_A,United States
usr_008864,2026-08-29,2026-08-29 02:37:21,Referral,iOS,v2.5.1,Variant_B,United States
usr_008865,2026-07-01,2026-07-01 21:22:14,Organic Search,iOS,v2.5.1,Variant_B,United Kingdom
usr_008866,2026-07-16,2026-07-16 12:45:31,Meta Ads (Instagram),iOS,v2.5.1,Variant_B,Germany
usr_008867,2026-08-22,2026-08-22 10:13:48,Paid Search (Google),iOS,v2.5.2,Variant_B,United States
usr_008868,2026-06-27,2026-06-27 05:31:27,Meta Ads (Instagram),Android,v2.5.1,Control_A,United States
usr_008869,2026-08-11,2026-08-11 17:32:13,Referral,Android,v2.5.2,Variant_B,Canada
usr_008870,2026-06-29,2026-06-29 11:54:05,Meta Ads (Instagram),iOS,v2.5.2,Control_A,United States
usr_008871,2026-08-15,2026-08-15 12:27:41,Referral,iOS,v2.5.2,Variant_B,United Kingdom
usr_008872,2026-06-07,2026-06-07 01:28:27,Meta Ads (Instagram),Web,v3.1.0-web,Control_A,India
usr_008873,2026-06-22,2026-06-22 09:41:37,Meta Ads (Instagram),Android,v2.5.3,Control_A,United States
usr_008874,2026-07-09,2026-07-09 04:12:03,Organic Search,iOS,v2.5.3,Control_A,United Kingdom
usr_008875,2026-08-04,2026-08-04 15:06:50,Organic Search,iOS,v2.5.3,Variant_B,United Kingdom
usr_008876,2026-07-12,2026-07-12 03:51:13,Influencer Campaign,iOS,v2.5.3,Variant_B,India
usr_008877,2026-07-22,2026-07-22 13:40:16,Paid Search (Google),iOS,v2.5.3,Control_A,India
usr_008878,2026-08-06,2026-08-06 11:24:09,Organic Search,Android,v2.5.3,Control_A,Canada
usr_008879,2026-06-26,2026-06-26 09:37:00,Organic Search,iOS,v2.5.3,Control_A,Germany
usr_008880,2026-06-16,2026-06-16 04:14:32,Meta Ads (Instagram),Android,v2.5.3,Control_A,United Kingdom
usr_008881,2026-08-09,2026-08-09 10:07:29,Influencer Campaign,Android,v2.5.2,Control_A,United States
usr_008882,2026-06-07,2026-06-07 07:27:30,Paid Search (Google),iOS,v2.5.3,Control_A,India
usr_008883,2026-07-23,2026-07-23 13:48:03,Paid Search (Google),Android,v2.5.3,Variant_B,United States
usr_008884,2026-06-10,2026-06-10 04:10:22,Paid Search (Google),iOS,v2.5.3,Control_A,Canada
usr_008885,2026-07-28,2026-07-28 19:23:12,Organic Search,iOS,v2.5.2,Variant_B,United States
usr_008886,2026-07-11,2026-07-11 15:45:30,Organic Search,iOS,v2.5.3,Control_A,Canada
usr_008887,2026-08-05,2026-08-05 17:55:03,Organic Search,Android,v2.5.1,Control_A,Germany
usr_008888,2026-08-19,2026-08-19 16:49:57,Organic Search,Android,v2.5.3,Control_A,Canada
usr_008889,2026-08-16,2026-08-16 08:54:12,Paid Search (Google),iOS,v2.5.3,Control_A,United States
usr_008890,2026-07-05,2026-07-05 14:33:22,Paid Search (Google),Android,v2.5.3,Control_A,India
usr_008891,2026-08-18,2026-08-18 13:01:05,Influencer Campaign,Android,v2.5.3,Variant_B,Germany
usr_008892,2026-07-02,2026-07-02 11:57:20,Paid Search (Google),Android,v2.5.1,Variant_B,Canada
usr_008893,2026-08-05,2026-08-05 12:12:06,Meta Ads (Instagram),iOS,v2.5.1,Variant_B,Canada
usr_008894,2026-07-04,2026-07-04 12:07:25,Meta Ads (Instagram),iOS,v2.5.1,Control_A,Canada
usr_008895,2026-07-28,2026-07-28 18:25:30,Paid Search (Google),iOS,v2.5.3,Variant_B,Canada
usr_008896,2026-06-07,2026-06-07 01:00:11,Meta Ads (Instagram),iOS,v2.5.3,Control_A,United Kingdom
usr_008897,2026-06-09,2026-06-09 18:24:32,Referral,Android,v2.5.3,Control_A,United States
usr_008898,2026-08-18,2026-08-18 22:23:20,Meta Ads (Instagram),iOS,v2.5.3,Control_A,United States
usr_008899,2026-06-28,2026-06-28 05:59:21,Meta Ads (Instagram),iOS,v2.5.3,Control_A,Germany
usr_008900,2026-07-27,2026-07-27 04:17:29,Organic Search,Web,v3.1.0-web,Control_A,United States
usr_008901,2026-06-27,2026-06-27 06:06:56,Meta Ads (Instagram),iOS,v2.5.1,Variant_B,Germany
usr_008902,2026-07-26,2026-07-26 09:44:50,Paid Search (Google),iOS,v2.5.3,Control_A,India
usr_008903,2026-08-22,2026-08-22 13:43:28,Organic Search,iOS,v2.5.2,Control_A,United States
usr_008904,2026-06-12,2026-06-12 20:22:10,Paid Search (Google),Android,v2.5.1,Control_A,United Kingdom
usr_008905,2026-07-06,2026-07-06 06:58:29,Organic Search,iOS,v2.5.2,Control_A,India
usr_008906,2026-07-12,2026-07-12 23:09:41,Paid Search (Google),Android,v2.5.2,Control_A,United Kingdom
usr_008907,2026-06-28,2026-06-28 19:28:16,Meta Ads (Instagram),Android,v2.5.2,Control_A,Germany
usr_008908,2026-07-23,2026-07-23 10:58:27,Organic Search,Android,v2.5.1,Control_A,United States
usr_008909,2026-07-06,2026-07-06 10:46:03,Meta Ads (Instagram),iOS,v2.5.2,Control_A,India
usr_008910,2026-08-28,2026-08-28 10:17:18,Organic Search,Android,v2.5.3,Variant_B,United Kingdom
usr_008911,2026-08-25,2026-08-25 02:56:54,Referral,iOS,v2.5.3,Variant_B,United Kingdom
usr_008912,2026-06-30,2026-06-30 23:18:54,Organic Search,Android,v2.5.3,Variant_B,Canada
usr_008913,2026-08-05,2026-08-05 06:41:42,Organic Search,Android,v2.5.3,Variant_B,Canada
usr_008914,2026-07-20,2026-07-20 06:40:35,Organic Search,iOS,v2.5.3,Control_A,India
usr_008915,2026-06-21,2026-06-21 11:33:05,Meta Ads (Instagram),Android,v2.5.1,Control_A,United States
usr_008916,2026-08-28,2026-08-28 01:48:03,Paid Search (Google),iOS,v2.5.3,Control_A,Canada
usr_008917,2026-08-05,2026-08-05 05:20:46,Meta Ads (Instagram),Android,v2.5.1,Control_A,United Kingdom
usr_008918,2026-08-20,2026-08-20 17:17:29,Meta Ads (Instagram),iOS,v2.5.1,Variant_B,United Kingdom
usr_008919,2026-06-06,2026-06-06 15:01:18,Paid Search (Google),iOS,v2.5.1,Variant_B,United Kingdom
usr_008920,2026-08-17,2026-08-17 11:52:53,Referral,iOS,v2.5.1,Control_A,Germany
usr_008921,2026-08-19,2026-08-19 10:22:17,Meta Ads (Instagram),Web,v3.1.0-web,Variant_B,India
usr_008922,2026-07-11,2026-07-11 20:29:00,Meta Ads (Instagram),Android,v2.5.3,Control_A,Canada
usr_008923,2026-07-06,2026-07-06 14:25:44,Organic Search,iOS,v2.5.1,Variant_B,United States
usr_008924,2026-08-11,2026-08-11 14:59:54,Organic Search,Android,v2.5.3,Variant_B,United States
usr_008925,2026-06-20,2026-06-20 02:45:32,Meta Ads (Instagram),Android,v2.5.1,Control_A,United States
usr_008926,2026-06-28,2026-06-28 12:34:26,Meta Ads (Instagram),iOS,v2.5.1,Control_A,Canada
usr_008927,2026-08-02,2026-08-02 02:07:41,Meta Ads (Instagram),iOS,v2.5.3,Control_A,India
usr_008928,2026-06-29,2026-06-29 13:14:11,Meta Ads (Instagram),iOS,v2.5.3,Variant_B,United States
usr_008929,2026-08-25,2026-08-25 20:31:01,Paid Search (Google),iOS,v2.5.2,Control_A,United States
usr_008930,2026-07-23,2026-07-23 08:28:23,Organic Search,Android,v2.5.3,Control_A,United Kingdom
usr_008931,2026-06-01,2026-06-01 12:04:11,Organic Search,Web,v3.1.0-web,Control_A,Germany
usr_008932,2026-07-23,2026-07-23 22:06:28,Influencer Campaign,iOS,v2.5.2,Control_A,United States
usr_008933,2026-07-08,2026-07-08 02:39:33,Paid Search (Google),Android,v2.5.1,Control_A,India
usr_008934,2026-08-12,2026-08-12 19:55:45,Referral,iOS,v2.5.3,Control_A,Germany
usr_008935,2026-06-01,2026-06-01 02:45:14,Organic Search,Web,v3.1.0-web,Variant_B,United States
usr_008936,2026-08-01,2026-08-01 21:42:38,Referral,iOS,v2.5.3,Variant_B,Germany
usr_008937,2026-07-23,2026-07-23 14:57:31,Paid Search (Google),Android,v2.5.3,Control_A,United States
usr_008938,2026-06-25,2026-06-25 22:49:01,Paid Search (Google),iOS,v2.5.3,Variant_B,Canada
usr_008939,2026-07-03,2026-07-03 09:10:28,Organic Search,iOS,v2.5.2,Control_A,United States
usr_008940,2026-07-31,2026-07-31 17:57:59,Influencer Campaign,Android,v2.5.3,Variant_B,India
usr_008941,2026-06-13,2026-06-13 09:35:03,Influencer Campaign,Web,v3.1.0-web,Variant_B,Canada
usr_008942,2026-08-08,2026-08-08 05:39:18,Meta Ads (Instagram),iOS,v2.5.1,Control_A,United Kingdom
usr_008943,2026-06-21,2026-06-21 18:06:51,Meta Ads (Instagram),Android,v2.5.1,Variant_B,United States
usr_008944,2026-07-19,2026-07-19 03:16:56,Organic Search,Android,v2.5.3,Control_A,Canada
usr_008945,2026-06-15,2026-06-15 00:17:27,Meta Ads (Instagram),Web,v3.1.0-web,Control_A,United States
usr_008946,2026-06-18,2026-06-18 18:49:38,Referral,iOS,v2.5.3,Control_A,Germany
usr_008947,2026-06-20,2026-06-20 19:20:02,Meta Ads (Instagram),iOS,v2.5.1,Variant_B,United Kingdom
usr_008948,2026-07-04,2026-07-04 09:49:31,Paid Search (Google),iOS,v2.5.2,Control_A,United States
usr_008949,2026-06-18,2026-06-18 06:45:33,Meta Ads (Instagram),iOS,v2.5.3,Variant_B,India
usr_008950,2026-06-06,2026-06-06 11:37:28,Paid Search (Google),iOS,v2.5.3,Variant_B,Germany
usr_008951,2026-06-12,2026-06-12 15:50:27,Meta Ads (Instagram),iOS,v2.5.3,Variant_B,Canada
usr_008952,2026-06-26,2026-06-26 16:09:11,Meta Ads (Instagram),iOS,v2.5.2,Variant_B,United States
usr_008953,2026-06-13,2026-06-13 15:39:34,Meta Ads (Instagram),Android,v2.5.2,Control_A,India
usr_008954,2026-08-14,2026-08-14 21:51:18,Organic Search,iOS,v2.5.3,Control_A,United Kingdom
usr_008955,2026-06-26,2026-06-26 17:08:06,Referral,iOS,v2.5.1,Variant_B,India
usr_008956,2026-06-08,2026-06-08 20:24:49,Influencer Campaign,Web,v3.1.0-web,Control_A,Canada
usr_008957,2026-06-18,2026-06-18 04:33:36,Paid Search (Google),Android,v2.5.1,Control_A,Germany
usr_008958,2026-07-31,2026-07-31 20:59:57,Paid Search (Google),Android,v2.5.2,Control_A,India
usr_008959,2026-08-14,2026-08-14 23:01:48,Meta Ads (Instagram),iOS,v2.5.2,Control_A,India
usr_008960,2026-06-23,2026-06-23 22:59:58,Referral,Web,v3.1.0-web,Control_A,United Kingdom
usr_008961,2026-07-23,2026-07-23 21:51:51,Organic Search,Android,v2.5.3,Variant_B,Germany
usr_008962,2026-06-22,2026-06-22 17:16:40,Paid Search (Google),iOS,v2.5.2,Variant_B,United States
usr_008963,2026-07-04,2026-07-04 15:22:08,Meta Ads (Instagram),Android,v2.5.1,Variant_B,Canada
usr_008964,2026-07-05,2026-07-05 21:42:56,Meta Ads (Instagram),Web,v3.1.0-web,Variant_B,Germany
usr_008965,2026-08-08,2026-08-08 11:23:12,Referral,Android,v2.5.3,Control_A,India
usr_008966,2026-07-25,2026-07-25 21:34:47,Meta Ads (Instagram),iOS,v2.5.1,Variant_B,United Kingdom
usr_008967,2026-07-07,2026-07-07 04:26:49,Paid Search (Google),iOS,v2.5.3,Control_A,United Kingdom
usr_008968,2026-06-02,2026-06-02 04:17:40,Paid Search (Google),iOS,v2.5.2,Variant_B,United States
usr_008969,2026-06-25,2026-06-25 22:30:25,Paid Search (Google),Web,v3.1.0-web,Variant_B,Canada
usr_008970,2026-06-29,2026-06-29 06:57:12,Paid Search (Google),Android,v2.5.1,Variant_B,United Kingdom
usr_008971,2026-07-31,2026-07-31 09:56:54,Organic Search,Android,v2.5.2,Variant_B,Germany
usr_008972,2026-08-25,2026-08-25 23:56:32,Organic Search,Android,v2.5.1,Variant_B,United States
usr_008973,2026-08-16,2026-08-16 00:59:41,Paid Search (Google),Android,v2.5.3,Control_A,United Kingdom
usr_008974,2026-07-09,2026-07-09 04:37:47,Meta Ads (Instagram),Android,v2.5.3,Control_A,India
usr_008975,2026-06-06,2026-06-06 02:30:29,Meta Ads (Instagram),iOS,v2.5.2,Control_A,Germany
usr_008976,2026-08-05,2026-08-05 18:31:47,Meta Ads (Instagram),iOS,v2.5.2,Control_A,United Kingdom
usr_008977,2026-07-17,2026-07-17 23:55:54,Influencer Campaign,Android,v2.5.3,Control_A,Canada
usr_008978,2026-06-24,2026-06-24 03:51:46,Organic Search,iOS,v2.5.3,Control_A,United Kingdom
usr_008979,2026-07-17,2026-07-17 08:59:23,Meta Ads (Instagram),Android,v2.5.1,Control_A,United Kingdom
usr_008980,2026-08-27,2026-08-27 15:10:43,Paid Search (Google),iOS,v2.5.3,Control_A,United States
usr_008981,2026-07-01,2026-07-01 03:06:03,Paid Search (Google),Android,v2.5.3,Control_A,Germany
usr_008982,2026-08-29,2026-08-29 23:06:56,Referral,Web,v3.1.0-web,Control_A,Germany
usr_008983,2026-08-28,2026-08-28 11:07:54,Paid Search (Google),iOS,v2.5.3,Variant_B,Germany
usr_008984,2026-07-08,2026-07-08 10:31:43,Meta Ads (Instagram),Android,v2.5.1,Control_A,United Kingdom
usr_008985,2026-08-27,2026-08-27 07:27:46,Influencer Campaign,Android,v2.5.3,Variant_B,United States
usr_008986,2026-06-20,2026-06-20 10:02:43,Meta Ads (Instagram),Android,v2.5.2,Variant_B,India
usr_008987,2026-06-22,2026-06-22 06:49:24,Meta Ads (Instagram),Android,v2.5.2,Variant_B,United Kingdom
usr_008988,2026-08-14,2026-08-14 03:55:53,Referral,iOS,v2.5.1,Variant_B,United States
usr_008989,2026-07-07,2026-07-07 04:29:43,Meta Ads (Instagram),Web,v3.1.0-web,Variant_B,United Kingdom
usr_008990,2026-07-13,2026-07-13 21:40:11,Meta Ads (Instagram),Android,v2.5.1,Variant_B,United States
usr_008991,2026-06-13,2026-06-13 17:33:01,Meta Ads (Instagram),Android,v2.5.2,Variant_B,Germany
usr_008992,2026-07-04,2026-07-04 06:19:36,Paid Search (Google),Android,v2.5.1,Control_A,United States
usr_008993,2026-07-25,2026-07-25 17:30:05,Referral,iOS,v2.5.3,Variant_B,Canada
usr_008994,2026-08-21,2026-08-21 08:31:59,Organic Search,Android,v2.5.3,Control_A,United Kingdom
usr_008995,2026-07-05,2026-07-05 03:06:02,Meta Ads (Instagram),iOS,v2.5.1,Variant_B,India
usr_008996,2026-06-26,2026-06-26 20:23:16,Referral,Android,v2.5.1,Variant_B,United States
usr_008997,2026-07-20,2026-07-20 01:52:42,Meta Ads (Instagram),iOS,v2.5.2,Control_A,United Kingdom
usr_008998,2026-07-03,2026-07-03 09:35:15,Referral,Android,v2.5.3,Variant_B,Germany
usr_008999,2026-06-05,2026-06-05 13:39:38,Organic Search,Android,v2.5.2,Control_A,Germany
usr_009000,2026-06-30,2026-06-30 15:26:17,Influencer Campaign,Android,v2.5.3,Control_A,India
usr_009001,2026-08-03,2026-08-03 16:49:31,Organic Search,iOS,v2.5.2,Variant_B,India
usr_009002,2026-08-02,2026-08-02 00:01:15,Paid Search (Google),Web,v3.1.0-web,Control_A,Germany
usr_009003,2026-06-10,2026-06-10 10:55:15,Organic Search,Android,v2.5.3,Variant_B,United States
usr_009004,2026-08-18,2026-08-18 01:03:24,Paid Search (Google),Android,v2.5.2,Variant_B,United States
usr_009005,2026-06-23,2026-06-23 02:31:57,Meta Ads (Instagram),Android,v2.5.3,Control_A,Germany
usr_009006,2026-07-06,2026-07-06 19:04:10,Paid Search (Google),Web,v3.1.0-web,Control_A,Germany
usr_009007,2026-07-16,2026-07-16 06:04:04,Paid Search (Google),iOS,v2.5.3,Control_A,Canada
usr_009008,2026-06-26,2026-06-26 20:48:06,Organic Search,Android,v2.5.2,Control_A,Canada
usr_009009,2026-06-22,2026-06-22 10:09:23,Organic Search,Android,v2.5.2,Control_A,United Kingdom
usr_009010,2026-08-24,2026-08-24 01:41:36,Meta Ads (Instagram),Android,v2.5.3,Variant_B,India
usr_009011,2026-08-05,2026-08-05 00:44:11,Organic Search,Android,v2.5.1,Control_A,Germany
usr_009012,2026-06-23,2026-06-23 18:40:26,Organic Search,iOS,v2.5.3,Variant_B,United Kingdom
usr_009013,2026-08-07,2026-08-07 02:38:40,Paid Search (Google),Android,v2.5.2,Variant_B,United Kingdom
usr_009014,2026-06-03,2026-06-03 16:46:25,Paid Search (Google),Web,v3.1.0-web,Control_A,Canada
usr_009015,2026-06-28,2026-06-28 23:02:41,Organic Search,Android,v2.5.2,Control_A,India
usr_009016,2026-07-20,2026-07-20 20:29:26,Referral,iOS,v2.5.2,Variant_B,Germany
usr_009017,2026-08-01,2026-08-01 16:03:31,Paid Search (Google),iOS,v2.5.3,Control_A,India
usr_009018,2026-06-30,2026-06-30 05:49:20,Organic Search,Android,v2.5.3,Variant_B,Canada
usr_009019,2026-08-01,2026-08-01 21:03:03,Meta Ads (Instagram),Android,v2.5.1,Variant_B,United Kingdom
usr_009020,2026-07-01,2026-07-01 23:09:49,Paid Search (Google),iOS,v2.5.2,Control_A,India
usr_009021,2026-08-01,2026-08-01 18:28:12,Organic Search,iOS,v2.5.3,Control_A,United States
usr_009022,2026-07-15,2026-07-15 05:05:04,Paid Search (Google),Android,v2.5.1,Variant_B,Germany
usr_009023,2026-08-19,2026-08-19 15:41:47,Paid Search (Google),iOS,v2.5.1,Variant_B,United States
usr_009024,2026-06-13,2026-06-13 12:48:12,Referral,iOS,v2.5.1,Control_A,Canada
usr_009025,2026-06-26,2026-06-26 11:07:23,Meta Ads (Instagram),iOS,v2.5.1,Variant_B,United Kingdom
usr_009026,2026-07-08,2026-07-08 06:25:49,Organic Search,iOS,v2.5.3,Variant_B,Canada
usr_009027,2026-07-27,2026-07-27 21:24:37,Referral,Android,v2.5.2,Variant_B,Germany
usr_009028,2026-07-06,2026-07-06 06:20:32,Influencer Campaign,Android,v2.5.2,Variant_B,India
usr_009029,2026-08-09,2026-08-09 11:19:59,Organic Search,iOS,v2.5.2,Variant_B,India
usr_009030,2026-07-24,2026-07-24 07:47:04,Paid Search (Google),Android,v2.5.3,Control_A,India
usr_009031,2026-07-01,2026-07-01 15:34:56,Organic Search,iOS,v2.5.3,Variant_B,India
usr_009032,2026-06-10,2026-06-10 21:16:03,Meta Ads (Instagram),iOS,v2.5.2,Variant_B,United States
usr_009033,2026-06-26,2026-06-26 15:08:44,Meta Ads (Instagram),Web,v3.1.0-web,Variant_B,United States
usr_009034,2026-06-26,2026-06-26 00:19:47,Meta Ads (Instagram),iOS,v2.5.2,Control_A,India
usr_009035,2026-06-15,2026-06-15 15:50:43,Organic Search,Android,v2.5.1,Control_A,India
usr_009036,2026-06-04,2026-06-04 01:32:05,Referral,iOS,v2.5.2,Control_A,Canada
usr_009037,2026-08-13,2026-08-13 04:35:26,Organic Search,Android,v2.5.3,Control_A,Germany
usr_009038,2026-07-01,2026-07-01 14:01:16,Organic Search,Web,v3.1.0-web,Variant_B,Canada
usr_009039,2026-08-19,2026-08-19 02:22:39,Paid Search (Google),Android,v2.5.2,Variant_B,Germany
usr_009040,2026-08-14,2026-08-14 11:11:06,Organic Search,Android,v2.5.3,Variant_B,Canada
usr_009041,2026-08-19,2026-08-19 15:42:01,Organic Search,Android,v2.5.1,Control_A,Canada
usr_009042,2026-08-01,2026-08-01 06:45:17,Paid Search (Google),Android,v2.5.1,Variant_B,United Kingdom
usr_009043,2026-08-11,2026-08-11 00:15:07,Meta Ads (Instagram),iOS,v2.5.3,Control_A,India
usr_009044,2026-06-20,2026-06-20 18:34:21,Meta Ads (Instagram),Android,v2.5.1,Control_A,India
usr_009045,2026-06-02,2026-06-02 20:20:21,Paid Search (Google),Android,v2.5.1,Variant_B,Canada
usr_009046,2026-06-17,2026-06-17 12:57:05,Influencer Campaign,Android,v2.5.3,Control_A,Germany
usr_009047,2026-07-12,2026-07-12 18:30:11,Meta Ads (Instagram),iOS,v2.5.3,Variant_B,United Kingdom
usr_009048,2026-06-16,2026-06-16 07:09:24,Meta Ads (Instagram),Android,v2.5.3,Control_A,Germany
usr_009049,2026-06-09,2026-06-09 10:33:52,Referral,Android,v2.5.3,Control_A,Canada
usr_009050,2026-06-25,2026-06-25 03:50:28,Paid Search (Google),Android,v2.5.2,Variant_B,India
usr_009051,2026-08-15,2026-08-15 19:31:47,Paid Search (Google),Android,v2.5.3,Control_A,United Kingdom
usr_009052,2026-07-16,2026-07-16 18:16:30,Meta Ads (Instagram),iOS,v2.5.1,Variant_B,Canada
usr_009053,2026-07-04,2026-07-04 13:57:08,Meta Ads (Instagram),iOS,v2.5.3,Variant_B,Germany
usr_009054,2026-07-23,2026-07-23 16:47:08,Meta Ads (Instagram),iOS,v2.5.1,Variant_B,India
usr_009055,2026-06-26,2026-06-26 07:52:07,Influencer Campaign,iOS,v2.5.3,Control_A,Canada
usr_009056,2026-07-09,2026-07-09 18:48:02,Meta Ads (Instagram),iOS,v2.5.2,Control_A,Germany
usr_009057,2026-07-04,2026-07-04 16:31:39,Influencer Campaign,Android,v2.5.2,Control_A,United Kingdom
usr_009058,2026-07-30,2026-07-30 08:45:34,Paid Search (Google),Android,v2.5.2,Control_A,United Kingdom
usr_009059,2026-08-12,2026-08-12 06:39:17,Meta Ads (Instagram),Web,v3.1.0-web,Control_A,United Kingdom
usr_009060,2026-08-09,2026-08-09 01:32:31,Influencer Campaign,iOS,v2.5.3,Variant_B,Canada
usr_009061,2026-06-22,2026-06-22 19:37:21,Referral,iOS,v2.5.2,Control_A,India
usr_009062,2026-06-02,2026-06-02 23:51:21,Paid Search (Google),iOS,v2.5.1,Control_A,United Kingdom
usr_009063,2026-08-09,2026-08-09 07:04:28,Paid Search (Google),iOS,v2.5.2,Control_A,United Kingdom
usr_009064,2026-08-15,2026-08-15 22:41:33,Organic Search,iOS,v2.5.2,Control_A,Canada
usr_009065,2026-07-05,2026-07-05 01:57:42,Meta Ads (Instagram),Android,v2.5.3,Variant_B,United States
usr_009066,2026-07-22,2026-07-22 09:38:58,Meta Ads (Instagram),iOS,v2.5.1,Control_A,India
usr_009067,2026-07-30,2026-07-30 18:12:05,Referral,iOS,v2.5.1,Variant_B,India
usr_009068,2026-07-22,2026-07-22 11:11:58,Organic Search,Android,v2.5.3,Variant_B,India
usr_009069,2026-07-22,2026-07-22 01:13:00,Paid Search (Google),iOS,v2.5.2,Variant_B,Germany
usr_009070,2026-08-18,2026-08-18 20:35:07,Meta Ads (Instagram),iOS,v2.5.2,Control_A,India
usr_009071,2026-07-13,2026-07-13 06:12:23,Organic Search,Android,v2.5.3,Control_A,United Kingdom
usr_009072,2026-08-28,2026-08-28 14:42:21,Meta Ads (Instagram),iOS,v2.5.1,Variant_B,United States
usr_009073,2026-06-15,2026-06-15 15:14:33,Organic Search,Web,v3.1.0-web,Variant_B,United States
usr_009074,2026-08-16,2026-08-16 17:26:10,Organic Search,iOS,v2.5.3,Variant_B,United Kingdom
usr_009075,2026-07-17,2026-07-17 03:10:22,Referral,Android,v2.5.1,Control_A,India
usr_009076,2026-07-01,2026-07-01 03:30:45,Meta Ads (Instagram),Web,v3.1.0-web,Variant_B,United Kingdom
usr_009077,2026-07-01,2026-07-01 08:08:54,Paid Search (Google),Android,v2.5.3,Variant_B,United Kingdom
usr_009078,2026-06-03,2026-06-03 22:17:21,Meta Ads (Instagram),Android,v2.5.2,Variant_B,United States
usr_009079,2026-06-06,2026-06-06 12:47:20,Paid Search (Google),Android,v2.5.2,Control_A,United Kingdom
usr_009080,2026-07-20,2026-07-20 15:05:40,Paid Search (Google),iOS,v2.5.1,Control_A,India
usr_009081,2026-08-06,2026-08-06 11:56:52,Paid Search (Google),iOS,v2.5.1,Control_A,India
usr_009082,2026-08-21,2026-08-21 00:13:08,Meta Ads (Instagram),Android,v2.5.1,Variant_B,United States
usr_009083,2026-07-26,2026-07-26 23:57:02,Paid Search (Google),Android,v2.5.3,Control_A,Germany
usr_009084,2026-07-11,2026-07-11 08:23:42,Meta Ads (Instagram),Web,v3.1.0-web,Variant_B,Canada
usr_009085,2026-06-18,2026-06-18 01:11:02,Influencer Campaign,Android,v2.5.1,Variant_B,United Kingdom
usr_009086,2026-07-01,2026-07-01 08:24:36,Meta Ads (Instagram),iOS,v2.5.3,Variant_B,Canada
usr_009087,2026-06-14,2026-06-14 09:41:57,Organic Search,Android,v2.5.2,Variant_B,Germany
usr_009088,2026-08-19,2026-08-19 19:11:51,Meta Ads (Instagram),Android,v2.5.1,Variant_B,Germany
usr_009089,2026-07-30,2026-07-30 00:39:55,Organic Search,Android,v2.5.1,Variant_B,India
usr_009090,2026-08-05,2026-08-05 06:24:42,Organic Search,Android,v2.5.2,Variant_B,India
usr_009091,2026-06-04,2026-06-04 05:19:00,Organic Search,Web,v3.1.0-web,Control_A,India
usr_009092,2026-06-07,2026-06-07 06:28:05,Influencer Campaign,Android,v2.5.1,Variant_B,United States
usr_009093,2026-07-16,2026-07-16 22:13:35,Paid Search (Google),iOS,v2.5.3,Variant_B,Canada
usr_009094,2026-08-02,2026-08-02 09:10:06,Meta Ads (Instagram),Android,v2.5.2,Control_A,India
usr_009095,2026-07-26,2026-07-26 15:38:19,Organic Search,iOS,v2.5.2,Control_A,Germany
usr_009096,2026-07-05,2026-07-05 05:47:57,Meta Ads (Instagram),Android,v2.5.3,Variant_B,United Kingdom
usr_009097,2026-07-23,2026-07-23 16:30:22,Paid Search (Google),Android,v2.5.1,Control_A,Germany
usr_009098,2026-06-10,2026-06-10 22:14:09,Organic Search,iOS,v2.5.1,Variant_B,United States
usr_009099,2026-07-05,2026-07-05 04:15:34,Meta Ads (Instagram),Android,v2.5.1,Control_A,United Kingdom
usr_009100,2026-08-14,2026-08-14 17:09:08,Paid Search (Google),Android,v2.5.3,Variant_B,United Kingdom
usr_009101,2026-08-08,2026-08-08 05:09:27,Meta Ads (Instagram),Android,v2.5.3,Control_A,United States
usr_009102,2026-07-22,2026-07-22 05:35:03,Referral,iOS,v2.5.3,Control_A,United Kingdom
usr_009103,2026-06-30,2026-06-30 00:37:03,Meta Ads (Instagram),Web,v3.1.0-web,Variant_B,India
usr_009104,2026-07-22,2026-07-22 17:57:30,Referral,Android,v2.5.3,Control_A,India
usr_009105,2026-06-28,2026-06-28 21:55:54,Referral,iOS,v2.5.3,Control_A,United Kingdom
usr_009106,2026-06-23,2026-06-23 23:45:48,Paid Search (Google),Android,v2.5.1,Variant_B,United Kingdom
usr_009107,2026-08-17,2026-08-17 21:41:55,Meta Ads (Instagram),iOS,v2.5.1,Variant_B,United States
usr_009108,2026-07-10,2026-07-10 15:40:49,Referral,iOS,v2.5.2,Control_A,United States
usr_009109,2026-07-04,2026-07-04 14:26:11,Influencer Campaign,iOS,v2.5.3,Variant_B,United Kingdom
usr_009110,2026-07-14,2026-07-14 18:14:47,Paid Search (Google),Android,v2.5.1,Variant_B,India
usr_009111,2026-07-24,2026-07-24 09:41:02,Referral,Android,v2.5.3,Control_A,Canada
usr_009112,2026-08-11,2026-08-11 10:10:56,Meta Ads (Instagram),Android,v2.5.1,Variant_B,India
usr_009113,2026-08-26,2026-08-26 16:55:55,Meta Ads (Instagram),Android,v2.5.1,Variant_B,United States
usr_009114,2026-08-12,2026-08-12 15:16:37,Referral,Web,v3.1.0-web,Control_A,United States
usr_009115,2026-08-28,2026-08-28 09:20:42,Paid Search (Google),Android,v2.5.3,Control_A,United States
usr_009116,2026-06-27,2026-06-27 09:32:34,Meta Ads (Instagram),iOS,v2.5.2,Variant_B,United States
usr_009117,2026-06-22,2026-06-22 10:40:18,Meta Ads (Instagram),iOS,v2.5.2,Control_A,Germany
usr_009118,2026-07-23,2026-07-23 09:10:36,Meta Ads (Instagram),Android,v2.5.1,Control_A,Canada
usr_009119,2026-07-11,2026-07-11 13:34:13,Meta Ads (Instagram),iOS,v2.5.1,Control_A,Germany
usr_009120,2026-08-29,2026-08-29 11:39:57,Organic Search,iOS,v2.5.3,Variant_B,United States
usr_009121,2026-07-04,2026-07-04 16:08:36,Paid Search (Google),Android,v2.5.2,Control_A,Canada
usr_009122,2026-08-19,2026-08-19 16:08:04,Paid Search (Google),Android,v2.5.3,Control_A,India
usr_009123,2026-07-13,2026-07-13 00:12:50,Meta Ads (Instagram),Android,v2.5.3,Control_A,United Kingdom
usr_009124,2026-06-27,2026-06-27 15:42:20,Referral,iOS,v2.5.2,Variant_B,United Kingdom
usr_009125,2026-07-21,2026-07-21 20:11:11,Organic Search,Android,v2.5.1,Control_A,United Kingdom
usr_009126,2026-08-07,2026-08-07 22:02:37,Influencer Campaign,iOS,v2.5.2,Control_A,Canada
usr_009127,2026-08-13,2026-08-13 12:24:04,Organic Search,Android,v2.5.3,Control_A,United Kingdom
usr_009128,2026-08-28,2026-08-28 12:49:32,Organic Search,iOS,v2.5.2,Control_A,India
usr_009129,2026-06-05,2026-06-05 06:17:07,Organic Search,Android,v2.5.2,Control_A,United Kingdom
usr_009130,2026-07-14,2026-07-14 16:40:09,Organic Search,iOS,v2.5.3,Variant_B,India
usr_009131,2026-06-02,2026-06-02 11:04:11,Meta Ads (Instagram),iOS,v2.5.2,Control_A,Canada
usr_009132,2026-07-29,2026-07-29 04:16:22,Meta Ads (Instagram),iOS,v2.5.1,Variant_B,United States
usr_009133,2026-07-03,2026-07-03 16:49:17,Paid Search (Google),iOS,v2.5.2,Control_A,United Kingdom
usr_009134,2026-08-14,2026-08-14 19:46:16,Organic Search,Android,v2.5.2,Variant_B,Germany
usr_009135,2026-06-19,2026-06-19 20:56:45,Paid Search (Google),iOS,v2.5.2,Variant_B,Germany
usr_009136,2026-06-15,2026-06-15 02:38:08,Referral,Android,v2.5.2,Variant_B,Germany
usr_009137,2026-07-08,2026-07-08 17:00:24,Organic Search,Web,v3.1.0-web,Variant_B,Canada
usr_009138,2026-06-30,2026-06-30 20:22:35,Meta Ads (Instagram),Web,v3.1.0-web,Control_A,United Kingdom
usr_009139,2026-06-06,2026-06-06 15:05:36,Meta Ads (Instagram),Android,v2.5.3,Variant_B,Canada
usr_009140,2026-07-07,2026-07-07 06:53:40,Influencer Campaign,iOS,v2.5.3,Control_A,United States
usr_009141,2026-06-02,2026-06-02 20:56:47,Meta Ads (Instagram),Web,v3.1.0-web,Variant_B,Canada
usr_009142,2026-06-21,2026-06-21 15:35:18,Referral,Android,v2.5.1,Variant_B,Germany
usr_009143,2026-07-21,2026-07-21 10:58:45,Meta Ads (Instagram),Web,v3.1.0-web,Control_A,Canada
usr_009144,2026-06-20,2026-06-20 16:06:05,Paid Search (Google),Android,v2.5.2,Variant_B,United States
usr_009145,2026-08-24,2026-08-24 13:37:16,Paid Search (Google),Android,v2.5.3,Control_A,United States
usr_009146,2026-06-13,2026-06-13 22:28:29,Meta Ads (Instagram),iOS,v2.5.1,Control_A,Germany
usr_009147,2026-06-27,2026-06-27 01:21:52,Influencer Campaign,Android,v2.5.1,Control_A,India
usr_009148,2026-07-31,2026-07-31 16:50:22,Influencer Campaign,iOS,v2.5.3,Control_A,Canada
usr_009149,2026-08-25,2026-08-25 13:08:20,Meta Ads (Instagram),Android,v2.5.1,Variant_B,United Kingdom
usr_009150,2026-06-16,2026-06-16 17:32:25,Influencer Campaign,Android,v2.5.1,Control_A,United Kingdom
usr_009151,2026-08-10,2026-08-10 01:36:10,Meta Ads (Instagram),Android,v2.5.3,Control_A,Canada
usr_009152,2026-06-20,2026-06-20 18:58:43,Organic Search,Web,v3.1.0-web,Control_A,United States
usr_009153,2026-07-21,2026-07-21 20:56:54,Influencer Campaign,iOS,v2.5.1,Variant_B,Germany
usr_009154,2026-06-27,2026-06-27 18:14:42,Paid Search (Google),Android,v2.5.2,Control_A,Germany
usr_009155,2026-06-14,2026-06-14 01:46:25,Organic Search,iOS,v2.5.3,Variant_B,Germany
usr_009156,2026-06-01,2026-06-01 14:26:00,Organic Search,Android,v2.5.3,Variant_B,United Kingdom
usr_009157,2026-07-04,2026-07-04 14:48:15,Paid Search (Google),Android,v2.5.1,Control_A,United States
usr_009158,2026-08-21,2026-08-21 00:39:41,Meta Ads (Instagram),iOS,v2.5.3,Variant_B,Germany
usr_009159,2026-07-06,2026-07-06 03:07:23,Influencer Campaign,Android,v2.5.3,Control_A,India
usr_009160,2026-07-19,2026-07-19 06:08:50,Referral,iOS,v2.5.2,Control_A,Canada
usr_009161,2026-06-17,2026-06-17 21:37:29,Meta Ads (Instagram),iOS,v2.5.2,Control_A,Canada
usr_009162,2026-06-18,2026-06-18 07:15:56,Meta Ads (Instagram),iOS,v2.5.2,Control_A,United Kingdom
usr_009163,2026-06-29,2026-06-29 23:40:28,Meta Ads (Instagram),Android,v2.5.3,Variant_B,Germany
usr_009164,2026-08-18,2026-08-18 01:06:49,Meta Ads (Instagram),Android,v2.5.3,Variant_B,Germany
usr_009165,2026-07-01,2026-07-01 21:50:31,Referral,iOS,v2.5.2,Variant_B,Germany
usr_009166,2026-06-05,2026-06-05 14:01:17,Paid Search (Google),Android,v2.5.1,Control_A,India
usr_009167,2026-08-25,2026-08-25 16:34:23,Paid Search (Google),iOS,v2.5.3,Variant_B,United States
usr_009168,2026-07-19,2026-07-19 09:15:10,Meta Ads (Instagram),iOS,v2.5.3,Control_A,United Kingdom
usr_009169,2026-08-06,2026-08-06 18:07:50,Referral,iOS,v2.5.2,Variant_B,United States
usr_009170,2026-08-12,2026-08-12 13:39:39,Paid Search (Google),iOS,v2.5.3,Variant_B,Germany
usr_009171,2026-06-28,2026-06-28 23:22:10,Organic Search,Android,v2.5.3,Control_A,India
usr_009172,2026-07-23,2026-07-23 20:30:19,Meta Ads (Instagram),Android,v2.5.3,Variant_B,United Kingdom
usr_009173,2026-06-14,2026-06-14 02:52:00,Influencer Campaign,iOS,v2.5.2,Variant_B,United States
usr_009174,2026-07-03,2026-07-03 21:49:31,Paid Search (Google),Android,v2.5.3,Variant_B,United States
usr_009175,2026-06-14,2026-06-14 13:01:55,Meta Ads (Instagram),iOS,v2.5.1,Variant_B,United States
usr_009176,2026-07-17,2026-07-17 11:15:19,Organic Search,Android,v2.5.1,Variant_B,Canada
usr_009177,2026-08-27,2026-08-27 07:58:46,Paid Search (Google),iOS,v2.5.1,Control_A,India
usr_009178,2026-07-20,2026-07-20 01:29:19,Paid Search (Google),iOS,v2.5.1,Variant_B,Germany
usr_009179,2026-07-15,2026-07-15 05:07:11,Organic Search,Android,v2.5.2,Control_A,United Kingdom
usr_009180,2026-08-14,2026-08-14 00:08:46,Meta Ads (Instagram),iOS,v2.5.2,Variant_B,India
usr_009181,2026-06-15,2026-06-15 08:02:14,Organic Search,iOS,v2.5.2,Variant_B,Canada
usr_009182,2026-07-20,2026-07-20 04:00:35,Meta Ads (Instagram),Web,v3.1.0-web,Control_A,Canada
usr_009183,2026-07-08,2026-07-08 16:47:30,Organic Search,Android,v2.5.2,Control_A,India
usr_009184,2026-07-10,2026-07-10 02:46:45,Organic Search,Web,v3.1.0-web,Variant_B,India
usr_009185,2026-06-04,2026-06-04 09:54:15,Paid Search (Google),iOS,v2.5.3,Control_A,United Kingdom
usr_009186,2026-06-01,2026-06-01 22:29:14,Referral,Android,v2.5.3,Variant_B,India
usr_009187,2026-08-04,2026-08-04 02:51:22,Meta Ads (Instagram),iOS,v2.5.3,Control_A,United States
usr_009188,2026-07-04,2026-07-04 21:58:47,Meta Ads (Instagram),Android,v2.5.1,Control_A,United Kingdom
usr_009189,2026-06-17,2026-06-17 11:58:04,Meta Ads (Instagram),Android,v2.5.1,Control_A,United Kingdom
usr_009190,2026-08-14,2026-08-14 01:31:54,Meta Ads (Instagram),Android,v2.5.2,Control_A,United Kingdom
usr_009191,2026-07-10,2026-07-10 15:14:16,Meta Ads (Instagram),Web,v3.1.0-web,Variant_B,India
usr_009192,2026-06-23,2026-06-23 11:12:41,Meta Ads (Instagram),Web,v3.1.0-web,Variant_B,United Kingdom
usr_009193,2026-07-14,2026-07-14 02:21:38,Meta Ads (Instagram),iOS,v2.5.1,Variant_B,United States
usr_009194,2026-06-10,2026-06-10 10:33:27,Organic Search,iOS,v2.5.2,Control_A,Germany
usr_009195,2026-08-17,2026-08-17 10:19:54,Meta Ads (Instagram),Android,v2.5.2,Variant_B,United States
usr_009196,2026-08-16,2026-08-16 00:46:44,Meta Ads (Instagram),iOS,v2.5.1,Variant_B,United States
usr_009197,2026-06-08,2026-06-08 13:30:56,Organic Search,Android,v2.5.1,Control_A,United Kingdom
usr_009198,2026-08-25,2026-08-25 21:28:41,Referral,iOS,v2.5.1,Control_A,United Kingdom
usr_009199,2026-06-25,2026-06-25 13:59:20,Meta Ads (Instagram),Android,v2.5.2,Control_A,Germany
usr_009200,2026-07-05,2026-07-05 08:18:50,Meta Ads (Instagram),Android,v2.5.3,Control_A,United Kingdom
usr_009201,2026-07-05,2026-07-05 22:48:00,Organic Search,iOS,v2.5.2,Variant_B,Germany
usr_009202,2026-07-27,2026-07-27 03:10:07,Paid Search (Google),Android,v2.5.1,Control_A,United States
usr_009203,2026-06-06,2026-06-06 17:29:12,Paid Search (Google),Android,v2.5.2,Variant_B,Germany
usr_009204,2026-06-19,2026-06-19 02:44:20,Influencer Campaign,iOS,v2.5.1,Variant_B,United States
usr_009205,2026-07-23,2026-07-23 06:47:06,Referral,Android,v2.5.2,Variant_B,United States
usr_009206,2026-08-06,2026-08-06 06:49:17,Paid Search (Google),Android,v2.5.1,Variant_B,United Kingdom
usr_009207,2026-08-26,2026-08-26 04:22:24,Organic Search,Android,v2.5.1,Control_A,United Kingdom
usr_009208,2026-06-09,2026-06-09 07:13:36,Influencer Campaign,iOS,v2.5.3,Variant_B,Canada
usr_009209,2026-06-25,2026-06-25 23:54:01,Organic Search,iOS,v2.5.2,Variant_B,United Kingdom
usr_009210,2026-06-05,2026-06-05 22:34:39,Meta Ads (Instagram),Android,v2.5.1,Control_A,Canada
usr_009211,2026-08-11,2026-08-11 04:39:44,Meta Ads (Instagram),iOS,v2.5.3,Control_A,United Kingdom
usr_009212,2026-08-13,2026-08-13 03:20:05,Paid Search (Google),iOS,v2.5.1,Variant_B,Canada
usr_009213,2026-07-27,2026-07-27 22:24:34,Meta Ads (Instagram),Web,v3.1.0-web,Variant_B,Germany
usr_009214,2026-07-04,2026-07-04 22:26:03,Influencer Campaign,iOS,v2.5.3,Control_A,United States
usr_009215,2026-07-20,2026-07-20 03:31:53,Paid Search (Google),Android,v2.5.2,Control_A,United Kingdom
usr_009216,2026-07-19,2026-07-19 03:57:29,Organic Search,Android,v2.5.2,Variant_B,India
usr_009217,2026-06-27,2026-06-27 05:12:07,Organic Search,Android,v2.5.1,Control_A,United States
usr_009218,2026-08-23,2026-08-23 09:52:32,Organic Search,Android,v2.5.2,Control_A,United States
usr_009219,2026-06-26,2026-06-26 19:15:52,Influencer Campaign,Android,v2.5.2,Control_A,United Kingdom
usr_009220,2026-06-02,2026-06-02 21:11:05,Organic Search,Android,v2.5.1,Control_A,Germany
usr_009221,2026-08-17,2026-08-17 09:25:22,Organic Search,Android,v2.5.1,Control_A,Germany
usr_009222,2026-07-30,2026-07-30 23:29:56,Meta Ads (Instagram),Android,v2.5.1,Control_A,Canada
usr_009223,2026-06-12,2026-06-12 10:14:58,Organic Search,Android,v2.5.3,Control_A,India
usr_009224,2026-08-14,2026-08-14 20:47:31,Meta Ads (Instagram),Android,v2.5.1,Control_A,Germany
usr_009225,2026-08-06,2026-08-06 22:01:03,Referral,iOS,v2.5.1,Variant_B,United Kingdom
usr_009226,2026-08-25,2026-08-25 02:43:43,Referral,Android,v2.5.2,Control_A,Germany
usr_009227,2026-07-23,2026-07-23 21:47:06,Organic Search,iOS,v2.5.3,Control_A,Canada
usr_009228,2026-06-14,2026-06-14 03:39:13,Organic Search,iOS,v2.5.2,Control_A,India
usr_009229,2026-08-04,2026-08-04 01:36:43,Organic Search,iOS,v2.5.3,Variant_B,Germany
usr_009230,2026-07-21,2026-07-21 02:56:18,Referral,Android,v2.5.1,Variant_B,Canada
usr_009231,2026-06-07,2026-06-07 15:16:19,Meta Ads (Instagram),iOS,v2.5.3,Control_A,Canada
usr_009232,2026-08-07,2026-08-07 17:20:03,Meta Ads (Instagram),Android,v2.5.1,Variant_B,Germany
usr_009233,2026-07-03,2026-07-03 20:11:59,Meta Ads (Instagram),iOS,v2.5.3,Control_A,United States
usr_009234,2026-08-03,2026-08-03 20:14:22,Influencer Campaign,Android,v2.5.1,Variant_B,Germany
usr_009235,2026-08-25,2026-08-25 09:57:59,Referral,iOS,v2.5.1,Control_A,United States
usr_009236,2026-07-29,2026-07-29 11:58:28,Meta Ads (Instagram),Android,v2.5.1,Variant_B,Canada
usr_009237,2026-07-08,2026-07-08 02:25:24,Organic Search,iOS,v2.5.2,Control_A,India
usr_009238,2026-07-10,2026-07-10 09:48:11,Meta Ads (Instagram),iOS,v2.5.2,Control_A,United Kingdom
usr_009239,2026-06-04,2026-06-04 08:00:39,Referral,Android,v2.5.3,Control_A,Germany
usr_009240,2026-06-14,2026-06-14 05:45:14,Meta Ads (Instagram),Web,v3.1.0-web,Control_A,Canada
usr_009241,2026-07-10,2026-07-10 09:32:47,Meta Ads (Instagram),iOS,v2.5.3,Control_A,Canada
usr_009242,2026-08-10,2026-08-10 05:27:29,Paid Search (Google),iOS,v2.5.3,Variant_B,India
usr_009243,2026-07-22,2026-07-22 17:45:12,Paid Search (Google),iOS,v2.5.2,Variant_B,India
usr_009244,2026-08-24,2026-08-24 13:12:17,Referral,iOS,v2.5.2,Control_A,India
usr_009245,2026-08-07,2026-08-07 16:50:51,Meta Ads (Instagram),Android,v2.5.1,Control_A,United Kingdom
usr_009246,2026-07-26,2026-07-26 09:46:24,Influencer Campaign,iOS,v2.5.3,Control_A,Canada
usr_009247,2026-08-18,2026-08-18 05:00:57,Meta Ads (Instagram),Android,v2.5.1,Variant_B,Canada
usr_009248,2026-07-13,2026-07-13 11:25:38,Meta Ads (Instagram),Android,v2.5.2,Control_A,Germany
usr_009249,2026-07-08,2026-07-08 17:25:20,Meta Ads (Instagram),Android,v2.5.1,Variant_B,United Kingdom
usr_009250,2026-07-22,2026-07-22 12:33:28,Paid Search (Google),Android,v2.5.1,Control_A,Germany
usr_009251,2026-06-23,2026-06-23 18:26:32,Organic Search,iOS,v2.5.3,Variant_B,Canada
usr_009252,2026-06-15,2026-06-15 23:14:33,Referral,Web,v3.1.0-web,Variant_B,United Kingdom
usr_009253,2026-08-03,2026-08-03 05:31:13,Referral,Web,v3.1.0-web,Control_A,Canada
usr_009254,2026-07-24,2026-07-24 04:07:59,Meta Ads (Instagram),Android,v2.5.2,Variant_B,India
usr_009255,2026-06-29,2026-06-29 05:21:52,Meta Ads (Instagram),iOS,v2.5.2,Control_A,India
usr_009256,2026-08-15,2026-08-15 22:16:00,Organic Search,iOS,v2.5.2,Control_A,Canada
usr_009257,2026-08-26,2026-08-26 22:42:20,Referral,Android,v2.5.3,Control_A,India
usr_009258,2026-07-24,2026-07-24 17:46:09,Paid Search (Google),iOS,v2.5.1,Variant_B,Canada
usr_009259,2026-07-22,2026-07-22 12:41:21,Referral,Web,v3.1.0-web,Variant_B,United States
usr_009260,2026-07-07,2026-07-07 12:34:30,Paid Search (Google),Android,v2.5.3,Control_A,United Kingdom
usr_009261,2026-08-02,2026-08-02 13:58:24,Meta Ads (Instagram),Android,v2.5.3,Control_A,United States
usr_009262,2026-07-17,2026-07-17 13:41:26,Organic Search,iOS,v2.5.1,Variant_B,Germany
usr_009263,2026-07-18,2026-07-18 00:35:03,Organic Search,iOS,v2.5.3,Variant_B,India
usr_009264,2026-07-19,2026-07-19 20:05:17,Referral,iOS,v2.5.3,Variant_B,Canada
usr_009265,2026-07-21,2026-07-21 06:19:23,Organic Search,iOS,v2.5.3,Control_A,United States
usr_009266,2026-07-10,2026-07-10 23:50:50,Meta Ads (Instagram),iOS,v2.5.2,Control_A,India
usr_009267,2026-08-22,2026-08-22 15:49:12,Organic Search,iOS,v2.5.3,Control_A,United Kingdom
usr_009268,2026-08-24,2026-08-24 05:43:50,Paid Search (Google),iOS,v2.5.1,Variant_B,Canada
usr_009269,2026-07-29,2026-07-29 03:12:41,Meta Ads (Instagram),Android,v2.5.3,Control_A,Canada
usr_009270,2026-07-05,2026-07-05 16:31:29,Organic Search,Android,v2.5.2,Control_A,India
usr_009271,2026-08-18,2026-08-18 08:36:45,Paid Search (Google),Android,v2.5.1,Variant_B,India
usr_009272,2026-06-28,2026-06-28 14:30:02,Referral,iOS,v2.5.3,Variant_B,India
usr_009273,2026-06-10,2026-06-10 05:27:31,Paid Search (Google),Android,v2.5.3,Variant_B,Canada
usr_009274,2026-06-08,2026-06-08 10:26:19,Meta Ads (Instagram),Android,v2.5.2,Control_A,India
usr_009275,2026-06-03,2026-06-03 21:38:46,Paid Search (Google),Android,v2.5.1,Control_A,Canada
usr_009276,2026-06-21,2026-06-21 08:53:46,Paid Search (Google),Web,v3.1.0-web,Control_A,United Kingdom
usr_009277,2026-08-16,2026-08-16 18:20:51,Meta Ads (Instagram),Web,v3.1.0-web,Variant_B,Canada
usr_009278,2026-06-20,2026-06-20 11:45:58,Meta Ads (Instagram),Android,v2.5.2,Variant_B,United Kingdom
usr_009279,2026-08-23,2026-08-23 23:38:19,Referral,Android,v2.5.2,Control_A,Canada
usr_009280,2026-07-24,2026-07-24 04:46:18,Referral,iOS,v2.5.1,Variant_B,United Kingdom
usr_009281,2026-08-07,2026-08-07 19:24:49,Influencer Campaign,iOS,v2.5.1,Control_A,Canada
usr_009282,2026-06-30,2026-06-30 10:26:05,Referral,Android,v2.5.1,Variant_B,Germany
usr_009283,2026-07-12,2026-07-12 01:01:35,Referral,iOS,v2.5.2,Control_A,Canada
usr_009284,2026-08-28,2026-08-28 21:34:15,Organic Search,Android,v2.5.2,Variant_B,Germany
usr_009285,2026-06-08,2026-06-08 02:59:56,Meta Ads (Instagram),iOS,v2.5.2,Control_A,Canada
usr_009286,2026-06-23,2026-06-23 11:20:31,Meta Ads (Instagram),Android,v2.5.2,Variant_B,Germany
usr_009287,2026-07-15,2026-07-15 04:54:37,Meta Ads (Instagram),iOS,v2.5.3,Control_A,India
usr_009288,2026-06-18,2026-06-18 01:40:05,Paid Search (Google),Android,v2.5.2,Control_A,United Kingdom
usr_009289,2026-08-28,2026-08-28 12:45:22,Meta Ads (Instagram),iOS,v2.5.1,Control_A,Germany
usr_009290,2026-07-08,2026-07-08 10:54:16,Organic Search,Android,v2.5.2,Control_A,United Kingdom
usr_009291,2026-08-23,2026-08-23 10:48:22,Influencer Campaign,Android,v2.5.2,Control_A,United States
usr_009292,2026-08-27,2026-08-27 03:00:13,Meta Ads (Instagram),iOS,v2.5.3,Variant_B,India
usr_009293,2026-06-07,2026-06-07 02:01:05,Paid Search (Google),Android,v2.5.3,Variant_B,United Kingdom
usr_009294,2026-07-03,2026-07-03 22:19:40,Paid Search (Google),Android,v2.5.2,Variant_B,Canada
usr_009295,2026-08-01,2026-08-01 14:31:28,Influencer Campaign,iOS,v2.5.3,Control_A,United States
usr_009296,2026-08-15,2026-08-15 04:20:05,Paid Search (Google),Android,v2.5.3,Control_A,Germany
usr_009297,2026-07-19,2026-07-19 20:57:46,Paid Search (Google),Android,v2.5.3,Control_A,India
usr_009298,2026-08-03,2026-08-03 07:34:37,Organic Search,iOS,v2.5.1,Control_A,Germany
usr_009299,2026-08-03,2026-08-03 14:08:07,Meta Ads (Instagram),Android,v2.5.3,Variant_B,India
usr_009300,2026-06-22,2026-06-22 06:27:07,Referral,Android,v2.5.2,Control_A,Canada
usr_009301,2026-08-11,2026-08-11 21:01:02,Organic Search,Web,v3.1.0-web,Variant_B,United States
usr_009302,2026-08-16,2026-08-16 12:12:30,Organic Search,Android,v2.5.2,Control_A,United States
usr_009303,2026-08-17,2026-08-17 20:24:31,Paid Search (Google),iOS,v2.5.2,Control_A,United Kingdom
usr_009304,2026-08-09,2026-08-09 21:34:24,Paid Search (Google),Android,v2.5.3,Variant_B,India
usr_009305,2026-06-20,2026-06-20 21:39:47,Meta Ads (Instagram),iOS,v2.5.1,Variant_B,India
usr_009306,2026-08-06,2026-08-06 19:29:14,Meta Ads (Instagram),iOS,v2.5.3,Control_A,United Kingdom
usr_009307,2026-07-24,2026-07-24 03:11:04,Paid Search (Google),Web,v3.1.0-web,Control_A,United States
usr_009308,2026-08-01,2026-08-01 11:26:04,Influencer Campaign,iOS,v2.5.3,Variant_B,United States
usr_009309,2026-07-03,2026-07-03 09:04:40,Referral,Android,v2.5.1,Control_A,Germany
usr_009310,2026-06-28,2026-06-28 22:31:46,Organic Search,iOS,v2.5.1,Variant_B,United States
usr_009311,2026-08-10,2026-08-10 01:08:30,Organic Search,Android,v2.5.1,Variant_B,Canada
usr_009312,2026-06-06,2026-06-06 07:46:00,Organic Search,iOS,v2.5.3,Variant_B,United Kingdom
usr_009313,2026-06-18,2026-06-18 20:45:51,Meta Ads (Instagram),iOS,v2.5.2,Variant_B,India
usr_009314,2026-07-29,2026-07-29 22:47:52,Referral,Android,v2.5.3,Control_A,Canada
usr_009315,2026-08-29,2026-08-29 20:39:37,Organic Search,Web,v3.1.0-web,Variant_B,United States
usr_009316,2026-06-12,2026-06-12 02:17:16,Meta Ads (Instagram),iOS,v2.5.1,Control_A,Germany
usr_009317,2026-08-17,2026-08-17 07:55:57,Paid Search (Google),Web,v3.1.0-web,Control_A,United States
usr_009318,2026-07-03,2026-07-03 23:57:11,Paid Search (Google),iOS,v2.5.1,Variant_B,Canada
usr_009319,2026-08-28,2026-08-28 15:45:34,Meta Ads (Instagram),iOS,v2.5.1,Control_A,United Kingdom
usr_009320,2026-07-07,2026-07-07 07:07:36,Meta Ads (Instagram),iOS,v2.5.3,Variant_B,India
usr_009321,2026-07-07,2026-07-07 02:44:28,Referral,iOS,v2.5.2,Control_A,Germany
usr_009322,2026-07-22,2026-07-22 20:42:36,Meta Ads (Instagram),iOS,v2.5.1,Variant_B,United Kingdom
usr_009323,2026-07-06,2026-07-06 10:40:31,Paid Search (Google),iOS,v2.5.1,Variant_B,Germany
usr_009324,2026-08-23,2026-08-23 17:50:22,Paid Search (Google),iOS,v2.5.1,Variant_B,United Kingdom
usr_009325,2026-06-05,2026-06-05 12:48:14,Meta Ads (Instagram),iOS,v2.5.3,Variant_B,India
usr_009326,2026-08-12,2026-08-12 19:18:29,Paid Search (Google),Android,v2.5.1,Control_A,United Kingdom
usr_009327,2026-08-05,2026-08-05 20:31:50,Paid Search (Google),Android,v2.5.3,Variant_B,United Kingdom
usr_009328,2026-06-15,2026-06-15 04:21:11,Paid Search (Google),Android,v2.5.1,Control_A,India
usr_009329,2026-08-06,2026-08-06 03:24:46,Organic Search,iOS,v2.5.2,Control_A,Canada
usr_009330,2026-07-18,2026-07-18 10:23:31,Meta Ads (Instagram),Android,v2.5.1,Control_A,United States
usr_009331,2026-06-01,2026-06-01 04:02:32,Paid Search (Google),Android,v2.5.1,Variant_B,United Kingdom
usr_009332,2026-08-18,2026-08-18 14:18:10,Paid Search (Google),Android,v2.5.1,Control_A,United States
usr_009333,2026-06-07,2026-06-07 22:08:41,Meta Ads (Instagram),Android,v2.5.2,Control_A,India
usr_009334,2026-06-16,2026-06-16 15:51:12,Meta Ads (Instagram),Android,v2.5.1,Control_A,United States
usr_009335,2026-06-24,2026-06-24 04:35:03,Paid Search (Google),Android,v2.5.1,Variant_B,United Kingdom
usr_009336,2026-07-13,2026-07-13 08:01:14,Paid Search (Google),Android,v2.5.3,Variant_B,United Kingdom
usr_009337,2026-08-17,2026-08-17 07:01:45,Meta Ads (Instagram),Android,v2.5.1,Control_A,United States
usr_009338,2026-08-04,2026-08-04 15:27:12,Meta Ads (Instagram),Android,v2.5.1,Variant_B,United States
usr_009339,2026-07-23,2026-07-23 00:29:03,Paid Search (Google),Android,v2.5.3,Control_A,Canada
usr_009340,2026-06-17,2026-06-17 22:08:50,Meta Ads (Instagram),Android,v2.5.3,Control_A,Canada
usr_009341,2026-08-28,2026-08-28 12:08:10,Referral,Android,v2.5.1,Variant_B,United States
usr_009342,2026-06-12,2026-06-12 06:17:43,Meta Ads (Instagram),iOS,v2.5.3,Control_A,Germany
usr_009343,2026-08-23,2026-08-23 19:51:38,Meta Ads (Instagram),Android,v2.5.2,Variant_B,India
usr_009344,2026-08-17,2026-08-17 21:26:14,Paid Search (Google),iOS,v2.5.2,Control_A,India
usr_009345,2026-08-26,2026-08-26 09:06:11,Influencer Campaign,iOS,v2.5.1,Variant_B,Canada
usr_009346,2026-07-17,2026-07-17 11:49:23,Influencer Campaign,iOS,v2.5.1,Variant_B,United Kingdom
usr_009347,2026-08-24,2026-08-24 08:25:06,Paid Search (Google),Web,v3.1.0-web,Control_A,India
usr_009348,2026-07-31,2026-07-31 16:53:44,Paid Search (Google),Android,v2.5.3,Control_A,Germany
usr_009349,2026-06-02,2026-06-02 19:43:48,Influencer Campaign,Android,v2.5.2,Control_A,United States
usr_009350,2026-07-15,2026-07-15 09:28:56,Organic Search,Web,v3.1.0-web,Variant_B,India
usr_009351,2026-07-22,2026-07-22 19:49:51,Referral,Android,v2.5.1,Variant_B,India
usr_009352,2026-07-22,2026-07-22 15:59:03,Meta Ads (Instagram),iOS,v2.5.3,Variant_B,Canada
usr_009353,2026-07-12,2026-07-12 00:38:58,Influencer Campaign,Web,v3.1.0-web,Variant_B,United Kingdom
usr_009354,2026-07-11,2026-07-11 16:44:43,Meta Ads (Instagram),Web,v3.1.0-web,Variant_B,United States
usr_009355,2026-07-29,2026-07-29 03:40:04,Meta Ads (Instagram),iOS,v2.5.2,Control_A,Canada
usr_009356,2026-08-13,2026-08-13 20:18:02,Meta Ads (Instagram),iOS,v2.5.2,Variant_B,Germany
usr_009357,2026-07-16,2026-07-16 17:43:36,Referral,Web,v3.1.0-web,Control_A,India
usr_009358,2026-08-03,2026-08-03 09:01:30,Paid Search (Google),iOS,v2.5.1,Variant_B,United Kingdom
usr_009359,2026-08-04,2026-08-04 05:54:36,Organic Search,Android,v2.5.2,Control_A,United States
usr_009360,2026-06-05,2026-06-05 11:25:11,Meta Ads (Instagram),Android,v2.5.3,Control_A,United Kingdom
usr_009361,2026-06-22,2026-06-22 08:03:18,Organic Search,Android,v2.5.3,Variant_B,India
usr_009362,2026-06-01,2026-06-01 05:17:06,Meta Ads (Instagram),Android,v2.5.3,Variant_B,India
usr_009363,2026-06-05,2026-06-05 05:42:20,Meta Ads (Instagram),Android,v2.5.3,Variant_B,United Kingdom
usr_009364,2026-08-24,2026-08-24 12:12:50,Organic Search,Android,v2.5.1,Variant_B,Canada
usr_009365,2026-07-18,2026-07-18 09:27:52,Organic Search,iOS,v2.5.1,Variant_B,Germany
usr_009366,2026-08-16,2026-08-16 22:12:20,Paid Search (Google),Android,v2.5.3,Variant_B,Germany
usr_009367,2026-08-03,2026-08-03 21:14:41,Organic Search,Web,v3.1.0-web,Control_A,Germany
usr_009368,2026-07-10,2026-07-10 00:09:30,Influencer Campaign,iOS,v2.5.2,Control_A,United States
usr_009369,2026-07-05,2026-07-05 21:10:27,Referral,Android,v2.5.2,Control_A,Germany
usr_009370,2026-08-23,2026-08-23 08:36:59,Referral,Android,v2.5.1,Control_A,Canada
usr_009371,2026-08-20,2026-08-20 08:50:47,Paid Search (Google),Android,v2.5.3,Control_A,United States
usr_009372,2026-07-10,2026-07-10 11:52:08,Organic Search,iOS,v2.5.2,Control_A,Germany
usr_009373,2026-07-21,2026-07-21 12:49:42,Organic Search,Android,v2.5.3,Variant_B,United States
usr_009374,2026-06-26,2026-06-26 10:11:08,Paid Search (Google),iOS,v2.5.1,Variant_B,United States
usr_009375,2026-06-28,2026-06-28 14:20:44,Paid Search (Google),Android,v2.5.1,Control_A,Germany
usr_009376,2026-08-27,2026-08-27 18:39:45,Organic Search,iOS,v2.5.1,Control_A,Germany
usr_009377,2026-08-11,2026-08-11 04:39:32,Meta Ads (Instagram),iOS,v2.5.1,Variant_B,Germany
usr_009378,2026-08-26,2026-08-26 07:00:17,Influencer Campaign,Android,v2.5.3,Control_A,United Kingdom
usr_009379,2026-07-24,2026-07-24 19:57:20,Organic Search,iOS,v2.5.2,Variant_B,India
usr_009380,2026-07-10,2026-07-10 12:48:23,Meta Ads (Instagram),Android,v2.5.3,Control_A,United Kingdom
usr_009381,2026-07-13,2026-07-13 18:33:46,Paid Search (Google),Web,v3.1.0-web,Variant_B,United States
usr_009382,2026-08-09,2026-08-09 20:41:47,Paid Search (Google),Android,v2.5.2,Control_A,United Kingdom
usr_009383,2026-07-29,2026-07-29 21:27:29,Meta Ads (Instagram),Android,v2.5.1,Control_A,Germany
usr_009384,2026-06-08,2026-06-08 03:34:15,Influencer Campaign,iOS,v2.5.2,Variant_B,India
usr_009385,2026-06-27,2026-06-27 20:48:22,Meta Ads (Instagram),iOS,v2.5.2,Variant_B,United Kingdom
usr_009386,2026-06-10,2026-06-10 09:51:30,Meta Ads (Instagram),Web,v3.1.0-web,Variant_B,India
usr_009387,2026-08-13,2026-08-13 21:56:26,Organic Search,Android,v2.5.2,Variant_B,Germany
usr_009388,2026-07-06,2026-07-06 11:31:53,Meta Ads (Instagram),Android,v2.5.3,Variant_B,India
usr_009389,2026-07-18,2026-07-18 16:16:53,Organic Search,iOS,v2.5.1,Variant_B,United States
usr_009390,2026-08-26,2026-08-26 00:34:53,Paid Search (Google),iOS,v2.5.2,Variant_B,Canada
usr_009391,2026-08-03,2026-08-03 19:37:33,Paid Search (Google),iOS,v2.5.1,Control_A,United States
usr_009392,2026-06-30,2026-06-30 16:58:12,Referral,iOS,v2.5.3,Control_A,Germany
usr_009393,2026-06-12,2026-06-12 22:16:04,Meta Ads (Instagram),Android,v2.5.1,Control_A,United Kingdom
usr_009394,2026-06-26,2026-06-26 12:52:49,Meta Ads (Instagram),Android,v2.5.2,Control_A,Germany
usr_009395,2026-07-29,2026-07-29 23:17:26,Organic Search,Android,v2.5.3,Variant_B,Germany
usr_009396,2026-06-16,2026-06-16 17:06:49,Referral,Android,v2.5.3,Control_A,Germany
usr_009397,2026-07-08,2026-07-08 15:31:28,Paid Search (Google),Web,v3.1.0-web,Control_A,Germany
usr_009398,2026-08-22,2026-08-22 06:30:20,Organic Search,iOS,v2.5.3,Variant_B,India
usr_009399,2026-07-16,2026-07-16 13:40:11,Meta Ads (Instagram),Android,v2.5.2,Control_A,Germany
usr_009400,2026-08-04,2026-08-04 10:27:35,Organic Search,Web,v3.1.0-web,Variant_B,United Kingdom
usr_009401,2026-06-07,2026-06-07 14:25:10,Paid Search (Google),Android,v2.5.1,Variant_B,India
usr_009402,2026-07-07,2026-07-07 07:30:33,Meta Ads (Instagram),Android,v2.5.1,Variant_B,Canada
usr_009403,2026-06-24,2026-06-24 18:37:21,Meta Ads (Instagram),Android,v2.5.1,Control_A,India
usr_009404,2026-08-17,2026-08-17 10:19:31,Paid Search (Google),iOS,v2.5.1,Variant_B,United States
usr_009405,2026-07-04,2026-07-04 03:56:13,Paid Search (Google),Android,v2.5.3,Variant_B,United States
usr_009406,2026-08-08,2026-08-08 10:41:01,Paid Search (Google),Android,v2.5.1,Variant_B,United States
usr_009407,2026-08-22,2026-08-22 17:21:19,Influencer Campaign,Android,v2.5.1,Control_A,United Kingdom
usr_009408,2026-08-28,2026-08-28 21:48:02,Paid Search (Google),Android,v2.5.1,Variant_B,United Kingdom
usr_009409,2026-07-30,2026-07-30 00:14:17,Paid Search (Google),Android,v2.5.3,Control_A,Germany
usr_009410,2026-07-18,2026-07-18 20:00:18,Paid Search (Google),iOS,v2.5.2,Control_A,Germany
usr_009411,2026-08-06,2026-08-06 00:11:48,Meta Ads (Instagram),Android,v2.5.3,Variant_B,United States
usr_009412,2026-06-28,2026-06-28 17:54:19,Organic Search,iOS,v2.5.2,Control_A,Canada
usr_009413,2026-08-16,2026-08-16 14:07:05,Paid Search (Google),iOS,v2.5.1,Variant_B,United Kingdom
usr_009414,2026-07-09,2026-07-09 16:30:01,Organic Search,Android,v2.5.2,Variant_B,Canada
usr_009415,2026-06-22,2026-06-22 20:56:00,Paid Search (Google),iOS,v2.5.1,Variant_B,Canada
usr_009416,2026-06-09,2026-06-09 04:08:14,Organic Search,iOS,v2.5.1,Variant_B,United Kingdom
usr_009417,2026-08-12,2026-08-12 15:40:40,Organic Search,iOS,v2.5.3,Control_A,United States
usr_009418,2026-07-23,2026-07-23 06:04:31,Referral,Android,v2.5.1,Control_A,Canada
usr_009419,2026-08-07,2026-08-07 20:13:19,Referral,iOS,v2.5.3,Control_A,United Kingdom
usr_009420,2026-06-29,2026-06-29 04:55:37,Referral,Android,v2.5.3,Variant_B,Germany
usr_009421,2026-08-24,2026-08-24 13:11:26,Meta Ads (Instagram),Web,v3.1.0-web,Variant_B,United Kingdom
usr_009422,2026-07-05,2026-07-05 15:34:18,Meta Ads (Instagram),Android,v2.5.2,Control_A,India
usr_009423,2026-08-01,2026-08-01 06:28:44,Influencer Campaign,iOS,v2.5.2,Control_A,United Kingdom
usr_009424,2026-06-27,2026-06-27 04:57:22,Influencer Campaign,iOS,v2.5.1,Control_A,United States
usr_009425,2026-08-10,2026-08-10 10:18:38,Meta Ads (Instagram),iOS,v2.5.1,Control_A,United States
usr_009426,2026-07-14,2026-07-14 02:17:04,Paid Search (Google),Android,v2.5.2,Control_A,United Kingdom
usr_009427,2026-06-15,2026-06-15 04:56:40,Paid Search (Google),Android,v2.5.3,Variant_B,United Kingdom
usr_009428,2026-07-28,2026-07-28 00:40:55,Meta Ads (Instagram),iOS,v2.5.3,Variant_B,Germany
usr_009429,2026-06-05,2026-06-05 01:57:51,Paid Search (Google),iOS,v2.5.3,Control_A,United States
usr_009430,2026-06-17,2026-06-17 05:38:35,Referral,iOS,v2.5.1,Control_A,United States
usr_009431,2026-06-22,2026-06-22 02:52:57,Referral,iOS,v2.5.1,Variant_B,India
usr_009432,2026-07-13,2026-07-13 13:02:28,Meta Ads (Instagram),Web,v3.1.0-web,Variant_B,United Kingdom
usr_009433,2026-07-05,2026-07-05 15:18:45,Meta Ads (Instagram),Web,v3.1.0-web,Control_A,India
usr_009434,2026-07-21,2026-07-21 09:51:02,Meta Ads (Instagram),Android,v2.5.3,Variant_B,Germany
usr_009435,2026-08-01,2026-08-01 12:56:05,Meta Ads (Instagram),Android,v2.5.3,Variant_B,United Kingdom
usr_009436,2026-06-24,2026-06-24 13:57:42,Meta Ads (Instagram),iOS,v2.5.1,Control_A,United States
usr_009437,2026-07-07,2026-07-07 19:14:59,Meta Ads (Instagram),Android,v2.5.2,Control_A,India
usr_009438,2026-06-22,2026-06-22 15:03:20,Organic Search,Android,v2.5.2,Control_A,India
usr_009439,2026-07-25,2026-07-25 10:13:22,Paid Search (Google),Android,v2.5.3,Variant_B,Germany
usr_009440,2026-07-06,2026-07-06 20:20:07,Influencer Campaign,Web,v3.1.0-web,Variant_B,United Kingdom
usr_009441,2026-06-14,2026-06-14 13:40:19,Paid Search (Google),iOS,v2.5.3,Variant_B,United Kingdom
usr_009442,2026-06-10,2026-06-10 08:55:54,Referral,Android,v2.5.2,Control_A,United Kingdom
usr_009443,2026-08-18,2026-08-18 22:02:14,Meta Ads (Instagram),Android,v2.5.2,Variant_B,India
usr_009444,2026-07-15,2026-07-15 23:07:38,Meta Ads (Instagram),Android,v2.5.1,Variant_B,United States
usr_009445,2026-08-11,2026-08-11 01:05:55,Paid Search (Google),Android,v2.5.1,Variant_B,United Kingdom
usr_009446,2026-08-05,2026-08-05 22:32:46,Organic Search,iOS,v2.5.2,Control_A,United States
usr_009447,2026-07-09,2026-07-09 21:20:30,Referral,Web,v3.1.0-web,Control_A,India
usr_009448,2026-06-01,2026-06-01 09:28:14,Paid Search (Google),iOS,v2.5.3,Variant_B,Germany
usr_009449,2026-06-25,2026-06-25 08:56:31,Organic Search,Android,v2.5.1,Variant_B,Canada
usr_009450,2026-07-27,2026-07-27 16:42:13,Meta Ads (Instagram),Android,v2.5.1,Control_A,Canada
usr_009451,2026-06-05,2026-06-05 17:17:16,Meta Ads (Instagram),iOS,v2.5.1,Control_A,Canada
usr_009452,2026-07-10,2026-07-10 04:09:16,Organic Search,iOS,v2.5.3,Variant_B,India
usr_009453,2026-06-12,2026-06-12 12:48:43,Meta Ads (Instagram),iOS,v2.5.1,Control_A,Canada
usr_009454,2026-07-26,2026-07-26 18:02:23,Meta Ads (Instagram),Android,v2.5.3,Variant_B,India
usr_009455,2026-07-16,2026-07-16 23:12:17,Paid Search (Google),Android,v2.5.2,Variant_B,United Kingdom
usr_009456,2026-07-27,2026-07-27 08:02:55,Meta Ads (Instagram),iOS,v2.5.3,Variant_B,Canada
usr_009457,2026-08-27,2026-08-27 07:42:31,Meta Ads (Instagram),iOS,v2.5.1,Control_A,Canada
usr_009458,2026-07-28,2026-07-28 01:01:53,Paid Search (Google),iOS,v2.5.2,Control_A,United Kingdom
usr_009459,2026-08-29,2026-08-29 19:05:34,Meta Ads (Instagram),Android,v2.5.1,Control_A,Germany
usr_009460,2026-07-22,2026-07-22 16:30:12,Paid Search (Google),Android,v2.5.2,Variant_B,United Kingdom
usr_009461,2026-07-20,2026-07-20 23:44:22,Meta Ads (Instagram),Web,v3.1.0-web,Variant_B,Germany
usr_009462,2026-08-15,2026-08-15 11:44:59,Meta Ads (Instagram),Android,v2.5.3,Control_A,Germany
usr_009463,2026-06-11,2026-06-11 16:23:07,Paid Search (Google),Android,v2.5.3,Variant_B,United Kingdom
usr_009464,2026-08-08,2026-08-08 02:25:32,Organic Search,Android,v2.5.2,Control_A,Germany
usr_009465,2026-07-10,2026-07-10 18:37:34,Meta Ads (Instagram),Web,v3.1.0-web,Control_A,India
usr_009466,2026-08-08,2026-08-08 15:58:17,Meta Ads (Instagram),iOS,v2.5.3,Variant_B,United States
usr_009467,2026-08-15,2026-08-15 12:24:59,Organic Search,iOS,v2.5.2,Variant_B,India
usr_009468,2026-07-18,2026-07-18 10:18:41,Paid Search (Google),iOS,v2.5.1,Control_A,United Kingdom
usr_009469,2026-07-20,2026-07-20 06:32:33,Paid Search (Google),iOS,v2.5.1,Variant_B,India
usr_009470,2026-08-21,2026-08-21 03:26:25,Paid Search (Google),Web,v3.1.0-web,Variant_B,United Kingdom
usr_009471,2026-08-21,2026-08-21 19:59:43,Influencer Campaign,Android,v2.5.3,Variant_B,United Kingdom
usr_009472,2026-08-18,2026-08-18 00:04:15,Paid Search (Google),Android,v2.5.3,Control_A,India
usr_009473,2026-07-03,2026-07-03 13:17:05,Organic Search,iOS,v2.5.1,Variant_B,United Kingdom
usr_009474,2026-07-28,2026-07-28 18:06:54,Paid Search (Google),Android,v2.5.3,Variant_B,India
usr_009475,2026-07-08,2026-07-08 16:37:08,Organic Search,iOS,v2.5.1,Variant_B,India
usr_009476,2026-07-09,2026-07-09 00:29:54,Paid Search (Google),Android,v2.5.1,Variant_B,United States
usr_009477,2026-06-23,2026-06-23 19:12:15,Paid Search (Google),Android,v2.5.2,Control_A,United States
usr_009478,2026-06-30,2026-06-30 23:36:03,Paid Search (Google),iOS,v2.5.1,Control_A,United Kingdom
usr_009479,2026-08-04,2026-08-04 05:48:37,Meta Ads (Instagram),iOS,v2.5.2,Variant_B,United Kingdom
usr_009480,2026-06-10,2026-06-10 17:14:56,Organic Search,iOS,v2.5.3,Variant_B,Germany
usr_009481,2026-06-01,2026-06-01 03:11:17,Organic Search,iOS,v2.5.2,Variant_B,Germany
usr_009482,2026-07-28,2026-07-28 08:34:43,Referral,Android,v2.5.2,Control_A,India
usr_009483,2026-06-27,2026-06-27 14:45:30,Organic Search,iOS,v2.5.3,Control_A,India
usr_009484,2026-08-19,2026-08-19 09:14:46,Meta Ads (Instagram),iOS,v2.5.3,Control_A,India
usr_009485,2026-07-06,2026-07-06 10:36:09,Meta Ads (Instagram),Android,v2.5.3,Variant_B,United Kingdom
usr_009486,2026-06-01,2026-06-01 09:52:11,Meta Ads (Instagram),Android,v2.5.2,Variant_B,Germany
usr_009487,2026-06-07,2026-06-07 11:22:28,Paid Search (Google),Android,v2.5.1,Variant_B,India
usr_009488,2026-08-03,2026-08-03 20:13:44,Organic Search,iOS,v2.5.3,Control_A,United States
usr_009489,2026-08-04,2026-08-04 03:31:22,Organic Search,Web,v3.1.0-web,Control_A,Canada
usr_009490,2026-06-04,2026-06-04 12:41:02,Meta Ads (Instagram),Android,v2.5.2,Variant_B,Germany
usr_009491,2026-07-19,2026-07-19 23:55:53,Paid Search (Google),Web,v3.1.0-web,Control_A,United States
usr_009492,2026-06-03,2026-06-03 23:11:16,Organic Search,Android,v2.5.2,Control_A,United States
usr_009493,2026-08-11,2026-08-11 11:25:42,Organic Search,Android,v2.5.1,Variant_B,United States
usr_009494,2026-08-06,2026-08-06 22:15:41,Organic Search,iOS,v2.5.3,Variant_B,India
usr_009495,2026-08-07,2026-08-07 06:08:16,Meta Ads (Instagram),Android,v2.5.1,Variant_B,Germany
usr_009496,2026-06-10,2026-06-10 11:25:28,Meta Ads (Instagram),iOS,v2.5.3,Control_A,United States
usr_009497,2026-07-12,2026-07-12 03:49:33,Organic Search,Android,v2.5.1,Control_A,United Kingdom
usr_009498,2026-08-14,2026-08-14 08:21:30,Paid Search (Google),iOS,v2.5.3,Variant_B,Germany
usr_009499,2026-06-05,2026-06-05 12:15:21,Paid Search (Google),Web,v3.1.0-web,Control_A,United States
usr_009500,2026-07-01,2026-07-01 16:15:44,Paid Search (Google),iOS,v2.5.1,Variant_B,India
usr_009501,2026-08-08,2026-08-08 11:11:31,Meta Ads (Instagram),Web,v3.1.0-web,Control_A,United Kingdom
usr_009502,2026-07-12,2026-07-12 10:38:35,Meta Ads (Instagram),iOS,v2.5.3,Control_A,United States
usr_009503,2026-08-08,2026-08-08 22:46:05,Organic Search,iOS,v2.5.1,Variant_B,Canada
usr_009504,2026-07-24,2026-07-24 22:45:27,Paid Search (Google),Android,v2.5.3,Control_A,Germany
usr_009505,2026-06-24,2026-06-24 12:20:00,Paid Search (Google),Android,v2.5.3,Variant_B,United Kingdom
usr_009506,2026-08-09,2026-08-09 11:17:57,Paid Search (Google),Android,v2.5.2,Control_A,United States
usr_009507,2026-08-18,2026-08-18 07:01:36,Meta Ads (Instagram),iOS,v2.5.1,Control_A,United States
usr_009508,2026-08-12,2026-08-12 00:57:25,Organic Search,Android,v2.5.3,Control_A,Germany
usr_009509,2026-08-01,2026-08-01 18:24:33,Meta Ads (Instagram),iOS,v2.5.1,Control_A,United States
usr_009510,2026-07-12,2026-07-12 15:24:30,Meta Ads (Instagram),Android,v2.5.1,Control_A,Canada
usr_009511,2026-08-20,2026-08-20 15:29:29,Organic Search,Android,v2.5.1,Variant_B,Germany
usr_009512,2026-07-23,2026-07-23 08:45:17,Meta Ads (Instagram),Android,v2.5.1,Variant_B,India
usr_009513,2026-08-09,2026-08-09 07:59:15,Meta Ads (Instagram),iOS,v2.5.2,Variant_B,Canada
usr_009514,2026-08-05,2026-08-05 07:54:37,Paid Search (Google),iOS,v2.5.1,Variant_B,Germany
usr_009515,2026-07-12,2026-07-12 04:01:16,Paid Search (Google),Android,v2.5.3,Variant_B,United States
usr_009516,2026-07-09,2026-07-09 04:28:21,Meta Ads (Instagram),Android,v2.5.3,Control_A,Canada
usr_009517,2026-08-06,2026-08-06 15:21:48,Referral,Web,v3.1.0-web,Control_A,India
usr_009518,2026-08-01,2026-08-01 01:57:57,Meta Ads (Instagram),Android,v2.5.1,Control_A,Germany
usr_009519,2026-07-13,2026-07-13 08:30:50,Organic Search,Android,v2.5.2,Variant_B,India
usr_009520,2026-07-29,2026-07-29 06:21:07,Paid Search (Google),iOS,v2.5.1,Control_A,United Kingdom
usr_009521,2026-06-26,2026-06-26 11:38:22,Meta Ads (Instagram),iOS,v2.5.1,Variant_B,Canada
usr_009522,2026-08-09,2026-08-09 02:22:09,Meta Ads (Instagram),Android,v2.5.1,Variant_B,Canada
usr_009523,2026-08-08,2026-08-08 20:03:10,Organic Search,Android,v2.5.2,Control_A,United States
usr_009524,2026-06-01,2026-06-01 13:35:18,Referral,Android,v2.5.2,Variant_B,Canada
usr_009525,2026-06-19,2026-06-19 02:13:37,Organic Search,Android,v2.5.3,Variant_B,United Kingdom
usr_009526,2026-08-16,2026-08-16 11:02:12,Organic Search,iOS,v2.5.1,Control_A,United States
usr_009527,2026-07-14,2026-07-14 02:41:28,Organic Search,iOS,v2.5.3,Control_A,United States
usr_009528,2026-06-15,2026-06-15 11:15:20,Organic Search,Android,v2.5.2,Control_A,Germany
usr_009529,2026-07-07,2026-07-07 03:08:00,Paid Search (Google),Web,v3.1.0-web,Variant_B,Canada
usr_009530,2026-08-08,2026-08-08 01:47:45,Meta Ads (Instagram),Android,v2.5.2,Variant_B,Germany
usr_009531,2026-08-16,2026-08-16 01:43:19,Paid Search (Google),iOS,v2.5.2,Variant_B,United Kingdom
usr_009532,2026-06-30,2026-06-30 07:30:48,Organic Search,iOS,v2.5.3,Variant_B,Canada
usr_009533,2026-06-21,2026-06-21 00:27:37,Organic Search,iOS,v2.5.1,Control_A,Canada
usr_009534,2026-06-29,2026-06-29 07:04:10,Organic Search,iOS,v2.5.3,Control_A,India
usr_009535,2026-07-06,2026-07-06 13:03:17,Paid Search (Google),Android,v2.5.3,Variant_B,India
usr_009536,2026-06-22,2026-06-22 22:18:58,Meta Ads (Instagram),Android,v2.5.3,Control_A,Germany
usr_009537,2026-07-18,2026-07-18 05:21:51,Meta Ads (Instagram),Android,v2.5.1,Control_A,Canada
usr_009538,2026-07-12,2026-07-12 03:30:01,Meta Ads (Instagram),Android,v2.5.2,Control_A,United States
usr_009539,2026-07-21,2026-07-21 22:30:24,Organic Search,Android,v2.5.2,Variant_B,United States
usr_009540,2026-07-08,2026-07-08 08:13:36,Paid Search (Google),iOS,v2.5.2,Control_A,India
usr_009541,2026-08-29,2026-08-29 13:16:48,Meta Ads (Instagram),Android,v2.5.2,Control_A,United Kingdom
usr_009542,2026-08-12,2026-08-12 05:50:59,Paid Search (Google),iOS,v2.5.2,Control_A,India
usr_009543,2026-06-30,2026-06-30 02:33:19,Meta Ads (Instagram),Android,v2.5.1,Variant_B,Germany
usr_009544,2026-07-09,2026-07-09 20:37:56,Paid Search (Google),Web,v3.1.0-web,Control_A,United Kingdom
usr_009545,2026-08-05,2026-08-05 19:45:45,Meta Ads (Instagram),Android,v2.5.1,Control_A,Canada
usr_009546,2026-07-24,2026-07-24 07:25:49,Paid Search (Google),Android,v2.5.2,Control_A,India
usr_009547,2026-06-04,2026-06-04 16:39:15,Organic Search,iOS,v2.5.2,Control_A,Germany
usr_009548,2026-07-29,2026-07-29 21:52:49,Referral,Web,v3.1.0-web,Control_A,United States
usr_009549,2026-07-22,2026-07-22 08:32:03,Meta Ads (Instagram),Android,v2.5.3,Variant_B,Germany
usr_009550,2026-08-11,2026-08-11 06:07:01,Organic Search,Android,v2.5.3,Control_A,Germany
usr_009551,2026-07-08,2026-07-08 19:28:00,Meta Ads (Instagram),Android,v2.5.1,Control_A,United Kingdom
usr_009552,2026-07-24,2026-07-24 21:45:25,Paid Search (Google),iOS,v2.5.1,Variant_B,United States
usr_009553,2026-08-04,2026-08-04 06:55:17,Referral,iOS,v2.5.3,Variant_B,United States
usr_009554,2026-06-14,2026-06-14 22:02:39,Meta Ads (Instagram),iOS,v2.5.3,Control_A,India
usr_009555,2026-07-28,2026-07-28 13:18:13,Meta Ads (Instagram),Android,v2.5.3,Control_A,Canada
usr_009556,2026-06-12,2026-06-12 08:45:20,Organic Search,Web,v3.1.0-web,Control_A,Germany
usr_009557,2026-08-13,2026-08-13 23:07:58,Organic Search,Android,v2.5.1,Control_A,Germany
usr_009558,2026-06-07,2026-06-07 11:56:42,Influencer Campaign,Android,v2.5.1,Variant_B,Canada
usr_009559,2026-06-10,2026-06-10 17:28:12,Referral,Android,v2.5.2,Control_A,Canada
usr_009560,2026-07-18,2026-07-18 09:48:12,Meta Ads (Instagram),Android,v2.5.1,Variant_B,Germany
usr_009561,2026-07-03,2026-07-03 06:53:28,Meta Ads (Instagram),Android,v2.5.1,Control_A,India
usr_009562,2026-06-28,2026-06-28 22:07:53,Organic Search,iOS,v2.5.1,Variant_B,United Kingdom
usr_009563,2026-07-15,2026-07-15 14:09:40,Paid Search (Google),iOS,v2.5.1,Variant_B,Canada
usr_009564,2026-06-04,2026-06-04 20:24:29,Paid Search (Google),Android,v2.5.2,Variant_B,India
usr_009565,2026-08-09,2026-08-09 15:33:23,Meta Ads (Instagram),iOS,v2.5.1,Control_A,United States
usr_009566,2026-07-30,2026-07-30 15:40:59,Meta Ads (Instagram),Android,v2.5.3,Variant_B,India
usr_009567,2026-08-11,2026-08-11 16:51:11,Meta Ads (Instagram),iOS,v2.5.2,Control_A,United States
usr_009568,2026-08-24,2026-08-24 19:27:05,Paid Search (Google),Android,v2.5.2,Control_A,India
usr_009569,2026-08-25,2026-08-25 02:36:21,Paid Search (Google),Android,v2.5.2,Variant_B,United States
usr_009570,2026-06-06,2026-06-06 00:43:10,Paid Search (Google),iOS,v2.5.3,Variant_B,Germany
usr_009571,2026-07-08,2026-07-08 13:28:01,Meta Ads (Instagram),iOS,v2.5.2,Control_A,United Kingdom
usr_009572,2026-07-29,2026-07-29 13:14:37,Paid Search (Google),iOS,v2.5.1,Variant_B,Canada
usr_009573,2026-08-06,2026-08-06 10:06:45,Organic Search,iOS,v2.5.2,Control_A,United States
usr_009574,2026-07-11,2026-07-11 18:15:40,Paid Search (Google),iOS,v2.5.1,Control_A,Canada
usr_009575,2026-08-07,2026-08-07 22:04:45,Organic Search,Android,v2.5.2,Variant_B,United States
usr_009576,2026-08-08,2026-08-08 10:34:54,Meta Ads (Instagram),iOS,v2.5.1,Variant_B,India
usr_009577,2026-08-19,2026-08-19 15:57:57,Paid Search (Google),iOS,v2.5.3,Control_A,United Kingdom
usr_009578,2026-06-19,2026-06-19 23:10:34,Paid Search (Google),Android,v2.5.1,Control_A,United States
usr_009579,2026-07-19,2026-07-19 23:42:42,Meta Ads (Instagram),iOS,v2.5.2,Variant_B,Germany
usr_009580,2026-07-20,2026-07-20 13:35:42,Paid Search (Google),Android,v2.5.2,Control_A,United Kingdom
usr_009581,2026-08-10,2026-08-10 19:25:19,Meta Ads (Instagram),iOS,v2.5.3,Control_A,Germany
usr_009582,2026-08-21,2026-08-21 04:50:12,Referral,Web,v3.1.0-web,Control_A,Canada
usr_009583,2026-08-27,2026-08-27 13:10:31,Meta Ads (Instagram),iOS,v2.5.3,Variant_B,United States
usr_009584,2026-07-28,2026-07-28 19:29:27,Organic Search,Android,v2.5.2,Variant_B,India
usr_009585,2026-07-12,2026-07-12 15:12:56,Meta Ads (Instagram),iOS,v2.5.3,Variant_B,United Kingdom
usr_009586,2026-07-22,2026-07-22 00:20:42,Organic Search,Android,v2.5.3,Control_A,Germany
usr_009587,2026-06-01,2026-06-01 22:29:16,Organic Search,Android,v2.5.3,Variant_B,United States
usr_009588,2026-08-23,2026-08-23 12:09:01,Paid Search (Google),Android,v2.5.2,Control_A,Germany
usr_009589,2026-07-08,2026-07-08 00:25:27,Referral,iOS,v2.5.3,Control_A,Germany
usr_009590,2026-08-13,2026-08-13 22:08:16,Paid Search (Google),Android,v2.5.2,Control_A,Germany
usr_009591,2026-08-12,2026-08-12 04:57:45,Meta Ads (Instagram),Android,v2.5.2,Variant_B,India
usr_009592,2026-07-04,2026-07-04 13:34:02,Meta Ads (Instagram),Android,v2.5.2,Control_A,United Kingdom
usr_009593,2026-07-06,2026-07-06 12:06:56,Meta Ads (Instagram),iOS,v2.5.2,Control_A,Germany
usr_009594,2026-06-03,2026-06-03 15:56:52,Organic Search,Android,v2.5.2,Variant_B,India
usr_009595,2026-08-19,2026-08-19 15:58:11,Influencer Campaign,Android,v2.5.2,Variant_B,Canada
usr_009596,2026-06-26,2026-06-26 18:44:54,Referral,Android,v2.5.3,Variant_B,Germany
usr_009597,2026-08-17,2026-08-17 20:53:25,Meta Ads (Instagram),Web,v3.1.0-web,Control_A,United Kingdom
usr_009598,2026-06-10,2026-06-10 06:30:53,Paid Search (Google),iOS,v2.5.2,Variant_B,United Kingdom
usr_009599,2026-08-13,2026-08-13 10:11:36,Meta Ads (Instagram),iOS,v2.5.3,Variant_B,India
usr_009600,2026-06-27,2026-06-27 06:06:46,Referral,Android,v2.5.3,Control_A,United Kingdom
usr_009601,2026-08-17,2026-08-17 08:27:29,Influencer Campaign,Web,v3.1.0-web,Control_A,Germany
usr_009602,2026-06-09,2026-06-09 02:42:46,Meta Ads (Instagram),Android,v2.5.3,Control_A,India
usr_009603,2026-07-07,2026-07-07 18:14:48,Meta Ads (Instagram),Android,v2.5.2,Variant_B,Canada
usr_009604,2026-08-28,2026-08-28 09:19:26,Paid Search (Google),Android,v2.5.1,Control_A,United Kingdom
usr_009605,2026-07-27,2026-07-27 00:19:26,Meta Ads (Instagram),Android,v2.5.1,Control_A,United Kingdom
usr_009606,2026-06-20,2026-06-20 12:13:58,Meta Ads (Instagram),Android,v2.5.2,Variant_B,Germany
usr_009607,2026-08-25,2026-08-25 15:33:08,Influencer Campaign,iOS,v2.5.1,Variant_B,United States
usr_009608,2026-07-26,2026-07-26 15:37:31,Paid Search (Google),iOS,v2.5.3,Control_A,India
usr_009609,2026-08-27,2026-08-27 23:31:04,Organic Search,iOS,v2.5.2,Control_A,India
usr_009610,2026-07-13,2026-07-13 00:12:56,Referral,iOS,v2.5.1,Control_A,United Kingdom
usr_009611,2026-06-03,2026-06-03 11:03:41,Meta Ads (Instagram),Android,v2.5.1,Control_A,Germany
usr_009612,2026-08-25,2026-08-25 16:04:22,Meta Ads (Instagram),iOS,v2.5.1,Variant_B,Canada
usr_009613,2026-07-08,2026-07-08 21:56:44,Paid Search (Google),iOS,v2.5.1,Variant_B,Germany
usr_009614,2026-08-15,2026-08-15 16:45:46,Meta Ads (Instagram),Android,v2.5.1,Variant_B,Germany
usr_009615,2026-06-28,2026-06-28 06:49:15,Influencer Campaign,Android,v2.5.1,Variant_B,United Kingdom
usr_009616,2026-06-23,2026-06-23 02:44:19,Influencer Campaign,Android,v2.5.1,Variant_B,United Kingdom
usr_009617,2026-07-26,2026-07-26 06:57:22,Paid Search (Google),Android,v2.5.1,Control_A,Canada
usr_009618,2026-06-04,2026-06-04 04:23:58,Meta Ads (Instagram),iOS,v2.5.1,Variant_B,India
usr_009619,2026-08-14,2026-08-14 03:56:41,Organic Search,iOS,v2.5.1,Control_A,Canada
usr_009620,2026-06-21,2026-06-21 12:44:26,Paid Search (Google),Android,v2.5.2,Variant_B,India
usr_009621,2026-08-17,2026-08-17 22:52:31,Influencer Campaign,iOS,v2.5.2,Variant_B,United Kingdom
usr_009622,2026-06-19,2026-06-19 06:00:07,Meta Ads (Instagram),Android,v2.5.1,Control_A,Canada
usr_009623,2026-07-19,2026-07-19 22:33:07,Meta Ads (Instagram),Android,v2.5.2,Control_A,Canada
usr_009624,2026-06-05,2026-06-05 14:37:54,Paid Search (Google),Android,v2.5.1,Control_A,Canada
usr_009625,2026-07-08,2026-07-08 07:11:17,Meta Ads (Instagram),iOS,v2.5.2,Variant_B,Canada
usr_009626,2026-08-05,2026-08-05 02:15:32,Paid Search (Google),Android,v2.5.3,Control_A,Canada
usr_009627,2026-08-12,2026-08-12 17:39:32,Influencer Campaign,Web,v3.1.0-web,Variant_B,India
usr_009628,2026-07-04,2026-07-04 20:18:55,Organic Search,iOS,v2.5.1,Control_A,Canada
usr_009629,2026-06-07,2026-06-07 11:15:40,Referral,iOS,v2.5.2,Variant_B,Germany
usr_009630,2026-08-26,2026-08-26 12:30:12,Paid Search (Google),Android,v2.5.1,Variant_B,United Kingdom
usr_009631,2026-07-12,2026-07-12 02:52:20,Meta Ads (Instagram),Android,v2.5.3,Control_A,United Kingdom
usr_009632,2026-07-23,2026-07-23 20:07:12,Meta Ads (Instagram),Android,v2.5.3,Control_A,India
usr_009633,2026-08-14,2026-08-14 01:59:57,Meta Ads (Instagram),Web,v3.1.0-web,Control_A,Germany
usr_009634,2026-07-04,2026-07-04 21:09:25,Meta Ads (Instagram),iOS,v2.5.3,Control_A,Canada
usr_009635,2026-06-27,2026-06-27 18:43:10,Referral,iOS,v2.5.2,Control_A,Germany
usr_009636,2026-08-03,2026-08-03 16:44:19,Paid Search (Google),Android,v2.5.2,Variant_B,United Kingdom
usr_009637,2026-07-24,2026-07-24 10:29:50,Referral,Android,v2.5.2,Control_A,Germany
usr_009638,2026-06-20,2026-06-20 01:21:13,Meta Ads (Instagram),iOS,v2.5.2,Variant_B,United States
usr_009639,2026-07-04,2026-07-04 04:58:14,Paid Search (Google),iOS,v2.5.2,Control_A,United Kingdom
usr_009640,2026-06-18,2026-06-18 01:29:44,Meta Ads (Instagram),iOS,v2.5.1,Control_A,United States
usr_009641,2026-06-11,2026-06-11 10:52:31,Referral,iOS,v2.5.3,Control_A,India
usr_009642,2026-07-10,2026-07-10 11:31:59,Organic Search,iOS,v2.5.2,Variant_B,United Kingdom
usr_009643,2026-07-14,2026-07-14 08:53:50,Paid Search (Google),iOS,v2.5.3,Control_A,Germany
usr_009644,2026-07-12,2026-07-12 11:58:52,Meta Ads (Instagram),iOS,v2.5.3,Control_A,India
usr_009645,2026-06-15,2026-06-15 20:20:09,Paid Search (Google),Android,v2.5.2,Control_A,Canada
usr_009646,2026-08-21,2026-08-21 05:18:56,Meta Ads (Instagram),Android,v2.5.3,Variant_B,Germany
usr_009647,2026-06-12,2026-06-12 06:04:15,Organic Search,iOS,v2.5.3,Control_A,Canada
usr_009648,2026-06-24,2026-06-24 13:25:41,Meta Ads (Instagram),Android,v2.5.1,Control_A,United States
usr_009649,2026-06-20,2026-06-20 07:58:32,Paid Search (Google),Android,v2.5.3,Variant_B,Germany
usr_009650,2026-07-31,2026-07-31 12:08:51,Influencer Campaign,Android,v2.5.3,Variant_B,United States
usr_009651,2026-06-28,2026-06-28 21:04:38,Meta Ads (Instagram),Web,v3.1.0-web,Variant_B,United States
usr_009652,2026-07-13,2026-07-13 08:13:58,Meta Ads (Instagram),iOS,v2.5.1,Variant_B,Canada
usr_009653,2026-07-03,2026-07-03 00:35:51,Organic Search,Android,v2.5.3,Variant_B,United States
usr_009654,2026-08-18,2026-08-18 14:23:36,Meta Ads (Instagram),iOS,v2.5.2,Control_A,Germany
usr_009655,2026-07-02,2026-07-02 00:34:00,Influencer Campaign,Web,v3.1.0-web,Control_A,Germany
usr_009656,2026-07-10,2026-07-10 15:57:39,Organic Search,Android,v2.5.3,Control_A,Germany
usr_009657,2026-08-14,2026-08-14 00:18:34,Paid Search (Google),Android,v2.5.3,Control_A,United States
usr_009658,2026-06-01,2026-06-01 18:51:17,Paid Search (Google),Android,v2.5.3,Variant_B,Canada
usr_009659,2026-08-26,2026-08-26 03:20:01,Organic Search,iOS,v2.5.3,Control_A,India
usr_009660,2026-08-11,2026-08-11 12:05:33,Paid Search (Google),Android,v2.5.1,Control_A,United Kingdom
usr_009661,2026-08-13,2026-08-13 07:54:51,Organic Search,iOS,v2.5.3,Variant_B,United Kingdom
usr_009662,2026-06-01,2026-06-01 03:14:36,Organic Search,Web,v3.1.0-web,Control_A,Germany
usr_009663,2026-06-09,2026-06-09 15:48:22,Organic Search,iOS,v2.5.2,Variant_B,United States
usr_009664,2026-07-25,2026-07-25 00:26:14,Paid Search (Google),Android,v2.5.2,Variant_B,United States
usr_009665,2026-07-20,2026-07-20 20:06:27,Paid Search (Google),Android,v2.5.3,Control_A,Germany
usr_009666,2026-08-19,2026-08-19 00:10:45,Meta Ads (Instagram),Android,v2.5.2,Control_A,United Kingdom
usr_009667,2026-06-18,2026-06-18 05:07:34,Paid Search (Google),Web,v3.1.0-web,Variant_B,India
usr_009668,2026-08-18,2026-08-18 11:14:31,Referral,iOS,v2.5.3,Variant_B,India
usr_009669,2026-07-10,2026-07-10 19:38:10,Organic Search,iOS,v2.5.2,Variant_B,United Kingdom
usr_009670,2026-08-20,2026-08-20 22:51:51,Meta Ads (Instagram),iOS,v2.5.1,Variant_B,United States
usr_009671,2026-07-19,2026-07-19 23:58:20,Meta Ads (Instagram),iOS,v2.5.1,Control_A,India
usr_009672,2026-08-21,2026-08-21 07:58:09,Meta Ads (Instagram),Android,v2.5.3,Variant_B,Germany
usr_009673,2026-07-28,2026-07-28 06:31:35,Paid Search (Google),iOS,v2.5.3,Control_A,Canada
usr_009674,2026-07-09,2026-07-09 00:19:37,Meta Ads (Instagram),Android,v2.5.3,Control_A,Canada
usr_009675,2026-07-07,2026-07-07 02:38:46,Influencer Campaign,Android,v2.5.2,Variant_B,United Kingdom
usr_009676,2026-07-21,2026-07-21 17:35:47,Meta Ads (Instagram),Android,v2.5.3,Variant_B,United Kingdom
usr_009677,2026-07-30,2026-07-30 22:23:17,Paid Search (Google),Android,v2.5.1,Variant_B,India
usr_009678,2026-08-24,2026-08-24 06:59:50,Paid Search (Google),Android,v2.5.2,Control_A,Canada
usr_009679,2026-06-18,2026-06-18 20:15:06,Meta Ads (Instagram),Web,v3.1.0-web,Control_A,United Kingdom
usr_009680,2026-06-29,2026-06-29 01:38:56,Meta Ads (Instagram),iOS,v2.5.3,Variant_B,United States
usr_009681,2026-07-05,2026-07-05 08:06:42,Paid Search (Google),iOS,v2.5.1,Control_A,United Kingdom
usr_009682,2026-07-03,2026-07-03 14:43:14,Paid Search (Google),Android,v2.5.3,Variant_B,United Kingdom
usr_009683,2026-08-03,2026-08-03 06:32:42,Paid Search (Google),Android,v2.5.3,Variant_B,United States
usr_009684,2026-06-12,2026-06-12 07:56:26,Meta Ads (Instagram),Android,v2.5.2,Variant_B,Germany
usr_009685,2026-06-25,2026-06-25 01:40:15,Meta Ads (Instagram),Web,v3.1.0-web,Variant_B,United Kingdom
usr_009686,2026-07-17,2026-07-17 16:04:28,Meta Ads (Instagram),Android,v2.5.2,Control_A,United States
usr_009687,2026-06-30,2026-06-30 11:40:52,Influencer Campaign,iOS,v2.5.3,Control_A,United States
usr_009688,2026-08-18,2026-08-18 11:54:21,Paid Search (Google),iOS,v2.5.3,Control_A,United Kingdom
usr_009689,2026-07-16,2026-07-16 21:26:13,Paid Search (Google),Web,v3.1.0-web,Variant_B,Canada
usr_009690,2026-06-27,2026-06-27 17:38:56,Meta Ads (Instagram),Android,v2.5.1,Control_A,Germany
usr_009691,2026-06-02,2026-06-02 22:07:21,Meta Ads (Instagram),Web,v3.1.0-web,Variant_B,Germany
usr_009692,2026-06-08,2026-06-08 07:39:09,Meta Ads (Instagram),Android,v2.5.2,Variant_B,Germany
usr_009693,2026-08-25,2026-08-25 08:36:06,Referral,iOS,v2.5.3,Control_A,United Kingdom
usr_009694,2026-06-01,2026-06-01 20:09:49,Meta Ads (Instagram),iOS,v2.5.1,Variant_B,Canada
usr_009695,2026-06-02,2026-06-02 07:03:12,Influencer Campaign,iOS,v2.5.1,Variant_B,Canada
usr_009696,2026-06-22,2026-06-22 12:06:25,Meta Ads (Instagram),Android,v2.5.1,Variant_B,Germany
usr_009697,2026-07-22,2026-07-22 19:09:11,Meta Ads (Instagram),Android,v2.5.3,Variant_B,Germany
usr_009698,2026-08-09,2026-08-09 06:17:55,Influencer Campaign,iOS,v2.5.2,Control_A,United Kingdom
usr_009699,2026-08-10,2026-08-10 17:23:57,Referral,Android,v2.5.1,Variant_B,Canada
usr_009700,2026-07-02,2026-07-02 13:42:58,Organic Search,iOS,v2.5.3,Variant_B,Canada
usr_009701,2026-07-24,2026-07-24 19:11:57,Paid Search (Google),Android,v2.5.3,Variant_B,India
usr_009702,2026-06-28,2026-06-28 07:32:30,Referral,iOS,v2.5.3,Control_A,Canada
usr_009703,2026-07-09,2026-07-09 14:59:48,Meta Ads (Instagram),Android,v2.5.2,Variant_B,India
usr_009704,2026-06-23,2026-06-23 19:37:48,Meta Ads (Instagram),Android,v2.5.3,Variant_B,Canada
usr_009705,2026-06-22,2026-06-22 20:23:23,Meta Ads (Instagram),Android,v2.5.1,Variant_B,United Kingdom
usr_009706,2026-06-18,2026-06-18 20:41:03,Meta Ads (Instagram),Android,v2.5.3,Control_A,United States
usr_009707,2026-08-10,2026-08-10 18:47:47,Paid Search (Google),iOS,v2.5.2,Control_A,Canada
usr_009708,2026-07-27,2026-07-27 12:18:11,Organic Search,Web,v3.1.0-web,Variant_B,United Kingdom
usr_009709,2026-07-23,2026-07-23 09:02:20,Organic Search,iOS,v2.5.1,Variant_B,United States
usr_009710,2026-07-30,2026-07-30 16:11:34,Paid Search (Google),Android,v2.5.2,Control_A,United States
usr_009711,2026-06-16,2026-06-16 21:26:15,Paid Search (Google),iOS,v2.5.3,Variant_B,United Kingdom
usr_009712,2026-07-02,2026-07-02 02:00:10,Organic Search,Android,v2.5.3,Variant_B,India
usr_009713,2026-07-09,2026-07-09 15:04:03,Paid Search (Google),iOS,v2.5.2,Control_A,Germany
usr_009714,2026-06-23,2026-06-23 03:12:25,Organic Search,iOS,v2.5.2,Variant_B,United States
usr_009715,2026-06-08,2026-06-08 07:50:16,Paid Search (Google),Android,v2.5.1,Variant_B,Germany
usr_009716,2026-06-17,2026-06-17 11:55:07,Referral,iOS,v2.5.3,Control_A,Canada
usr_009717,2026-08-26,2026-08-26 02:17:37,Referral,Android,v2.5.3,Variant_B,United Kingdom
usr_009718,2026-06-23,2026-06-23 22:22:09,Paid Search (Google),Android,v2.5.3,Variant_B,India
usr_009719,2026-07-15,2026-07-15 03:07:57,Organic Search,iOS,v2.5.3,Control_A,Canada
usr_009720,2026-06-01,2026-06-01 03:15:25,Organic Search,iOS,v2.5.1,Variant_B,Canada
usr_009721,2026-08-14,2026-08-14 10:28:29,Paid Search (Google),Web,v3.1.0-web,Variant_B,United States
usr_009722,2026-08-23,2026-08-23 11:01:57,Influencer Campaign,Android,v2.5.1,Control_A,India
usr_009723,2026-08-27,2026-08-27 13:00:20,Paid Search (Google),iOS,v2.5.2,Variant_B,Germany
usr_009724,2026-07-09,2026-07-09 04:49:14,Organic Search,Web,v3.1.0-web,Variant_B,India
usr_009725,2026-06-13,2026-06-13 03:50:00,Organic Search,Android,v2.5.1,Variant_B,Germany
usr_009726,2026-07-12,2026-07-12 04:44:05,Influencer Campaign,Web,v3.1.0-web,Variant_B,United Kingdom
usr_009727,2026-07-29,2026-07-29 14:40:17,Meta Ads (Instagram),iOS,v2.5.3,Variant_B,Canada
usr_009728,2026-07-19,2026-07-19 12:12:40,Organic Search,Android,v2.5.1,Variant_B,United States
usr_009729,2026-06-11,2026-06-11 15:14:17,Paid Search (Google),iOS,v2.5.2,Variant_B,India
usr_009730,2026-07-10,2026-07-10 21:43:27,Meta Ads (Instagram),iOS,v2.5.3,Control_A,India
usr_009731,2026-06-17,2026-06-17 01:50:23,Influencer Campaign,Android,v2.5.1,Variant_B,Canada
usr_009732,2026-07-21,2026-07-21 03:42:09,Organic Search,iOS,v2.5.3,Variant_B,India
usr_009733,2026-06-16,2026-06-16 08:13:56,Organic Search,iOS,v2.5.2,Control_A,Germany
usr_009734,2026-08-24,2026-08-24 01:18:20,Referral,iOS,v2.5.2,Variant_B,United Kingdom
usr_009735,2026-06-17,2026-06-17 17:38:04,Meta Ads (Instagram),iOS,v2.5.3,Control_A,United Kingdom
usr_009736,2026-07-17,2026-07-17 06:16:11,Paid Search (Google),Android,v2.5.2,Variant_B,Canada
usr_009737,2026-06-15,2026-06-15 05:21:16,Referral,iOS,v2.5.1,Control_A,United Kingdom
usr_009738,2026-07-11,2026-07-11 05:17:02,Paid Search (Google),iOS,v2.5.1,Variant_B,United States
usr_009739,2026-08-01,2026-08-01 02:05:27,Influencer Campaign,iOS,v2.5.3,Control_A,United States
usr_009740,2026-07-28,2026-07-28 17:33:56,Referral,Android,v2.5.3,Control_A,Canada
usr_009741,2026-06-11,2026-06-11 21:52:03,Referral,Android,v2.5.1,Variant_B,Canada
usr_009742,2026-06-27,2026-06-27 11:44:33,Meta Ads (Instagram),iOS,v2.5.1,Variant_B,United Kingdom
usr_009743,2026-07-27,2026-07-27 17:17:39,Meta Ads (Instagram),iOS,v2.5.2,Variant_B,India
usr_009744,2026-08-29,2026-08-29 12:24:04,Meta Ads (Instagram),Android,v2.5.1,Variant_B,Germany
usr_009745,2026-06-22,2026-06-22 14:16:54,Meta Ads (Instagram),Android,v2.5.3,Variant_B,United Kingdom
usr_009746,2026-07-06,2026-07-06 01:36:48,Organic Search,Web,v3.1.0-web,Variant_B,India
usr_009747,2026-08-09,2026-08-09 09:28:36,Meta Ads (Instagram),iOS,v2.5.1,Variant_B,India
usr_009748,2026-06-03,2026-06-03 09:12:22,Organic Search,iOS,v2.5.1,Variant_B,Germany
usr_009749,2026-06-21,2026-06-21 06:43:28,Referral,iOS,v2.5.2,Control_A,United States
usr_009750,2026-07-18,2026-07-18 17:10:47,Paid Search (Google),Android,v2.5.3,Control_A,Canada
usr_009751,2026-07-12,2026-07-12 06:11:00,Meta Ads (Instagram),Android,v2.5.1,Control_A,United Kingdom
usr_009752,2026-07-15,2026-07-15 04:41:34,Paid Search (Google),Web,v3.1.0-web,Variant_B,Canada
usr_009753,2026-07-05,2026-07-05 13:18:31,Organic Search,Android,v2.5.3,Variant_B,Canada
usr_009754,2026-06-11,2026-06-11 01:14:56,Referral,iOS,v2.5.2,Variant_B,Canada
usr_009755,2026-07-27,2026-07-27 19:12:13,Organic Search,Android,v2.5.2,Control_A,United States
usr_009756,2026-06-10,2026-06-10 08:57:21,Meta Ads (Instagram),Android,v2.5.3,Control_A,India
usr_009757,2026-08-27,2026-08-27 03:44:13,Paid Search (Google),Android,v2.5.2,Variant_B,Germany
usr_009758,2026-06-16,2026-06-16 13:41:35,Meta Ads (Instagram),iOS,v2.5.2,Control_A,Germany
usr_009759,2026-07-17,2026-07-17 03:53:51,Meta Ads (Instagram),iOS,v2.5.3,Variant_B,United States
usr_009760,2026-08-05,2026-08-05 18:48:11,Meta Ads (Instagram),iOS,v2.5.2,Control_A,Canada
usr_009761,2026-06-03,2026-06-03 09:23:45,Referral,iOS,v2.5.2,Control_A,Canada
usr_009762,2026-07-07,2026-07-07 12:06:14,Organic Search,Web,v3.1.0-web,Control_A,United States
usr_009763,2026-08-17,2026-08-17 07:07:04,Meta Ads (Instagram),Android,v2.5.3,Control_A,Canada
usr_009764,2026-06-14,2026-06-14 04:58:20,Referral,Android,v2.5.3,Control_A,United Kingdom
usr_009765,2026-08-20,2026-08-20 12:45:17,Meta Ads (Instagram),Android,v2.5.3,Variant_B,United Kingdom
usr_009766,2026-06-15,2026-06-15 01:29:02,Referral,Android,v2.5.1,Variant_B,United States
usr_009767,2026-07-01,2026-07-01 14:47:07,Organic Search,iOS,v2.5.1,Variant_B,India
usr_009768,2026-06-28,2026-06-28 07:30:17,Meta Ads (Instagram),Android,v2.5.1,Control_A,United Kingdom
usr_009769,2026-07-11,2026-07-11 13:12:44,Meta Ads (Instagram),Android,v2.5.3,Variant_B,United States
usr_009770,2026-06-13,2026-06-13 02:18:54,Meta Ads (Instagram),Web,v3.1.0-web,Control_A,United Kingdom
usr_009771,2026-07-07,2026-07-07 19:46:52,Meta Ads (Instagram),Android,v2.5.2,Control_A,United Kingdom
usr_009772,2026-07-16,2026-07-16 00:51:45,Meta Ads (Instagram),Web,v3.1.0-web,Variant_B,United Kingdom
usr_009773,2026-07-24,2026-07-24 08:49:36,Meta Ads (Instagram),Android,v2.5.2,Control_A,India
usr_009774,2026-06-10,2026-06-10 11:59:24,Meta Ads (Instagram),iOS,v2.5.1,Variant_B,Germany
usr_009775,2026-06-29,2026-06-29 06:42:12,Paid Search (Google),iOS,v2.5.2,Variant_B,Germany
usr_009776,2026-08-04,2026-08-04 16:24:51,Meta Ads (Instagram),Android,v2.5.2,Variant_B,Canada
usr_009777,2026-07-03,2026-07-03 20:04:26,Paid Search (Google),iOS,v2.5.3,Variant_B,United States
usr_009778,2026-06-08,2026-06-08 01:28:31,Organic Search,Web,v3.1.0-web,Control_A,Canada
usr_009779,2026-07-20,2026-07-20 18:23:49,Meta Ads (Instagram),Web,v3.1.0-web,Variant_B,United Kingdom
usr_009780,2026-07-29,2026-07-29 09:55:14,Meta Ads (Instagram),iOS,v2.5.3,Control_A,Germany
usr_009781,2026-08-06,2026-08-06 00:44:52,Referral,Web,v3.1.0-web,Control_A,United Kingdom
usr_009782,2026-07-30,2026-07-30 13:44:25,Meta Ads (Instagram),Web,v3.1.0-web,Variant_B,India
usr_009783,2026-07-23,2026-07-23 22:37:18,Referral,Android,v2.5.3,Variant_B,Germany
usr_009784,2026-08-06,2026-08-06 08:58:42,Organic Search,iOS,v2.5.1,Control_A,Canada
usr_009785,2026-06-02,2026-06-02 21:44:43,Organic Search,iOS,v2.5.1,Control_A,United Kingdom
usr_009786,2026-07-04,2026-07-04 18:03:27,Paid Search (Google),Android,v2.5.3,Variant_B,Canada
usr_009787,2026-07-04,2026-07-04 00:02:31,Meta Ads (Instagram),Android,v2.5.3,Control_A,United Kingdom
usr_009788,2026-06-29,2026-06-29 20:56:00,Organic Search,Android,v2.5.2,Variant_B,Canada
usr_009789,2026-07-29,2026-07-29 20:14:46,Meta Ads (Instagram),iOS,v2.5.3,Variant_B,Canada
usr_009790,2026-08-20,2026-08-20 06:54:33,Referral,Web,v3.1.0-web,Variant_B,Canada
usr_009791,2026-06-13,2026-06-13 14:29:48,Paid Search (Google),iOS,v2.5.2,Control_A,Canada
usr_009792,2026-07-06,2026-07-06 12:21:05,Organic Search,Web,v3.1.0-web,Variant_B,Germany
usr_009793,2026-06-19,2026-06-19 20:21:35,Organic Search,Android,v2.5.3,Variant_B,India
usr_009794,2026-06-03,2026-06-03 20:39:45,Meta Ads (Instagram),Web,v3.1.0-web,Control_A,Germany
usr_009795,2026-06-12,2026-06-12 22:25:47,Meta Ads (Instagram),Android,v2.5.3,Variant_B,United Kingdom
usr_009796,2026-06-16,2026-06-16 04:10:41,Meta Ads (Instagram),Android,v2.5.2,Variant_B,Canada
usr_009797,2026-06-14,2026-06-14 14:06:21,Meta Ads (Instagram),iOS,v2.5.1,Control_A,Canada
usr_009798,2026-08-01,2026-08-01 14:00:22,Paid Search (Google),Android,v2.5.1,Variant_B,Germany
usr_009799,2026-06-10,2026-06-10 00:06:47,Organic Search,Android,v2.5.1,Control_A,Canada
usr_009800,2026-07-06,2026-07-06 16:55:28,Meta Ads (Instagram),Android,v2.5.2,Variant_B,United Kingdom
usr_009801,2026-08-16,2026-08-16 18:47:44,Paid Search (Google),Web,v3.1.0-web,Control_A,United States
usr_009802,2026-08-21,2026-08-21 10:47:36,Referral,iOS,v2.5.2,Control_A,India
usr_009803,2026-08-04,2026-08-04 12:21:56,Meta Ads (Instagram),Android,v2.5.3,Control_A,Germany
usr_009804,2026-07-16,2026-07-16 20:12:19,Influencer Campaign,Android,v2.5.3,Variant_B,India
usr_009805,2026-08-20,2026-08-20 04:22:28,Meta Ads (Instagram),iOS,v2.5.2,Control_A,Germany
usr_009806,2026-07-16,2026-07-16 23:31:07,Paid Search (Google),Android,v2.5.1,Control_A,Germany
usr_009807,2026-07-11,2026-07-11 12:48:43,Influencer Campaign,iOS,v2.5.3,Control_A,United Kingdom
usr_009808,2026-08-12,2026-08-12 13:26:47,Referral,Android,v2.5.1,Variant_B,India
usr_009809,2026-08-20,2026-08-20 05:19:51,Meta Ads (Instagram),iOS,v2.5.1,Control_A,United States
usr_009810,2026-07-01,2026-07-01 09:23:07,Meta Ads (Instagram),iOS,v2.5.1,Control_A,India
usr_009811,2026-07-14,2026-07-14 04:13:43,Organic Search,iOS,v2.5.1,Variant_B,United Kingdom
usr_009812,2026-07-09,2026-07-09 17:10:29,Referral,Web,v3.1.0-web,Variant_B,United States
usr_009813,2026-06-05,2026-06-05 12:35:12,Influencer Campaign,iOS,v2.5.2,Variant_B,India
usr_009814,2026-06-02,2026-06-02 01:40:16,Organic Search,iOS,v2.5.2,Variant_B,Canada
usr_009815,2026-07-05,2026-07-05 23:10:26,Paid Search (Google),iOS,v2.5.2,Control_A,Canada
usr_009816,2026-07-26,2026-07-26 21:51:32,Paid Search (Google),Android,v2.5.1,Variant_B,Canada
usr_009817,2026-08-06,2026-08-06 02:31:36,Paid Search (Google),Android,v2.5.2,Variant_B,United States
usr_009818,2026-06-13,2026-06-13 07:40:04,Organic Search,iOS,v2.5.1,Variant_B,Germany
usr_009819,2026-08-26,2026-08-26 14:59:48,Organic Search,iOS,v2.5.3,Control_A,Canada
usr_009820,2026-07-15,2026-07-15 11:34:24,Meta Ads (Instagram),Android,v2.5.3,Variant_B,Canada
usr_009821,2026-06-24,2026-06-24 18:24:00,Meta Ads (Instagram),iOS,v2.5.3,Control_A,Germany
usr_009822,2026-06-06,2026-06-06 12:13:04,Paid Search (Google),Web,v3.1.0-web,Control_A,India
usr_009823,2026-06-05,2026-06-05 15:55:23,Referral,iOS,v2.5.2,Variant_B,Germany
usr_009824,2026-06-30,2026-06-30 10:44:14,Paid Search (Google),Android,v2.5.3,Control_A,Canada
usr_009825,2026-08-08,2026-08-08 10:57:36,Meta Ads (Instagram),Android,v2.5.2,Variant_B,Canada
usr_009826,2026-07-13,2026-07-13 10:25:59,Organic Search,Web,v3.1.0-web,Variant_B,United States
usr_009827,2026-06-28,2026-06-28 20:13:25,Influencer Campaign,iOS,v2.5.2,Control_A,India
usr_009828,2026-06-30,2026-06-30 14:41:27,Paid Search (Google),Android,v2.5.3,Variant_B,United States
usr_009829,2026-08-26,2026-08-26 06:26:22,Referral,Android,v2.5.1,Control_A,United States
usr_009830,2026-06-08,2026-06-08 12:20:47,Organic Search,Android,v2.5.2,Variant_B,United States
usr_009831,2026-08-23,2026-08-23 08:48:36,Paid Search (Google),iOS,v2.5.3,Variant_B,Canada
usr_009832,2026-06-06,2026-06-06 06:02:07,Paid Search (Google),Android,v2.5.2,Control_A,United Kingdom
usr_009833,2026-07-24,2026-07-24 22:58:12,Meta Ads (Instagram),Web,v3.1.0-web,Variant_B,United Kingdom
usr_009834,2026-07-18,2026-07-18 01:32:51,Meta Ads (Instagram),Web,v3.1.0-web,Variant_B,India
usr_009835,2026-08-29,2026-08-29 07:21:20,Referral,iOS,v2.5.2,Control_A,India
usr_009836,2026-06-02,2026-06-02 18:02:57,Meta Ads (Instagram),Android,v2.5.1,Variant_B,Canada
usr_009837,2026-08-27,2026-08-27 20:07:43,Meta Ads (Instagram),iOS,v2.5.3,Control_A,United States
usr_009838,2026-08-15,2026-08-15 04:54:45,Paid Search (Google),Android,v2.5.3,Variant_B,Germany
usr_009839,2026-06-12,2026-06-12 16:46:41,Paid Search (Google),iOS,v2.5.3,Control_A,United States
usr_009840,2026-08-02,2026-08-02 10:29:00,Meta Ads (Instagram),Android,v2.5.2,Variant_B,Canada
usr_009841,2026-06-09,2026-06-09 06:18:28,Paid Search (Google),iOS,v2.5.3,Variant_B,Germany
usr_009842,2026-07-01,2026-07-01 06:23:37,Meta Ads (Instagram),iOS,v2.5.1,Control_A,United States
usr_009843,2026-06-02,2026-06-02 06:25:17,Organic Search,iOS,v2.5.3,Control_A,Canada
usr_009844,2026-07-18,2026-07-18 19:55:44,Meta Ads (Instagram),Android,v2.5.2,Variant_B,India
usr_009845,2026-07-30,2026-07-30 15:12:00,Referral,iOS,v2.5.3,Variant_B,United States
usr_009846,2026-08-06,2026-08-06 01:23:58,Influencer Campaign,Android,v2.5.1,Variant_B,Canada
usr_009847,2026-06-30,2026-06-30 19:31:35,Organic Search,Android,v2.5.1,Control_A,Germany
usr_009848,2026-06-03,2026-06-03 14:02:56,Influencer Campaign,Android,v2.5.1,Control_A,United Kingdom
usr_009849,2026-08-13,2026-08-13 00:27:38,Paid Search (Google),Android,v2.5.2,Control_A,United States
usr_009850,2026-06-21,2026-06-21 13:52:51,Organic Search,iOS,v2.5.3,Control_A,United States
usr_009851,2026-08-03,2026-08-03 01:56:53,Referral,Android,v2.5.3,Variant_B,United States
usr_009852,2026-06-01,2026-06-01 19:06:09,Organic Search,iOS,v2.5.2,Control_A,United Kingdom
usr_009853,2026-06-18,2026-06-18 16:21:23,Influencer Campaign,iOS,v2.5.1,Variant_B,Canada
usr_009854,2026-08-25,2026-08-25 04:59:19,Meta Ads (Instagram),iOS,v2.5.1,Variant_B,India
usr_009855,2026-07-22,2026-07-22 22:08:59,Organic Search,iOS,v2.5.1,Variant_B,India
usr_009856,2026-06-01,2026-06-01 01:52:20,Meta Ads (Instagram),Android,v2.5.1,Variant_B,Canada
usr_009857,2026-07-30,2026-07-30 07:07:14,Organic Search,Web,v3.1.0-web,Variant_B,United States
usr_009858,2026-07-29,2026-07-29 00:40:40,Paid Search (Google),Web,v3.1.0-web,Control_A,India
usr_009859,2026-08-29,2026-08-29 09:22:12,Meta Ads (Instagram),iOS,v2.5.1,Control_A,United Kingdom
usr_009860,2026-06-18,2026-06-18 20:54:36,Referral,iOS,v2.5.1,Variant_B,Germany
usr_009861,2026-07-19,2026-07-19 06:13:19,Meta Ads (Instagram),Android,v2.5.1,Variant_B,Germany
usr_009862,2026-06-06,2026-06-06 23:32:31,Meta Ads (Instagram),iOS,v2.5.1,Control_A,Germany
usr_009863,2026-08-14,2026-08-14 09:38:54,Meta Ads (Instagram),iOS,v2.5.3,Control_A,United States
usr_009864,2026-08-08,2026-08-08 09:46:21,Paid Search (Google),Android,v2.5.2,Control_A,Canada
usr_009865,2026-08-28,2026-08-28 16:10:10,Referral,Android,v2.5.3,Control_A,India
usr_009866,2026-08-23,2026-08-23 16:45:06,Paid Search (Google),iOS,v2.5.3,Control_A,United States
usr_009867,2026-06-30,2026-06-30 15:16:23,Paid Search (Google),iOS,v2.5.1,Variant_B,India
usr_009868,2026-06-17,2026-06-17 16:24:23,Meta Ads (Instagram),iOS,v2.5.1,Control_A,Canada
usr_009869,2026-08-05,2026-08-05 15:31:17,Meta Ads (Instagram),iOS,v2.5.2,Variant_B,Germany
usr_009870,2026-06-28,2026-06-28 15:55:10,Paid Search (Google),Android,v2.5.1,Control_A,Canada
usr_009871,2026-07-18,2026-07-18 14:06:26,Meta Ads (Instagram),Android,v2.5.1,Variant_B,United Kingdom
usr_009872,2026-08-22,2026-08-22 13:39:05,Meta Ads (Instagram),Android,v2.5.3,Control_A,Canada
usr_009873,2026-07-22,2026-07-22 00:31:30,Referral,iOS,v2.5.3,Variant_B,Germany
usr_009874,2026-07-02,2026-07-02 00:08:08,Meta Ads (Instagram),iOS,v2.5.3,Control_A,United Kingdom
usr_009875,2026-07-17,2026-07-17 06:37:11,Meta Ads (Instagram),iOS,v2.5.1,Variant_B,India
usr_009876,2026-06-15,2026-06-15 05:32:35,Meta Ads (Instagram),iOS,v2.5.2,Control_A,United States
usr_009877,2026-06-25,2026-06-25 00:41:23,Paid Search (Google),Android,v2.5.2,Variant_B,Canada
usr_009878,2026-07-07,2026-07-07 18:13:50,Meta Ads (Instagram),iOS,v2.5.3,Control_A,Canada
usr_009879,2026-08-29,2026-08-29 08:48:02,Meta Ads (Instagram),Android,v2.5.2,Variant_B,Canada
usr_009880,2026-07-05,2026-07-05 18:46:37,Paid Search (Google),iOS,v2.5.3,Variant_B,United Kingdom
usr_009881,2026-08-17,2026-08-17 03:44:24,Organic Search,iOS,v2.5.3,Variant_B,Germany
usr_009882,2026-06-07,2026-06-07 07:01:54,Referral,iOS,v2.5.3,Variant_B,United States
usr_009883,2026-06-30,2026-06-30 05:45:23,Influencer Campaign,iOS,v2.5.2,Control_A,Germany
usr_009884,2026-08-15,2026-08-15 18:15:23,Meta Ads (Instagram),iOS,v2.5.1,Variant_B,India
usr_009885,2026-06-04,2026-06-04 14:35:18,Meta Ads (Instagram),Android,v2.5.2,Control_A,United Kingdom
usr_009886,2026-07-23,2026-07-23 11:54:58,Referral,iOS,v2.5.3,Control_A,India
usr_009887,2026-08-02,2026-08-02 11:09:56,Referral,iOS,v2.5.2,Control_A,United States
usr_009888,2026-07-20,2026-07-20 16:10:26,Organic Search,Web,v3.1.0-web,Control_A,Canada
usr_009889,2026-06-06,2026-06-06 12:01:03,Meta Ads (Instagram),iOS,v2.5.2,Control_A,United States
usr_009890,2026-07-22,2026-07-22 01:52:54,Paid Search (Google),iOS,v2.5.3,Control_A,United Kingdom
usr_009891,2026-07-08,2026-07-08 03:05:46,Referral,iOS,v2.5.1,Control_A,Germany
usr_009892,2026-07-30,2026-07-30 05:09:43,Influencer Campaign,Android,v2.5.1,Variant_B,United States
usr_009893,2026-06-30,2026-06-30 07:21:35,Paid Search (Google),iOS,v2.5.3,Control_A,United Kingdom
usr_009894,2026-06-15,2026-06-15 03:08:00,Paid Search (Google),Android,v2.5.1,Variant_B,India
usr_009895,2026-07-25,2026-07-25 06:40:16,Influencer Campaign,Web,v3.1.0-web,Variant_B,Germany
usr_009896,2026-06-13,2026-06-13 20:50:04,Paid Search (Google),iOS,v2.5.2,Variant_B,United Kingdom
usr_009897,2026-08-18,2026-08-18 02:49:35,Paid Search (Google),Web,v3.1.0-web,Variant_B,India
usr_009898,2026-08-28,2026-08-28 05:48:39,Referral,Web,v3.1.0-web,Control_A,United Kingdom
usr_009899,2026-06-11,2026-06-11 13:31:29,Meta Ads (Instagram),Android,v2.5.2,Variant_B,United Kingdom
usr_009900,2026-07-08,2026-07-08 22:20:24,Organic Search,Android,v2.5.2,Variant_B,Germany
usr_009901,2026-07-03,2026-07-03 04:42:45,Meta Ads (Instagram),Android,v2.5.1,Control_A,Germany
usr_009902,2026-08-05,2026-08-05 02:18:17,Influencer Campaign,Android,v2.5.2,Control_A,United States
usr_009903,2026-06-07,2026-06-07 00:23:28,Organic Search,Android,v2.5.1,Control_A,United States
usr_009904,2026-07-01,2026-07-01 20:12:49,Meta Ads (Instagram),Android,v2.5.3,Variant_B,India
usr_009905,2026-08-05,2026-08-05 08:29:13,Paid Search (Google),Android,v2.5.2,Variant_B,United Kingdom
usr_009906,2026-06-26,2026-06-26 02:58:56,Organic Search,iOS,v2.5.1,Control_A,United Kingdom
usr_009907,2026-07-20,2026-07-20 21:28:32,Organic Search,Web,v3.1.0-web,Control_A,Canada
usr_009908,2026-06-15,2026-06-15 17:54:50,Meta Ads (Instagram),Android,v2.5.2,Control_A,Germany
usr_009909,2026-08-21,2026-08-21 16:50:31,Meta Ads (Instagram),Android,v2.5.1,Variant_B,Canada
usr_009910,2026-06-01,2026-06-01 01:23:04,Organic Search,iOS,v2.5.3,Variant_B,India
usr_009911,2026-07-31,2026-07-31 19:11:37,Paid Search (Google),Web,v3.1.0-web,Variant_B,Germany
usr_009912,2026-08-05,2026-08-05 18:41:07,Organic Search,iOS,v2.5.3,Variant_B,United Kingdom
usr_009913,2026-07-17,2026-07-17 15:58:12,Referral,Android,v2.5.3,Control_A,Germany
usr_009914,2026-06-16,2026-06-16 06:05:00,Meta Ads (Instagram),Android,v2.5.2,Control_A,Canada
usr_009915,2026-06-27,2026-06-27 17:17:08,Referral,iOS,v2.5.2,Control_A,India
usr_009916,2026-08-23,2026-08-23 14:16:29,Paid Search (Google),Android,v2.5.1,Control_A,United States
usr_009917,2026-08-01,2026-08-01 03:48:22,Meta Ads (Instagram),iOS,v2.5.2,Variant_B,United Kingdom
usr_009918,2026-08-12,2026-08-12 17:28:38,Organic Search,iOS,v2.5.3,Variant_B,United States
usr_009919,2026-06-27,2026-06-27 08:46:15,Organic Search,iOS,v2.5.1,Variant_B,India
usr_009920,2026-07-29,2026-07-29 16:42:52,Referral,Android,v2.5.3,Variant_B,Germany
usr_009921,2026-08-21,2026-08-21 22:26:39,Paid Search (Google),Android,v2.5.1,Variant_B,United Kingdom
usr_009922,2026-08-11,2026-08-11 07:00:34,Organic Search,Android,v2.5.1,Variant_B,Canada
usr_009923,2026-07-06,2026-07-06 09:23:15,Meta Ads (Instagram),Android,v2.5.1,Variant_B,United States
usr_009924,2026-08-14,2026-08-14 22:50:15,Organic Search,iOS,v2.5.3,Variant_B,Canada
usr_009925,2026-08-02,2026-08-02 15:51:43,Meta Ads (Instagram),Android,v2.5.3,Control_A,Canada
usr_009926,2026-07-05,2026-07-05 01:03:42,Referral,Android,v2.5.2,Variant_B,United Kingdom
usr_009927,2026-07-15,2026-07-15 15:43:09,Paid Search (Google),iOS,v2.5.3,Control_A,Canada
usr_009928,2026-08-06,2026-08-06 12:33:13,Organic Search,iOS,v2.5.2,Control_A,India
usr_009929,2026-08-17,2026-08-17 16:18:15,Meta Ads (Instagram),iOS,v2.5.2,Variant_B,Germany
usr_009930,2026-06-07,2026-06-07 02:07:49,Organic Search,Android,v2.5.2,Control_A,India
usr_009931,2026-08-21,2026-08-21 12:11:18,Referral,iOS,v2.5.2,Control_A,Germany
usr_009932,2026-06-13,2026-06-13 03:18:25,Meta Ads (Instagram),Android,v2.5.3,Variant_B,Germany
usr_009933,2026-06-11,2026-06-11 05:22:55,Paid Search (Google),iOS,v2.5.2,Variant_B,India
usr_009934,2026-07-24,2026-07-24 22:44:18,Referral,Android,v2.5.1,Control_A,Germany
usr_009935,2026-06-02,2026-06-02 13:52:31,Referral,Android,v2.5.3,Control_A,Canada
usr_009936,2026-07-23,2026-07-23 15:46:41,Influencer Campaign,Android,v2.5.2,Control_A,United States
usr_009937,2026-08-24,2026-08-24 23:58:36,Organic Search,Web,v3.1.0-web,Variant_B,Germany
usr_009938,2026-06-30,2026-06-30 02:49:18,Referral,Android,v2.5.3,Variant_B,Germany
usr_009939,2026-06-06,2026-06-06 22:35:22,Paid Search (Google),Web,v3.1.0-web,Control_A,Germany
usr_009940,2026-06-05,2026-06-05 04:25:54,Referral,iOS,v2.5.3,Variant_B,India
usr_009941,2026-07-04,2026-07-04 11:51:24,Referral,Web,v3.1.0-web,Variant_B,United States
usr_009942,2026-08-02,2026-08-02 19:38:23,Organic Search,iOS,v2.5.3,Control_A,United States
usr_009943,2026-06-09,2026-06-09 11:39:43,Paid Search (Google),Web,v3.1.0-web,Variant_B,Canada
usr_009944,2026-07-27,2026-07-27 18:09:54,Paid Search (Google),iOS,v2.5.3,Variant_B,United Kingdom
usr_009945,2026-08-05,2026-08-05 09:44:23,Meta Ads (Instagram),Android,v2.5.2,Control_A,Canada
usr_009946,2026-06-17,2026-06-17 11:30:20,Organic Search,iOS,v2.5.3,Variant_B,United Kingdom
usr_009947,2026-07-10,2026-07-10 22:36:47,Paid Search (Google),Web,v3.1.0-web,Variant_B,India
usr_009948,2026-06-13,2026-06-13 18:07:17,Meta Ads (Instagram),iOS,v2.5.3,Control_A,Germany
usr_009949,2026-07-15,2026-07-15 08:47:54,Paid Search (Google),Android,v2.5.2,Variant_B,Canada
usr_009950,2026-07-07,2026-07-07 04:16:07,Organic Search,Android,v2.5.3,Control_A,United Kingdom
usr_009951,2026-08-06,2026-08-06 22:56:53,Organic Search,iOS,v2.5.3,Variant_B,Germany
usr_009952,2026-06-19,2026-06-19 09:55:45,Referral,Android,v2.5.3,Control_A,United Kingdom
usr_009953,2026-08-23,2026-08-23 13:01:57,Meta Ads (Instagram),iOS,v2.5.3,Variant_B,United Kingdom
usr_009954,2026-08-27,2026-08-27 00:10:02,Organic Search,Android,v2.5.1,Variant_B,India
usr_009955,2026-08-19,2026-08-19 14:34:05,Influencer Campaign,iOS,v2.5.1,Control_A,United Kingdom
usr_009956,2026-08-18,2026-08-18 15:23:05,Meta Ads (Instagram),iOS,v2.5.2,Variant_B,United Kingdom
usr_009957,2026-07-12,2026-07-12 18:41:04,Meta Ads (Instagram),Android,v2.5.1,Variant_B,Germany
usr_009958,2026-08-03,2026-08-03 04:46:43,Paid Search (Google),iOS,v2.5.3,Variant_B,United Kingdom
usr_009959,2026-08-22,2026-08-22 19:35:31,Referral,Android,v2.5.1,Variant_B,Germany
usr_009960,2026-06-09,2026-06-09 20:42:34,Paid Search (Google),iOS,v2.5.3,Variant_B,United States
usr_009961,2026-07-19,2026-07-19 19:24:21,Referral,Android,v2.5.2,Control_A,United States
usr_009962,2026-08-09,2026-08-09 03:07:32,Meta Ads (Instagram),Android,v2.5.1,Variant_B,Germany
usr_009963,2026-08-21,2026-08-21 22:58:38,Organic Search,Android,v2.5.1,Control_A,United States
usr_009964,2026-06-19,2026-06-19 02:43:55,Meta Ads (Instagram),iOS,v2.5.3,Control_A,United States
usr_009965,2026-06-02,2026-06-02 13:56:35,Influencer Campaign,Android,v2.5.1,Variant_B,Canada
usr_009966,2026-08-11,2026-08-11 13:42:20,Paid Search (Google),iOS,v2.5.3,Variant_B,Germany
usr_009967,2026-06-18,2026-06-18 21:03:03,Meta Ads (Instagram),iOS,v2.5.3,Control_A,India
usr_009968,2026-06-25,2026-06-25 20:07:21,Referral,iOS,v2.5.1,Control_A,United States
usr_009969,2026-08-28,2026-08-28 07:59:34,Paid Search (Google),Android,v2.5.3,Control_A,United Kingdom
usr_009970,2026-07-05,2026-07-05 20:41:58,Meta Ads (Instagram),Android,v2.5.3,Control_A,United Kingdom
usr_009971,2026-06-08,2026-06-08 23:28:11,Organic Search,iOS,v2.5.1,Variant_B,Canada
usr_009972,2026-07-20,2026-07-20 10:43:58,Meta Ads (Instagram),Android,v2.5.2,Variant_B,United Kingdom
usr_009973,2026-08-15,2026-08-15 14:17:51,Paid Search (Google),iOS,v2.5.1,Variant_B,United Kingdom
usr_009974,2026-07-27,2026-07-27 07:49:53,Paid Search (Google),Android,v2.5.1,Control_A,United States
usr_009975,2026-07-29,2026-07-29 19:37:27,Paid Search (Google),iOS,v2.5.2,Control_A,United States
usr_009976,2026-08-15,2026-08-15 09:44:23,Meta Ads (Instagram),Android,v2.5.3,Control_A,Germany
usr_009977,2026-06-20,2026-06-20 05:35:53,Influencer Campaign,Android,v2.5.1,Control_A,United Kingdom
usr_009978,2026-08-19,2026-08-19 15:01:22,Organic Search,Web,v3.1.0-web,Control_A,Germany
usr_009979,2026-06-12,2026-06-12 20:23:06,Paid Search (Google),Android,v2.5.1,Variant_B,India
usr_009980,2026-06-10,2026-06-10 19:13:57,Organic Search,Android,v2.5.1,Control_A,United States
usr_009981,2026-08-22,2026-08-22 14:46:48,Paid Search (Google),Android,v2.5.1,Control_A,Canada
usr_009982,2026-07-13,2026-07-13 00:28:40,Organic Search,Android,v2.5.2,Variant_B,Germany
usr_009983,2026-08-03,2026-08-03 18:44:51,Meta Ads (Instagram),Android,v2.5.2,Control_A,India
usr_009984,2026-06-20,2026-06-20 12:09:31,Organic Search,Web,v3.1.0-web,Variant_B,United States
usr_009985,2026-07-19,2026-07-19 05:18:22,Influencer Campaign,Android,v2.5.1,Variant_B,Canada
usr_009986,2026-07-18,2026-07-18 21:26:02,Influencer Campaign,iOS,v2.5.3,Control_A,Canada
usr_009987,2026-08-01,2026-08-01 06:03:14,Paid Search (Google),Android,v2.5.2,Control_A,Germany
usr_009988,2026-08-12,2026-08-12 11:57:18,Paid Search (Google),Web,v3.1.0-web,Variant_B,Canada
usr_009989,2026-06-15,2026-06-15 15:31:45,Organic Search,iOS,v2.5.1,Variant_B,Germany
usr_009990,2026-08-06,2026-08-06 14:10:16,Influencer Campaign,Android,v2.5.1,Control_A,India
usr_009991,2026-07-13,2026-07-13 00:17:46,Meta Ads (Instagram),Web,v3.1.0-web,Variant_B,India
usr_009992,2026-07-01,2026-07-01 06:49:13,Meta Ads (Instagram),iOS,v2.5.2,Control_A,United Kingdom
usr_009993,2026-06-10,2026-06-10 17:51:57,Organic Search,Web,v3.1.0-web,Variant_B,Canada
usr_009994,2026-07-11,2026-07-11 19:02:34,Referral,Android,v2.5.2,Control_A,India
usr_009995,2026-07-13,2026-07-13 16:27:22,Paid Search (Google),iOS,v2.5.1,Variant_B,India
usr_009996,2026-08-14,2026-08-14 17:35:23,Meta Ads (Instagram),iOS,v2.5.1,Variant_B,India
usr_009997,2026-07-22,2026-07-22 05:16:47,Meta Ads (Instagram),iOS,v2.5.1,Variant_B,United States
usr_009998,2026-08-02,2026-08-02 15:28:12,Meta Ads (Instagram),Web,v3.1.0-web,Control_A,United States
usr_009999,2026-08-02,2026-08-02 18:03:34,Meta Ads (Instagram),iOS,v2.5.2,Control_A,United States
usr_010000,2026-08-24,2026-08-24 00:02:41,Meta Ads (Instagram),iOS,v2.5.2,Variant_B,United States
